case,level,backend,message,values
0,b'\x00',can_mock,Active,"{""fault_code"": ""0"", ""cycles"": ""64114"", ""bus_fault_reason"": """", ""period_us"": ""7465.675000"", ""max_abs_jitter_us"": ""33686.889000"", ""read_us"": ""3.378000"", ""write_us"": ""1.933000"", ""overruns"": ""65"", ""limited_commands"": ""2"", ""timing_dropped"": ""0""}"
0,b'\x00',can_mock,Active,"{""fault_code"": ""0"", ""cycles"": ""64124"", ""bus_fault_reason"": """", ""period_us"": ""10001.398000"", ""max_abs_jitter_us"": ""33686.889000"", ""read_us"": ""4.784000"", ""write_us"": ""2.542000"", ""overruns"": ""65"", ""limited_commands"": ""2"", ""timing_dropped"": ""0""}"
0,b'\x00',can_mock,Active,"{""fault_code"": ""0"", ""cycles"": ""64134"", ""bus_fault_reason"": """", ""period_us"": ""9888.713000"", ""max_abs_jitter_us"": ""33686.889000"", ""read_us"": ""3.790000"", ""write_us"": ""3.257000"", ""overruns"": ""65"", ""limited_commands"": ""2"", ""timing_dropped"": ""0""}"
0,b'\x00',can_mock,Active,"{""fault_code"": ""0"", ""cycles"": ""64144"", ""bus_fault_reason"": """", ""period_us"": ""10088.308000"", ""max_abs_jitter_us"": ""33686.889000"", ""read_us"": ""6.328000"", ""write_us"": ""4.042000"", ""overruns"": ""65"", ""limited_commands"": ""2"", ""timing_dropped"": ""0""}"
0,b'\x00',can_mock,Active,"{""fault_code"": ""0"", ""cycles"": ""64154"", ""bus_fault_reason"": """", ""period_us"": ""10005.682000"", ""max_abs_jitter_us"": ""33686.889000"", ""read_us"": ""3.540000"", ""write_us"": ""1.649000"", ""overruns"": ""65"", ""limited_commands"": ""2"", ""timing_dropped"": ""0""}"
0,b'\x00',can_mock,Active,"{""fault_code"": ""0"", ""cycles"": ""64164"", ""bus_fault_reason"": """", ""period_us"": ""10115.147000"", ""max_abs_jitter_us"": ""33686.889000"", ""read_us"": ""6.082000"", ""write_us"": ""2.067000"", ""overruns"": ""65"", ""limited_commands"": ""2"", ""timing_dropped"": ""0""}"
0,b'\x00',can_mock,Active,"{""fault_code"": ""0"", ""cycles"": ""64174"", ""bus_fault_reason"": """", ""period_us"": ""10193.519000"", ""max_abs_jitter_us"": ""33686.889000"", ""read_us"": ""6.953000"", ""write_us"": ""2.856000"", ""overruns"": ""65"", ""limited_commands"": ""2"", ""timing_dropped"": ""0""}"
0,b'\x00',can_mock,Active,"{""fault_code"": ""0"", ""cycles"": ""64184"", ""bus_fault_reason"": """", ""period_us"": ""9923.453000"", ""max_abs_jitter_us"": ""33686.889000"", ""read_us"": ""3.756000"", ""write_us"": ""4.592000"", ""overruns"": ""65"", ""limited_commands"": ""2"", ""timing_dropped"": ""0""}"
0,b'\x00',can_mock,Active,"{""fault_code"": ""0"", ""cycles"": ""64194"", ""bus_fault_reason"": """", ""period_us"": ""9940.072000"", ""max_abs_jitter_us"": ""33686.889000"", ""read_us"": ""29.836000"", ""write_us"": ""4.932000"", ""overruns"": ""65"", ""limited_commands"": ""2"", ""timing_dropped"": ""0""}"
0,b'\x00',can_mock,Active,"{""fault_code"": ""0"", ""cycles"": ""64204"", ""bus_fault_reason"": """", ""period_us"": ""9984.425000"", ""max_abs_jitter_us"": ""33686.889000"", ""read_us"": ""4.341000"", ""write_us"": ""3.122000"", ""overruns"": ""65"", ""limited_commands"": ""2"", ""timing_dropped"": ""0""}"
0,b'\x00',can_mock,Active,"{""fault_code"": ""0"", ""cycles"": ""64214"", ""bus_fault_reason"": """", ""period_us"": ""9964.477000"", ""max_abs_jitter_us"": ""33686.889000"", ""read_us"": ""3.964000"", ""write_us"": ""2.806000"", ""overruns"": ""65"", ""limited_commands"": ""2"", ""timing_dropped"": ""0""}"
0,b'\x00',can_mock,Active,"{""fault_code"": ""0"", ""cycles"": ""64224"", ""bus_fault_reason"": """", ""period_us"": ""10027.694000"", ""max_abs_jitter_us"": ""33686.889000"", ""read_us"": ""3.706000"", ""write_us"": ""2.027000"", ""overruns"": ""65"", ""limited_commands"": ""2"", ""timing_dropped"": ""0""}"
0,b'\x00',can_mock,Active,"{""fault_code"": ""0"", ""cycles"": ""64234"", ""bus_fault_reason"": """", ""period_us"": ""10229.118000"", ""max_abs_jitter_us"": ""33686.889000"", ""read_us"": ""5.892000"", ""write_us"": ""3.439000"", ""overruns"": ""65"", ""limited_commands"": ""2"", ""timing_dropped"": ""0""}"
0,b'\x00',can_mock,Active,"{""fault_code"": ""0"", ""cycles"": ""64244"", ""bus_fault_reason"": """", ""period_us"": ""9267.783000"", ""max_abs_jitter_us"": ""33686.889000"", ""read_us"": ""4.165000"", ""write_us"": ""4.297000"", ""overruns"": ""65"", ""limited_commands"": ""2"", ""timing_dropped"": ""0""}"
0,b'\x00',can_mock,Active,"{""fault_code"": ""0"", ""cycles"": ""64254"", ""bus_fault_reason"": """", ""period_us"": ""10633.591000"", ""max_abs_jitter_us"": ""33686.889000"", ""read_us"": ""5.488000"", ""write_us"": ""2.183000"", ""overruns"": ""65"", ""limited_commands"": ""2"", ""timing_dropped"": ""0""}"
0,b'\x00',can_mock,Active,"{""fault_code"": ""0"", ""cycles"": ""64264"", ""bus_fault_reason"": """", ""period_us"": ""9791.109000"", ""max_abs_jitter_us"": ""33686.889000"", ""read_us"": ""7.623000"", ""write_us"": ""3.673000"", ""overruns"": ""65"", ""limited_commands"": ""2"", ""timing_dropped"": ""0""}"
0,b'\x00',can_mock,Active,"{""fault_code"": ""0"", ""cycles"": ""64274"", ""bus_fault_reason"": """", ""period_us"": ""9855.369000"", ""max_abs_jitter_us"": ""33686.889000"", ""read_us"": ""8.533000"", ""write_us"": ""13.191000"", ""overruns"": ""65"", ""limited_commands"": ""2"", ""timing_dropped"": ""0""}"
0,b'\x00',can_mock,Active,"{""fault_code"": ""0"", ""cycles"": ""64284"", ""bus_fault_reason"": """", ""period_us"": ""9945.015000"", ""max_abs_jitter_us"": ""33686.889000"", ""read_us"": ""6.344000"", ""write_us"": ""4.195000"", ""overruns"": ""65"", ""limited_commands"": ""2"", ""timing_dropped"": ""0""}"
0,b'\x00',can_mock,Active,"{""fault_code"": ""0"", ""cycles"": ""64294"", ""bus_fault_reason"": """", ""period_us"": ""10104.694000"", ""max_abs_jitter_us"": ""33686.889000"", ""read_us"": ""6.369000"", ""write_us"": ""3.368000"", ""overruns"": ""65"", ""limited_commands"": ""2"", ""timing_dropped"": ""0""}"
0,b'\x00',can_mock,Active,"{""fault_code"": ""0"", ""cycles"": ""64304"", ""bus_fault_reason"": """", ""period_us"": ""10085.644000"", ""max_abs_jitter_us"": ""33686.889000"", ""read_us"": ""5.234000"", ""write_us"": ""3.479000"", ""overruns"": ""65"", ""limited_commands"": ""2"", ""timing_dropped"": ""0""}"
0,b'\x00',can_mock,Active,"{""fault_code"": ""0"", ""cycles"": ""64314"", ""bus_fault_reason"": """", ""period_us"": ""10234.308000"", ""max_abs_jitter_us"": ""33686.889000"", ""read_us"": ""31.971000"", ""write_us"": ""8.859000"", ""overruns"": ""65"", ""limited_commands"": ""2"", ""timing_dropped"": ""0""}"
0,b'\x00',can_mock,Active,"{""fault_code"": ""0"", ""cycles"": ""64325"", ""bus_fault_reason"": """", ""period_us"": ""11087.106000"", ""max_abs_jitter_us"": ""33686.889000"", ""read_us"": ""36.522000"", ""write_us"": ""3.691000"", ""overruns"": ""65"", ""limited_commands"": ""2"", ""timing_dropped"": ""0""}"
0,b'\x00',can_mock,Active,"{""fault_code"": ""0"", ""cycles"": ""64334"", ""bus_fault_reason"": """", ""period_us"": ""10225.181000"", ""max_abs_jitter_us"": ""33686.889000"", ""read_us"": ""69.647000"", ""write_us"": ""6.115000"", ""overruns"": ""65"", ""limited_commands"": ""2"", ""timing_dropped"": ""0""}"
0,b'\x00',can_mock,Active,"{""fault_code"": ""0"", ""cycles"": ""64344"", ""bus_fault_reason"": """", ""period_us"": ""10094.393000"", ""max_abs_jitter_us"": ""33686.889000"", ""read_us"": ""5.832000"", ""write_us"": ""3.868000"", ""overruns"": ""65"", ""limited_commands"": ""2"", ""timing_dropped"": ""0""}"
0,b'\x00',can_mock,Active,"{""fault_code"": ""0"", ""cycles"": ""64354"", ""bus_fault_reason"": """", ""period_us"": ""10189.116000"", ""max_abs_jitter_us"": ""33686.889000"", ""read_us"": ""5.368000"", ""write_us"": ""2.902000"", ""overruns"": ""65"", ""limited_commands"": ""2"", ""timing_dropped"": ""0""}"
0,b'\x00',can_mock,Active,"{""fault_code"": ""0"", ""cycles"": ""64365"", ""bus_fault_reason"": """", ""period_us"": ""9132.376000"", ""max_abs_jitter_us"": ""33686.889000"", ""read_us"": ""5.754000"", ""write_us"": ""4.240000"", ""overruns"": ""65"", ""limited_commands"": ""2"", ""timing_dropped"": ""0""}"
0,b'\x00',can_mock,Active,"{""fault_code"": ""0"", ""cycles"": ""64374"", ""bus_fault_reason"": """", ""period_us"": ""10276.725000"", ""max_abs_jitter_us"": ""33686.889000"", ""read_us"": ""7.094000"", ""write_us"": ""2.777000"", ""overruns"": ""65"", ""limited_commands"": ""2"", ""timing_dropped"": ""0""}"
0,b'\x00',can_mock,Active,"{""fault_code"": ""0"", ""cycles"": ""64384"", ""bus_fault_reason"": """", ""period_us"": ""10055.762000"", ""max_abs_jitter_us"": ""33686.889000"", ""read_us"": ""8.209000"", ""write_us"": ""4.279000"", ""overruns"": ""65"", ""limited_commands"": ""2"", ""timing_dropped"": ""0""}"
0,b'\x00',can_mock,Active,"{""fault_code"": ""0"", ""cycles"": ""64393"", ""bus_fault_reason"": """", ""period_us"": ""8182.148000"", ""max_abs_jitter_us"": ""33686.889000"", ""read_us"": ""7.352000"", ""write_us"": ""3.492000"", ""overruns"": ""65"", ""limited_commands"": ""2"", ""timing_dropped"": ""0""}"
0,b'\x00',can_mock,Active,"{""fault_code"": ""0"", ""cycles"": ""64404"", ""bus_fault_reason"": """", ""period_us"": ""10200.731000"", ""max_abs_jitter_us"": ""33686.889000"", ""read_us"": ""6.656000"", ""write_us"": ""3.045000"", ""overruns"": ""66"", ""limited_commands"": ""2"", ""timing_dropped"": ""0""}"
0,b'\x00',can_mock,Active,"{""fault_code"": ""0"", ""cycles"": ""64414"", ""bus_fault_reason"": """", ""period_us"": ""10970.494000"", ""max_abs_jitter_us"": ""33686.889000"", ""read_us"": ""8.872000"", ""write_us"": ""5.348000"", ""overruns"": ""66"", ""limited_commands"": ""2"", ""timing_dropped"": ""0""}"
0,b'\x00',can_mock,Active,"{""fault_code"": ""0"", ""cycles"": ""64424"", ""bus_fault_reason"": """", ""period_us"": ""9717.689000"", ""max_abs_jitter_us"": ""33686.889000"", ""read_us"": ""6.270000"", ""write_us"": ""2.674000"", ""overruns"": ""66"", ""limited_commands"": ""2"", ""timing_dropped"": ""0""}"
0,b'\x00',can_mock,Active,"{""fault_code"": ""0"", ""cycles"": ""64434"", ""bus_fault_reason"": """", ""period_us"": ""9984.331000"", ""max_abs_jitter_us"": ""33686.889000"", ""read_us"": ""6.866000"", ""write_us"": ""3.282000"", ""overruns"": ""66"", ""limited_commands"": ""2"", ""timing_dropped"": ""0""}"
0,b'\x00',can_mock,Active,"{""fault_code"": ""0"", ""cycles"": ""64444"", ""bus_fault_reason"": """", ""period_us"": ""10139.165000"", ""max_abs_jitter_us"": ""33686.889000"", ""read_us"": ""8.480000"", ""write_us"": ""5.783000"", ""overruns"": ""66"", ""limited_commands"": ""2"", ""timing_dropped"": ""0""}"
0,b'\x00',can_mock,Active,"{""fault_code"": ""0"", ""cycles"": ""64454"", ""bus_fault_reason"": """", ""period_us"": ""11488.470000"", ""max_abs_jitter_us"": ""33686.889000"", ""read_us"": ""5.240000"", ""write_us"": ""4.331000"", ""overruns"": ""66"", ""limited_commands"": ""2"", ""timing_dropped"": ""0""}"
0,b'\x00',can_mock,Active,"{""fault_code"": ""0"", ""cycles"": ""64464"", ""bus_fault_reason"": """", ""period_us"": ""9873.945000"", ""max_abs_jitter_us"": ""33686.889000"", ""read_us"": ""6.530000"", ""write_us"": ""3.245000"", ""overruns"": ""66"", ""limited_commands"": ""2"", ""timing_dropped"": ""0""}"
0,b'\x00',can_mock,Active,"{""fault_code"": ""0"", ""cycles"": ""64474"", ""bus_fault_reason"": """", ""period_us"": ""10023.190000"", ""max_abs_jitter_us"": ""33686.889000"", ""read_us"": ""8.288000"", ""write_us"": ""4.430000"", ""overruns"": ""66"", ""limited_commands"": ""2"", ""timing_dropped"": ""0""}"
0,b'\x00',can_mock,Active,"{""fault_code"": ""0"", ""cycles"": ""64484"", ""bus_fault_reason"": """", ""period_us"": ""9795.219000"", ""max_abs_jitter_us"": ""33686.889000"", ""read_us"": ""6.977000"", ""write_us"": ""3.796000"", ""overruns"": ""66"", ""limited_commands"": ""2"", ""timing_dropped"": ""0""}"
0,b'\x00',can_mock,Active,"{""fault_code"": ""0"", ""cycles"": ""64494"", ""bus_fault_reason"": """", ""period_us"": ""9970.848000"", ""max_abs_jitter_us"": ""33686.889000"", ""read_us"": ""6.915000"", ""write_us"": ""4.123000"", ""overruns"": ""66"", ""limited_commands"": ""2"", ""timing_dropped"": ""0""}"
0,b'\x00',can_mock,Active,"{""fault_code"": ""0"", ""cycles"": ""64504"", ""bus_fault_reason"": """", ""period_us"": ""9907.242000"", ""max_abs_jitter_us"": ""33686.889000"", ""read_us"": ""5.417000"", ""write_us"": ""3.631000"", ""overruns"": ""66"", ""limited_commands"": ""2"", ""timing_dropped"": ""0""}"
0,b'\x00',can_mock,Active,"{""fault_code"": ""0"", ""cycles"": ""64514"", ""bus_fault_reason"": """", ""period_us"": ""10397.214000"", ""max_abs_jitter_us"": ""33686.889000"", ""read_us"": ""6.982000"", ""write_us"": ""2.522000"", ""overruns"": ""66"", ""limited_commands"": ""2"", ""timing_dropped"": ""0""}"
0,b'\x00',can_mock,Active,"{""fault_code"": ""0"", ""cycles"": ""64524"", ""bus_fault_reason"": """", ""period_us"": ""10057.996000"", ""max_abs_jitter_us"": ""33686.889000"", ""read_us"": ""4.174000"", ""write_us"": ""1.413000"", ""overruns"": ""66"", ""limited_commands"": ""2"", ""timing_dropped"": ""0""}"
0,b'\x00',can_mock,Active,"{""fault_code"": ""0"", ""cycles"": ""64534"", ""bus_fault_reason"": """", ""period_us"": ""9888.402000"", ""max_abs_jitter_us"": ""33686.889000"", ""read_us"": ""5.552000"", ""write_us"": ""1.690000"", ""overruns"": ""66"", ""limited_commands"": ""2"", ""timing_dropped"": ""0""}"
0,b'\x00',can_mock,Active,"{""fault_code"": ""0"", ""cycles"": ""64544"", ""bus_fault_reason"": """", ""period_us"": ""10093.718000"", ""max_abs_jitter_us"": ""33686.889000"", ""read_us"": ""7.154000"", ""write_us"": ""3.793000"", ""overruns"": ""66"", ""limited_commands"": ""2"", ""timing_dropped"": ""0""}"
0,b'\x00',can_mock,Active,"{""fault_code"": ""0"", ""cycles"": ""64554"", ""bus_fault_reason"": """", ""period_us"": ""9758.627000"", ""max_abs_jitter_us"": ""33686.889000"", ""read_us"": ""5.297000"", ""write_us"": ""2.056000"", ""overruns"": ""66"", ""limited_commands"": ""2"", ""timing_dropped"": ""0""}"
0,b'\x00',can_mock,Active,"{""fault_code"": ""0"", ""cycles"": ""64564"", ""bus_fault_reason"": """", ""period_us"": ""9985.319000"", ""max_abs_jitter_us"": ""33686.889000"", ""read_us"": ""6.276000"", ""write_us"": ""3.080000"", ""overruns"": ""66"", ""limited_commands"": ""2"", ""timing_dropped"": ""0""}"
0,b'\x00',can_mock,Active,"{""fault_code"": ""0"", ""cycles"": ""64574"", ""bus_fault_reason"": """", ""period_us"": ""9990.392000"", ""max_abs_jitter_us"": ""33686.889000"", ""read_us"": ""6.511000"", ""write_us"": ""2.276000"", ""overruns"": ""66"", ""limited_commands"": ""2"", ""timing_dropped"": ""0""}"
0,b'\x00',can_mock,Active,"{""fault_code"": ""0"", ""cycles"": ""64584"", ""bus_fault_reason"": """", ""period_us"": ""10004.757000"", ""max_abs_jitter_us"": ""33686.889000"", ""read_us"": ""5.473000"", ""write_us"": ""5.711000"", ""overruns"": ""66"", ""limited_commands"": ""2"", ""timing_dropped"": ""0""}"
0,b'\x00',can_mock,Active,"{""fault_code"": ""0"", ""cycles"": ""64594"", ""bus_fault_reason"": """", ""period_us"": ""10003.282000"", ""max_abs_jitter_us"": ""33686.889000"", ""read_us"": ""6.375000"", ""write_us"": ""37.314000"", ""overruns"": ""66"", ""limited_commands"": ""2"", ""timing_dropped"": ""0""}"
0,b'\x00',can_mock,Active,"{""fault_code"": ""0"", ""cycles"": ""64604"", ""bus_fault_reason"": """", ""period_us"": ""10000.605000"", ""max_abs_jitter_us"": ""33686.889000"", ""read_us"": ""4.493000"", ""write_us"": ""86.710000"", ""overruns"": ""66"", ""limited_commands"": ""2"", ""timing_dropped"": ""0""}"
0,b'\x00',can_mock,Active,"{""fault_code"": ""0"", ""cycles"": ""64614"", ""bus_fault_reason"": """", ""period_us"": ""9601.420000"", ""max_abs_jitter_us"": ""33686.889000"", ""read_us"": ""4.125000"", ""write_us"": ""2.636000"", ""overruns"": ""66"", ""limited_commands"": ""2"", ""timing_dropped"": ""0""}"
0,b'\x00',can_mock,Active,"{""fault_code"": ""0"", ""cycles"": ""64624"", ""bus_fault_reason"": """", ""period_us"": ""10149.594000"", ""max_abs_jitter_us"": ""33686.889000"", ""read_us"": ""11.369000"", ""write_us"": ""2.467000"", ""overruns"": ""66"", ""limited_commands"": ""2"", ""timing_dropped"": ""0""}"
0,b'\x00',can_mock,Active,"{""fault_code"": ""0"", ""cycles"": ""64634"", ""bus_fault_reason"": """", ""period_us"": ""10080.796000"", ""max_abs_jitter_us"": ""33686.889000"", ""read_us"": ""4.470000"", ""write_us"": ""1.744000"", ""overruns"": ""66"", ""limited_commands"": ""2"", ""timing_dropped"": ""0""}"
0,b'\x00',can_mock,Active,"{""fault_code"": ""0"", ""cycles"": ""64644"", ""bus_fault_reason"": """", ""period_us"": ""10059.641000"", ""max_abs_jitter_us"": ""33686.889000"", ""read_us"": ""6.332000"", ""write_us"": ""4.047000"", ""overruns"": ""66"", ""limited_commands"": ""2"", ""timing_dropped"": ""0""}"
0,b'\x00',can_mock,Active,"{""fault_code"": ""0"", ""cycles"": ""64654"", ""bus_fault_reason"": """", ""period_us"": ""11473.524000"", ""max_abs_jitter_us"": ""33686.889000"", ""read_us"": ""3.559000"", ""write_us"": ""1.356000"", ""overruns"": ""66"", ""limited_commands"": ""2"", ""timing_dropped"": ""0""}"
0,b'\x00',can_mock,Active,"{""fault_code"": ""0"", ""cycles"": ""64664"", ""bus_fault_reason"": """", ""period_us"": ""10022.616000"", ""max_abs_jitter_us"": ""33686.889000"", ""read_us"": ""5.900000"", ""write_us"": ""1.428000"", ""overruns"": ""66"", ""limited_commands"": ""2"", ""timing_dropped"": ""0""}"
0,b'\x00',can_mock,Active,"{""fault_code"": ""0"", ""cycles"": ""64674"", ""bus_fault_reason"": """", ""period_us"": ""9740.708000"", ""max_abs_jitter_us"": ""33686.889000"", ""read_us"": ""6.890000"", ""write_us"": ""2.671000"", ""overruns"": ""66"", ""limited_commands"": ""2"", ""timing_dropped"": ""0""}"
0,b'\x00',can_mock,Active,"{""fault_code"": ""0"", ""cycles"": ""64684"", ""bus_fault_reason"": """", ""period_us"": ""9806.725000"", ""max_abs_jitter_us"": ""33686.889000"", ""read_us"": ""4.656000"", ""write_us"": ""3.161000"", ""overruns"": ""66"", ""limited_commands"": ""2"", ""timing_dropped"": ""0""}"
0,b'\x00',can_mock,Active,"{""fault_code"": ""0"", ""cycles"": ""64694"", ""bus_fault_reason"": """", ""period_us"": ""10036.295000"", ""max_abs_jitter_us"": ""33686.889000"", ""read_us"": ""4.143000"", ""write_us"": ""1.723000"", ""overruns"": ""66"", ""limited_commands"": ""2"", ""timing_dropped"": ""0""}"
0,b'\x00',can_mock,Active,"{""fault_code"": ""0"", ""cycles"": ""64704"", ""bus_fault_reason"": """", ""period_us"": ""10184.355000"", ""max_abs_jitter_us"": ""33686.889000"", ""read_us"": ""5.124000"", ""write_us"": ""1.451000"", ""overruns"": ""66"", ""limited_commands"": ""2"", ""timing_dropped"": ""0""}"
0,b'\x00',can_mock,Active,"{""fault_code"": ""0"", ""cycles"": ""64714"", ""bus_fault_reason"": """", ""period_us"": ""10003.632000"", ""max_abs_jitter_us"": ""33686.889000"", ""read_us"": ""5.494000"", ""write_us"": ""2.254000"", ""overruns"": ""66"", ""limited_commands"": ""2"", ""timing_dropped"": ""0""}"
0,b'\x00',can_mock,Active,"{""fault_code"": ""0"", ""cycles"": ""64724"", ""bus_fault_reason"": """", ""period_us"": ""10032.503000"", ""max_abs_jitter_us"": ""33686.889000"", ""read_us"": ""4.336000"", ""write_us"": ""1.711000"", ""overruns"": ""66"", ""limited_commands"": ""2"", ""timing_dropped"": ""0""}"
0,b'\x00',can_mock,Active,"{""fault_code"": ""0"", ""cycles"": ""64734"", ""bus_fault_reason"": """", ""period_us"": ""10024.003000"", ""max_abs_jitter_us"": ""33686.889000"", ""read_us"": ""5.655000"", ""write_us"": ""3.496000"", ""overruns"": ""66"", ""limited_commands"": ""2"", ""timing_dropped"": ""0""}"
0,b'\x00',can_mock,Active,"{""fault_code"": ""0"", ""cycles"": ""64744"", ""bus_fault_reason"": """", ""period_us"": ""10013.254000"", ""max_abs_jitter_us"": ""33686.889000"", ""read_us"": ""9.730000"", ""write_us"": ""3.001000"", ""overruns"": ""66"", ""limited_commands"": ""2"", ""timing_dropped"": ""0""}"
0,b'\x00',can_mock,Active,"{""fault_code"": ""0"", ""cycles"": ""64754"", ""bus_fault_reason"": """", ""period_us"": ""10056.815000"", ""max_abs_jitter_us"": ""33686.889000"", ""read_us"": ""13.426000"", ""write_us"": ""13.674000"", ""overruns"": ""66"", ""limited_commands"": ""2"", ""timing_dropped"": ""0""}"
0,b'\x00',can_mock,Active,"{""fault_code"": ""0"", ""cycles"": ""64764"", ""bus_fault_reason"": """", ""period_us"": ""10152.160000"", ""max_abs_jitter_us"": ""33686.889000"", ""read_us"": ""8.114000"", ""write_us"": ""2.954000"", ""overruns"": ""66"", ""limited_commands"": ""2"", ""timing_dropped"": ""0""}"
0,b'\x00',can_mock,Active,"{""fault_code"": ""0"", ""cycles"": ""64774"", ""bus_fault_reason"": """", ""period_us"": ""10555.300000"", ""max_abs_jitter_us"": ""33686.889000"", ""read_us"": ""42.544000"", ""write_us"": ""2.576000"", ""overruns"": ""66"", ""limited_commands"": ""2"", ""timing_dropped"": ""0""}"
0,b'\x00',can_mock,Active,"{""fault_code"": ""0"", ""cycles"": ""64784"", ""bus_fault_reason"": """", ""period_us"": ""9984.774000"", ""max_abs_jitter_us"": ""33686.889000"", ""read_us"": ""4.073000"", ""write_us"": ""1.868000"", ""overruns"": ""66"", ""limited_commands"": ""2"", ""timing_dropped"": ""0""}"
0,b'\x00',can_mock,Active,"{""fault_code"": ""0"", ""cycles"": ""64794"", ""bus_fault_reason"": """", ""period_us"": ""10257.389000"", ""max_abs_jitter_us"": ""33686.889000"", ""read_us"": ""16.965000"", ""write_us"": ""9.115000"", ""overruns"": ""66"", ""limited_commands"": ""2"", ""timing_dropped"": ""0""}"
0,b'\x00',can_mock,Active,"{""fault_code"": ""0"", ""cycles"": ""64804"", ""bus_fault_reason"": """", ""period_us"": ""9987.191000"", ""max_abs_jitter_us"": ""33686.889000"", ""read_us"": ""4.715000"", ""write_us"": ""2.259000"", ""overruns"": ""66"", ""limited_commands"": ""2"", ""timing_dropped"": ""0""}"
0,b'\x00',can_mock,Active,"{""fault_code"": ""0"", ""cycles"": ""64814"", ""bus_fault_reason"": """", ""period_us"": ""10186.241000"", ""max_abs_jitter_us"": ""33686.889000"", ""read_us"": ""4.453000"", ""write_us"": ""1.688000"", ""overruns"": ""66"", ""limited_commands"": ""2"", ""timing_dropped"": ""0""}"
0,b'\x00',can_mock,Active,"{""fault_code"": ""0"", ""cycles"": ""64824"", ""bus_fault_reason"": """", ""period_us"": ""9989.051000"", ""max_abs_jitter_us"": ""33686.889000"", ""read_us"": ""10.046000"", ""write_us"": ""4.852000"", ""overruns"": ""66"", ""limited_commands"": ""2"", ""timing_dropped"": ""0""}"
0,b'\x00',can_mock,Active,"{""fault_code"": ""0"", ""cycles"": ""64834"", ""bus_fault_reason"": """", ""period_us"": ""9997.793000"", ""max_abs_jitter_us"": ""33686.889000"", ""read_us"": ""6.062000"", ""write_us"": ""1.799000"", ""overruns"": ""66"", ""limited_commands"": ""2"", ""timing_dropped"": ""0""}"
0,b'\x00',can_mock,Active,"{""fault_code"": ""0"", ""cycles"": ""64844"", ""bus_fault_reason"": """", ""period_us"": ""9960.353000"", ""max_abs_jitter_us"": ""33686.889000"", ""read_us"": ""5.580000"", ""write_us"": ""1.721000"", ""overruns"": ""66"", ""limited_commands"": ""2"", ""timing_dropped"": ""0""}"
0,b'\x00',can_mock,Active,"{""fault_code"": ""0"", ""cycles"": ""64854"", ""bus_fault_reason"": """", ""period_us"": ""10348.789000"", ""max_abs_jitter_us"": ""33686.889000"", ""read_us"": ""41.522000"", ""write_us"": ""4.505000"", ""overruns"": ""66"", ""limited_commands"": ""2"", ""timing_dropped"": ""0""}"
0,b'\x00',can_mock,Active,"{""fault_code"": ""0"", ""cycles"": ""64864"", ""bus_fault_reason"": """", ""period_us"": ""10007.537000"", ""max_abs_jitter_us"": ""33686.889000"", ""read_us"": ""5.452000"", ""write_us"": ""2.333000"", ""overruns"": ""66"", ""limited_commands"": ""2"", ""timing_dropped"": ""0""}"
0,b'\x00',can_mock,Active,"{""fault_code"": ""0"", ""cycles"": ""64874"", ""bus_fault_reason"": """", ""period_us"": ""10413.545000"", ""max_abs_jitter_us"": ""33686.889000"", ""read_us"": ""5.062000"", ""write_us"": ""3.182000"", ""overruns"": ""66"", ""limited_commands"": ""2"", ""timing_dropped"": ""0""}"
0,b'\x00',can_mock,Active,"{""fault_code"": ""0"", ""cycles"": ""64884"", ""bus_fault_reason"": """", ""period_us"": ""10028.256000"", ""max_abs_jitter_us"": ""33686.889000"", ""read_us"": ""5.167000"", ""write_us"": ""3.299000"", ""overruns"": ""66"", ""limited_commands"": ""2"", ""timing_dropped"": ""0""}"
0,b'\x00',can_mock,Active,"{""fault_code"": ""0"", ""cycles"": ""64894"", ""bus_fault_reason"": """", ""period_us"": ""10173.010000"", ""max_abs_jitter_us"": ""33686.889000"", ""read_us"": ""4.158000"", ""write_us"": ""1.636000"", ""overruns"": ""66"", ""limited_commands"": ""2"", ""timing_dropped"": ""0""}"
0,b'\x00',can_mock,Active,"{""fault_code"": ""0"", ""cycles"": ""64904"", ""bus_fault_reason"": """", ""period_us"": ""9852.074000"", ""max_abs_jitter_us"": ""33686.889000"", ""read_us"": ""31.446000"", ""write_us"": ""10.896000"", ""overruns"": ""66"", ""limited_commands"": ""2"", ""timing_dropped"": ""0""}"
0,b'\x00',can_mock,Active,"{""fault_code"": ""0"", ""cycles"": ""64914"", ""bus_fault_reason"": """", ""period_us"": ""9944.365000"", ""max_abs_jitter_us"": ""33686.889000"", ""read_us"": ""5.579000"", ""write_us"": ""1.870000"", ""overruns"": ""66"", ""limited_commands"": ""2"", ""timing_dropped"": ""0""}"
0,b'\x00',can_mock,Active,"{""fault_code"": ""0"", ""cycles"": ""64924"", ""bus_fault_reason"": """", ""period_us"": ""10061.967000"", ""max_abs_jitter_us"": ""33686.889000"", ""read_us"": ""6.829000"", ""write_us"": ""3.624000"", ""overruns"": ""66"", ""limited_commands"": ""2"", ""timing_dropped"": ""0""}"
0,b'\x00',can_mock,Active,"{""fault_code"": ""0"", ""cycles"": ""64934"", ""bus_fault_reason"": """", ""period_us"": ""10050.557000"", ""max_abs_jitter_us"": ""33686.889000"", ""read_us"": ""5.773000"", ""write_us"": ""1.790000"", ""overruns"": ""66"", ""limited_commands"": ""2"", ""timing_dropped"": ""0""}"
0,b'\x00',can_mock,Active,"{""fault_code"": ""0"", ""cycles"": ""64944"", ""bus_fault_reason"": """", ""period_us"": ""9978.969000"", ""max_abs_jitter_us"": ""33686.889000"", ""read_us"": ""5.393000"", ""write_us"": ""4.768000"", ""overruns"": ""66"", ""limited_commands"": ""2"", ""timing_dropped"": ""0""}"
0,b'\x00',can_mock,Active,"{""fault_code"": ""0"", ""cycles"": ""64954"", ""bus_fault_reason"": """", ""period_us"": ""10201.566000"", ""max_abs_jitter_us"": ""33686.889000"", ""read_us"": ""31.378000"", ""write_us"": ""42.233000"", ""overruns"": ""66"", ""limited_commands"": ""2"", ""timing_dropped"": ""0""}"
0,b'\x00',can_mock,Active,"{""fault_code"": ""0"", ""cycles"": ""64964"", ""bus_fault_reason"": """", ""period_us"": ""9995.439000"", ""max_abs_jitter_us"": ""33686.889000"", ""read_us"": ""4.503000"", ""write_us"": ""1.774000"", ""overruns"": ""66"", ""limited_commands"": ""2"", ""timing_dropped"": ""0""}"
0,b'\x00',can_mock,Active,"{""fault_code"": ""0"", ""cycles"": ""64974"", ""bus_fault_reason"": """", ""period_us"": ""10039.675000"", ""max_abs_jitter_us"": ""33686.889000"", ""read_us"": ""5.207000"", ""write_us"": ""3.198000"", ""overruns"": ""66"", ""limited_commands"": ""2"", ""timing_dropped"": ""0""}"
0,b'\x00',can_mock,Active,"{""fault_code"": ""0"", ""cycles"": ""64984"", ""bus_fault_reason"": """", ""period_us"": ""10077.134000"", ""max_abs_jitter_us"": ""33686.889000"", ""read_us"": ""10.482000"", ""write_us"": ""1.988000"", ""overruns"": ""66"", ""limited_commands"": ""2"", ""timing_dropped"": ""0""}"
0,b'\x00',can_mock,Active,"{""fault_code"": ""0"", ""cycles"": ""64994"", ""bus_fault_reason"": """", ""period_us"": ""9953.362000"", ""max_abs_jitter_us"": ""33686.889000"", ""read_us"": ""5.258000"", ""write_us"": ""2.968000"", ""overruns"": ""66"", ""limited_commands"": ""2"", ""timing_dropped"": ""0""}"
0,b'\x00',can_mock,Active,"{""fault_code"": ""0"", ""cycles"": ""65004"", ""bus_fault_reason"": """", ""period_us"": ""9477.760000"", ""max_abs_jitter_us"": ""33686.889000"", ""read_us"": ""12.075000"", ""write_us"": ""9.472000"", ""overruns"": ""66"", ""limited_commands"": ""2"", ""timing_dropped"": ""0""}"
0,b'\x00',can_mock,Active,"{""fault_code"": ""0"", ""cycles"": ""65014"", ""bus_fault_reason"": """", ""period_us"": ""10078.735000"", ""max_abs_jitter_us"": ""33686.889000"", ""read_us"": ""11.699000"", ""write_us"": ""1.722000"", ""overruns"": ""66"", ""limited_commands"": ""2"", ""timing_dropped"": ""0""}"
0,b'\x00',can_mock,Active,"{""fault_code"": ""0"", ""cycles"": ""65024"", ""bus_fault_reason"": """", ""period_us"": ""12205.308000"", ""max_abs_jitter_us"": ""33686.889000"", ""read_us"": ""21.262000"", ""write_us"": ""3.996000"", ""overruns"": ""66"", ""limited_commands"": ""2"", ""timing_dropped"": ""0""}"
0,b'\x00',can_mock,Active,"{""fault_code"": ""0"", ""cycles"": ""65034"", ""bus_fault_reason"": """", ""period_us"": ""10048.218000"", ""max_abs_jitter_us"": ""33686.889000"", ""read_us"": ""4.298000"", ""write_us"": ""2.607000"", ""overruns"": ""66"", ""limited_commands"": ""2"", ""timing_dropped"": ""0""}"
0,b'\x00',can_mock,Active,"{""fault_code"": ""0"", ""cycles"": ""65044"", ""bus_fault_reason"": """", ""period_us"": ""10444.221000"", ""max_abs_jitter_us"": ""33686.889000"", ""read_us"": ""5.250000"", ""write_us"": ""2.691000"", ""overruns"": ""66"", ""limited_commands"": ""2"", ""timing_dropped"": ""0""}"
0,b'\x00',can_mock,Active,"{""fault_code"": ""0"", ""cycles"": ""65054"", ""bus_fault_reason"": """", ""period_us"": ""9974.871000"", ""max_abs_jitter_us"": ""33686.889000"", ""read_us"": ""6.179000"", ""write_us"": ""2.054000"", ""overruns"": ""66"", ""limited_commands"": ""2"", ""timing_dropped"": ""0""}"
0,b'\x00',can_mock,Active,"{""fault_code"": ""0"", ""cycles"": ""65064"", ""bus_fault_reason"": """", ""period_us"": ""9998.204000"", ""max_abs_jitter_us"": ""33686.889000"", ""read_us"": ""5.618000"", ""write_us"": ""1.720000"", ""overruns"": ""66"", ""limited_commands"": ""2"", ""timing_dropped"": ""0""}"
0,b'\x00',can_mock,Active,"{""fault_code"": ""0"", ""cycles"": ""65074"", ""bus_fault_reason"": """", ""period_us"": ""9867.129000"", ""max_abs_jitter_us"": ""33686.889000"", ""read_us"": ""7.086000"", ""write_us"": ""3.130000"", ""overruns"": ""66"", ""limited_commands"": ""2"", ""timing_dropped"": ""0""}"
0,b'\x00',can_mock,Active,"{""fault_code"": ""0"", ""cycles"": ""65084"", ""bus_fault_reason"": """", ""period_us"": ""10179.462000"", ""max_abs_jitter_us"": ""33686.889000"", ""read_us"": ""39.691000"", ""write_us"": ""3.741000"", ""overruns"": ""66"", ""limited_commands"": ""2"", ""timing_dropped"": ""0""}"
0,b'\x00',can_mock,Active,"{""fault_code"": ""0"", ""cycles"": ""65094"", ""bus_fault_reason"": """", ""period_us"": ""9893.510000"", ""max_abs_jitter_us"": ""33686.889000"", ""read_us"": ""4.175000"", ""write_us"": ""2.573000"", ""overruns"": ""66"", ""limited_commands"": ""2"", ""timing_dropped"": ""0""}"
0,b'\x00',can_mock,Active,"{""fault_code"": ""0"", ""cycles"": ""65104"", ""bus_fault_reason"": """", ""period_us"": ""9941.777000"", ""max_abs_jitter_us"": ""33686.889000"", ""read_us"": ""17.133000"", ""write_us"": ""4.212000"", ""overruns"": ""66"", ""limited_commands"": ""2"", ""timing_dropped"": ""0""}"
0,b'\x00',can_mock,Active,"{""fault_code"": ""0"", ""cycles"": ""65114"", ""bus_fault_reason"": """", ""period_us"": ""10014.993000"", ""max_abs_jitter_us"": ""33686.889000"", ""read_us"": ""4.614000"", ""write_us"": ""2.968000"", ""overruns"": ""66"", ""limited_commands"": ""2"", ""timing_dropped"": ""0""}"
0,b'\x00',can_mock,Active,"{""fault_code"": ""0"", ""cycles"": ""65124"", ""bus_fault_reason"": """", ""period_us"": ""10031.371000"", ""max_abs_jitter_us"": ""33686.889000"", ""read_us"": ""5.429000"", ""write_us"": ""2.872000"", ""overruns"": ""66"", ""limited_commands"": ""2"", ""timing_dropped"": ""0""}"
0,b'\x00',can_mock,Active,"{""fault_code"": ""0"", ""cycles"": ""65134"", ""bus_fault_reason"": """", ""period_us"": ""10052.584000"", ""max_abs_jitter_us"": ""33686.889000"", ""read_us"": ""6.267000"", ""write_us"": ""3.675000"", ""overruns"": ""66"", ""limited_commands"": ""2"", ""timing_dropped"": ""0""}"
0,b'\x00',can_mock,Active,"{""fault_code"": ""0"", ""cycles"": ""65144"", ""bus_fault_reason"": """", ""period_us"": ""9992.188000"", ""max_abs_jitter_us"": ""33686.889000"", ""read_us"": ""5.150000"", ""write_us"": ""1.984000"", ""overruns"": ""66"", ""limited_commands"": ""2"", ""timing_dropped"": ""0""}"
0,b'\x00',can_mock,Active,"{""fault_code"": ""0"", ""cycles"": ""65154"", ""bus_fault_reason"": """", ""period_us"": ""9634.017000"", ""max_abs_jitter_us"": ""33686.889000"", ""read_us"": ""4.980000"", ""write_us"": ""2.005000"", ""overruns"": ""66"", ""limited_commands"": ""2"", ""timing_dropped"": ""0""}"
0,b'\x00',can_mock,Active,"{""fault_code"": ""0"", ""cycles"": ""65164"", ""bus_fault_reason"": """", ""period_us"": ""9430.012000"", ""max_abs_jitter_us"": ""33686.889000"", ""read_us"": ""4.213000"", ""write_us"": ""3.113000"", ""overruns"": ""66"", ""limited_commands"": ""2"", ""timing_dropped"": ""0""}"
0,b'\x00',can_mock,Active,"{""fault_code"": ""0"", ""cycles"": ""65174"", ""bus_fault_reason"": """", ""period_us"": ""10276.321000"", ""max_abs_jitter_us"": ""33686.889000"", ""read_us"": ""32.800000"", ""write_us"": ""5.119000"", ""overruns"": ""66"", ""limited_commands"": ""2"", ""timing_dropped"": ""0""}"
0,b'\x00',can_mock,Active,"{""fault_code"": ""0"", ""cycles"": ""65184"", ""bus_fault_reason"": """", ""period_us"": ""10022.555000"", ""max_abs_jitter_us"": ""33686.889000"", ""read_us"": ""4.809000"", ""write_us"": ""2.355000"", ""overruns"": ""66"", ""limited_commands"": ""2"", ""timing_dropped"": ""0""}"
0,b'\x00',can_mock,Active,"{""fault_code"": ""0"", ""cycles"": ""65194"", ""bus_fault_reason"": """", ""period_us"": ""9982.890000"", ""max_abs_jitter_us"": ""33686.889000"", ""read_us"": ""5.077000"", ""write_us"": ""1.840000"", ""overruns"": ""66"", ""limited_commands"": ""2"", ""timing_dropped"": ""0""}"
0,b'\x00',can_mock,Active,"{""fault_code"": ""0"", ""cycles"": ""65204"", ""bus_fault_reason"": """", ""period_us"": ""10068.838000"", ""max_abs_jitter_us"": ""33686.889000"", ""read_us"": ""4.000000"", ""write_us"": ""2.110000"", ""overruns"": ""66"", ""limited_commands"": ""2"", ""timing_dropped"": ""0""}"
0,b'\x00',can_mock,Active,"{""fault_code"": ""0"", ""cycles"": ""65214"", ""bus_fault_reason"": """", ""period_us"": ""9763.250000"", ""max_abs_jitter_us"": ""33686.889000"", ""read_us"": ""4.112000"", ""write_us"": ""1.891000"", ""overruns"": ""66"", ""limited_commands"": ""2"", ""timing_dropped"": ""0""}"
0,b'\x00',can_mock,Active,"{""fault_code"": ""0"", ""cycles"": ""65224"", ""bus_fault_reason"": """", ""period_us"": ""9944.696000"", ""max_abs_jitter_us"": ""33686.889000"", ""read_us"": ""13.411000"", ""write_us"": ""3.857000"", ""overruns"": ""66"", ""limited_commands"": ""2"", ""timing_dropped"": ""0""}"
0,b'\x00',can_mock,Active,"{""fault_code"": ""0"", ""cycles"": ""65234"", ""bus_fault_reason"": """", ""period_us"": ""9988.461000"", ""max_abs_jitter_us"": ""33686.889000"", ""read_us"": ""32.293000"", ""write_us"": ""8.961000"", ""overruns"": ""66"", ""limited_commands"": ""2"", ""timing_dropped"": ""0""}"
0,b'\x00',can_mock,Active,"{""fault_code"": ""0"", ""cycles"": ""65244"", ""bus_fault_reason"": """", ""period_us"": ""9943.140000"", ""max_abs_jitter_us"": ""33686.889000"", ""read_us"": ""3.833000"", ""write_us"": ""1.565000"", ""overruns"": ""66"", ""limited_commands"": ""2"", ""timing_dropped"": ""0""}"
0,b'\x00',can_mock,Active,"{""fault_code"": ""0"", ""cycles"": ""65254"", ""bus_fault_reason"": """", ""period_us"": ""10231.092000"", ""max_abs_jitter_us"": ""33686.889000"", ""read_us"": ""39.223000"", ""write_us"": ""3.589000"", ""overruns"": ""66"", ""limited_commands"": ""2"", ""timing_dropped"": ""0""}"
0,b'\x00',can_mock,Active,"{""fault_code"": ""0"", ""cycles"": ""65264"", ""bus_fault_reason"": """", ""period_us"": ""10021.492000"", ""max_abs_jitter_us"": ""33686.889000"", ""read_us"": ""8.281000"", ""write_us"": ""3.814000"", ""overruns"": ""66"", ""limited_commands"": ""2"", ""timing_dropped"": ""0""}"
0,b'\x00',can_mock,Active,"{""fault_code"": ""0"", ""cycles"": ""65274"", ""bus_fault_reason"": """", ""period_us"": ""9983.692000"", ""max_abs_jitter_us"": ""33686.889000"", ""read_us"": ""4.101000"", ""write_us"": ""4.741000"", ""overruns"": ""66"", ""limited_commands"": ""2"", ""timing_dropped"": ""0""}"
0,b'\x00',can_mock,Active,"{""fault_code"": ""0"", ""cycles"": ""65284"", ""bus_fault_reason"": """", ""period_us"": ""10075.782000"", ""max_abs_jitter_us"": ""33686.889000"", ""read_us"": ""6.394000"", ""write_us"": ""3.335000"", ""overruns"": ""66"", ""limited_commands"": ""2"", ""timing_dropped"": ""0""}"
0,b'\x00',can_mock,Active,"{""fault_code"": ""0"", ""cycles"": ""65294"", ""bus_fault_reason"": """", ""period_us"": ""10778.034000"", ""max_abs_jitter_us"": ""33686.889000"", ""read_us"": ""4.096000"", ""write_us"": ""2.797000"", ""overruns"": ""66"", ""limited_commands"": ""2"", ""timing_dropped"": ""0""}"
0,b'\x00',can_mock,Active,"{""fault_code"": ""0"", ""cycles"": ""65304"", ""bus_fault_reason"": """", ""period_us"": ""10051.772000"", ""max_abs_jitter_us"": ""33686.889000"", ""read_us"": ""4.438000"", ""write_us"": ""2.655000"", ""overruns"": ""66"", ""limited_commands"": ""2"", ""timing_dropped"": ""0""}"
0,b'\x00',can_mock,Active,"{""fault_code"": ""0"", ""cycles"": ""65314"", ""bus_fault_reason"": """", ""period_us"": ""9971.990000"", ""max_abs_jitter_us"": ""33686.889000"", ""read_us"": ""3.537000"", ""write_us"": ""1.765000"", ""overruns"": ""66"", ""limited_commands"": ""2"", ""timing_dropped"": ""0""}"
0,b'\x00',can_mock,Active,"{""fault_code"": ""0"", ""cycles"": ""65324"", ""bus_fault_reason"": """", ""period_us"": ""10143.613000"", ""max_abs_jitter_us"": ""33686.889000"", ""read_us"": ""17.657000"", ""write_us"": ""17.256000"", ""overruns"": ""66"", ""limited_commands"": ""2"", ""timing_dropped"": ""0""}"
0,b'\x00',can_mock,Active,"{""fault_code"": ""0"", ""cycles"": ""65334"", ""bus_fault_reason"": """", ""period_us"": ""11084.569000"", ""max_abs_jitter_us"": ""33686.889000"", ""read_us"": ""3.778000"", ""write_us"": ""2.035000"", ""overruns"": ""66"", ""limited_commands"": ""2"", ""timing_dropped"": ""0""}"
0,b'\x00',can_mock,Active,"{""fault_code"": ""0"", ""cycles"": ""65344"", ""bus_fault_reason"": """", ""period_us"": ""9994.213000"", ""max_abs_jitter_us"": ""33686.889000"", ""read_us"": ""5.291000"", ""write_us"": ""2.138000"", ""overruns"": ""66"", ""limited_commands"": ""2"", ""timing_dropped"": ""0""}"
0,b'\x00',can_mock,Active,"{""fault_code"": ""0"", ""cycles"": ""65354"", ""bus_fault_reason"": """", ""period_us"": ""9968.319000"", ""max_abs_jitter_us"": ""33686.889000"", ""read_us"": ""4.671000"", ""write_us"": ""3.123000"", ""overruns"": ""66"", ""limited_commands"": ""2"", ""timing_dropped"": ""0""}"
0,b'\x00',can_mock,Active,"{""fault_code"": ""0"", ""cycles"": ""65364"", ""bus_fault_reason"": """", ""period_us"": ""10294.900000"", ""max_abs_jitter_us"": ""33686.889000"", ""read_us"": ""30.124000"", ""write_us"": ""3.279000"", ""overruns"": ""66"", ""limited_commands"": ""2"", ""timing_dropped"": ""0""}"
0,b'\x00',can_mock,Active,"{""fault_code"": ""0"", ""cycles"": ""65374"", ""bus_fault_reason"": """", ""period_us"": ""10211.907000"", ""max_abs_jitter_us"": ""33686.889000"", ""read_us"": ""4.260000"", ""write_us"": ""2.600000"", ""overruns"": ""66"", ""limited_commands"": ""2"", ""timing_dropped"": ""0""}"
0,b'\x00',can_mock,Active,"{""fault_code"": ""0"", ""cycles"": ""65384"", ""bus_fault_reason"": """", ""period_us"": ""10011.506000"", ""max_abs_jitter_us"": ""33686.889000"", ""read_us"": ""6.875000"", ""write_us"": ""1.666000"", ""overruns"": ""66"", ""limited_commands"": ""2"", ""timing_dropped"": ""0""}"
0,b'\x00',can_mock,Active,"{""fault_code"": ""0"", ""cycles"": ""65394"", ""bus_fault_reason"": """", ""period_us"": ""9994.141000"", ""max_abs_jitter_us"": ""33686.889000"", ""read_us"": ""4.454000"", ""write_us"": ""1.367000"", ""overruns"": ""66"", ""limited_commands"": ""2"", ""timing_dropped"": ""0""}"
1,b'\x00',can_mock,Active,"{""fault_code"": ""0"", ""cycles"": ""65404"", ""bus_fault_reason"": """", ""period_us"": ""9764.051000"", ""max_abs_jitter_us"": ""33686.889000"", ""read_us"": ""4.442000"", ""write_us"": ""2.136000"", ""overruns"": ""66"", ""limited_commands"": ""2"", ""timing_dropped"": ""0""}"
1,b'\x00',can_mock,Active,"{""fault_code"": ""0"", ""cycles"": ""65414"", ""bus_fault_reason"": """", ""period_us"": ""9830.402000"", ""max_abs_jitter_us"": ""33686.889000"", ""read_us"": ""13.615000"", ""write_us"": ""3.843000"", ""overruns"": ""66"", ""limited_commands"": ""2"", ""timing_dropped"": ""0""}"
1,b'\x00',can_mock,Active,"{""fault_code"": ""0"", ""cycles"": ""65424"", ""bus_fault_reason"": """", ""period_us"": ""9707.182000"", ""max_abs_jitter_us"": ""33686.889000"", ""read_us"": ""4.196000"", ""write_us"": ""3.104000"", ""overruns"": ""66"", ""limited_commands"": ""2"", ""timing_dropped"": ""0""}"
1,b'\x00',can_mock,Active,"{""fault_code"": ""0"", ""cycles"": ""65434"", ""bus_fault_reason"": """", ""period_us"": ""9961.000000"", ""max_abs_jitter_us"": ""33686.889000"", ""read_us"": ""12.576000"", ""write_us"": ""7.578000"", ""overruns"": ""66"", ""limited_commands"": ""2"", ""timing_dropped"": ""0""}"
1,b'\x00',can_mock,Active,"{""fault_code"": ""0"", ""cycles"": ""65444"", ""bus_fault_reason"": """", ""period_us"": ""9961.652000"", ""max_abs_jitter_us"": ""33686.889000"", ""read_us"": ""3.516000"", ""write_us"": ""1.867000"", ""overruns"": ""66"", ""limited_commands"": ""2"", ""timing_dropped"": ""0""}"
1,b'\x00',can_mock,Active,"{""fault_code"": ""0"", ""cycles"": ""65454"", ""bus_fault_reason"": """", ""period_us"": ""10162.349000"", ""max_abs_jitter_us"": ""33686.889000"", ""read_us"": ""13.245000"", ""write_us"": ""6.826000"", ""overruns"": ""66"", ""limited_commands"": ""2"", ""timing_dropped"": ""0""}"
1,b'\x00',can_mock,Active,"{""fault_code"": ""0"", ""cycles"": ""65464"", ""bus_fault_reason"": """", ""period_us"": ""9749.976000"", ""max_abs_jitter_us"": ""33686.889000"", ""read_us"": ""10.761000"", ""write_us"": ""3.207000"", ""overruns"": ""66"", ""limited_commands"": ""2"", ""timing_dropped"": ""0""}"
1,b'\x00',can_mock,Active,"{""fault_code"": ""0"", ""cycles"": ""65474"", ""bus_fault_reason"": """", ""period_us"": ""10363.253000"", ""max_abs_jitter_us"": ""33686.889000"", ""read_us"": ""8.948000"", ""write_us"": ""2.886000"", ""overruns"": ""66"", ""limited_commands"": ""2"", ""timing_dropped"": ""0""}"
1,b'\x00',can_mock,Active,"{""fault_code"": ""0"", ""cycles"": ""65484"", ""bus_fault_reason"": """", ""period_us"": ""9995.157000"", ""max_abs_jitter_us"": ""33686.889000"", ""read_us"": ""5.377000"", ""write_us"": ""8.717000"", ""overruns"": ""66"", ""limited_commands"": ""2"", ""timing_dropped"": ""0""}"
1,b'\x00',can_mock,Active,"{""fault_code"": ""0"", ""cycles"": ""65494"", ""bus_fault_reason"": """", ""period_us"": ""9911.608000"", ""max_abs_jitter_us"": ""33686.889000"", ""read_us"": ""3.874000"", ""write_us"": ""2.505000"", ""overruns"": ""66"", ""limited_commands"": ""2"", ""timing_dropped"": ""0""}"
1,b'\x00',can_mock,Active,"{""fault_code"": ""0"", ""cycles"": ""65504"", ""bus_fault_reason"": """", ""period_us"": ""9943.475000"", ""max_abs_jitter_us"": ""33686.889000"", ""read_us"": ""5.390000"", ""write_us"": ""1.648000"", ""overruns"": ""66"", ""limited_commands"": ""2"", ""timing_dropped"": ""0""}"
1,b'\x00',can_mock,Active,"{""fault_code"": ""0"", ""cycles"": ""65514"", ""bus_fault_reason"": """", ""period_us"": ""10019.599000"", ""max_abs_jitter_us"": ""33686.889000"", ""read_us"": ""8.415000"", ""write_us"": ""2.531000"", ""overruns"": ""66"", ""limited_commands"": ""2"", ""timing_dropped"": ""0""}"
1,b'\x00',can_mock,Active,"{""fault_code"": ""0"", ""cycles"": ""65524"", ""bus_fault_reason"": """", ""period_us"": ""10047.088000"", ""max_abs_jitter_us"": ""33686.889000"", ""read_us"": ""4.097000"", ""write_us"": ""2.085000"", ""overruns"": ""66"", ""limited_commands"": ""2"", ""timing_dropped"": ""0""}"
1,b'\x00',can_mock,Active,"{""fault_code"": ""0"", ""cycles"": ""65534"", ""bus_fault_reason"": """", ""period_us"": ""9954.518000"", ""max_abs_jitter_us"": ""33686.889000"", ""read_us"": ""4.465000"", ""write_us"": ""1.774000"", ""overruns"": ""66"", ""limited_commands"": ""2"", ""timing_dropped"": ""0""}"
1,b'\x00',can_mock,Active,"{""fault_code"": ""0"", ""cycles"": ""65544"", ""bus_fault_reason"": """", ""period_us"": ""10074.684000"", ""max_abs_jitter_us"": ""33686.889000"", ""read_us"": ""45.989000"", ""write_us"": ""21.396000"", ""overruns"": ""66"", ""limited_commands"": ""2"", ""timing_dropped"": ""0""}"
1,b'\x00',can_mock,Active,"{""fault_code"": ""0"", ""cycles"": ""65554"", ""bus_fault_reason"": """", ""period_us"": ""9942.348000"", ""max_abs_jitter_us"": ""33686.889000"", ""read_us"": ""6.927000"", ""write_us"": ""5.286000"", ""overruns"": ""66"", ""limited_commands"": ""2"", ""timing_dropped"": ""0""}"
1,b'\x00',can_mock,Active,"{""fault_code"": ""0"", ""cycles"": ""65564"", ""bus_fault_reason"": """", ""period_us"": ""10001.551000"", ""max_abs_jitter_us"": ""33686.889000"", ""read_us"": ""3.752000"", ""write_us"": ""2.147000"", ""overruns"": ""66"", ""limited_commands"": ""2"", ""timing_dropped"": ""0""}"
1,b'\x00',can_mock,Active,"{""fault_code"": ""0"", ""cycles"": ""65574"", ""bus_fault_reason"": """", ""period_us"": ""9999.335000"", ""max_abs_jitter_us"": ""33686.889000"", ""read_us"": ""3.686000"", ""write_us"": ""1.690000"", ""overruns"": ""66"", ""limited_commands"": ""2"", ""timing_dropped"": ""0""}"
1,b'\x00',can_mock,Active,"{""fault_code"": ""0"", ""cycles"": ""65584"", ""bus_fault_reason"": """", ""period_us"": ""9948.786000"", ""max_abs_jitter_us"": ""33686.889000"", ""read_us"": ""20.289000"", ""write_us"": ""4.706000"", ""overruns"": ""66"", ""limited_commands"": ""2"", ""timing_dropped"": ""0""}"
1,b'\x00',can_mock,Active,"{""fault_code"": ""0"", ""cycles"": ""65594"", ""bus_fault_reason"": """", ""period_us"": ""10112.542000"", ""max_abs_jitter_us"": ""33686.889000"", ""read_us"": ""4.286000"", ""write_us"": ""1.702000"", ""overruns"": ""66"", ""limited_commands"": ""2"", ""timing_dropped"": ""0""}"
1,b'\x00',can_mock,Active,"{""fault_code"": ""0"", ""cycles"": ""65604"", ""bus_fault_reason"": """", ""period_us"": ""9980.049000"", ""max_abs_jitter_us"": ""33686.889000"", ""read_us"": ""5.032000"", ""write_us"": ""3.356000"", ""overruns"": ""66"", ""limited_commands"": ""2"", ""timing_dropped"": ""0""}"
1,b'\x00',can_mock,Active,"{""fault_code"": ""0"", ""cycles"": ""65614"", ""bus_fault_reason"": """", ""period_us"": ""9938.245000"", ""max_abs_jitter_us"": ""33686.889000"", ""read_us"": ""13.669000"", ""write_us"": ""4.072000"", ""overruns"": ""66"", ""limited_commands"": ""2"", ""timing_dropped"": ""0""}"
1,b'\x00',can_mock,Active,"{""fault_code"": ""0"", ""cycles"": ""65624"", ""bus_fault_reason"": """", ""period_us"": ""9737.800000"", ""max_abs_jitter_us"": ""33686.889000"", ""read_us"": ""6.848000"", ""write_us"": ""2.528000"", ""overruns"": ""66"", ""limited_commands"": ""2"", ""timing_dropped"": ""0""}"
1,b'\x00',can_mock,Active,"{""fault_code"": ""0"", ""cycles"": ""65634"", ""bus_fault_reason"": """", ""period_us"": ""10089.914000"", ""max_abs_jitter_us"": ""33686.889000"", ""read_us"": ""6.046000"", ""write_us"": ""19.593000"", ""overruns"": ""66"", ""limited_commands"": ""2"", ""timing_dropped"": ""0""}"
1,b'\x00',can_mock,Active,"{""fault_code"": ""0"", ""cycles"": ""65644"", ""bus_fault_reason"": """", ""period_us"": ""9973.168000"", ""max_abs_jitter_us"": ""33686.889000"", ""read_us"": ""4.112000"", ""write_us"": ""1.338000"", ""overruns"": ""66"", ""limited_commands"": ""2"", ""timing_dropped"": ""0""}"
1,b'\x00',can_mock,Active,"{""fault_code"": ""0"", ""cycles"": ""65654"", ""bus_fault_reason"": """", ""period_us"": ""9991.443000"", ""max_abs_jitter_us"": ""33686.889000"", ""read_us"": ""13.214000"", ""write_us"": ""3.585000"", ""overruns"": ""66"", ""limited_commands"": ""2"", ""timing_dropped"": ""0""}"
1,b'\x00',can_mock,Active,"{""fault_code"": ""0"", ""cycles"": ""65664"", ""bus_fault_reason"": """", ""period_us"": ""10625.736000"", ""max_abs_jitter_us"": ""33686.889000"", ""read_us"": ""5.151000"", ""write_us"": ""2.317000"", ""overruns"": ""66"", ""limited_commands"": ""2"", ""timing_dropped"": ""0""}"
1,b'\x00',can_mock,Active,"{""fault_code"": ""0"", ""cycles"": ""65674"", ""bus_fault_reason"": """", ""period_us"": ""9970.716000"", ""max_abs_jitter_us"": ""33686.889000"", ""read_us"": ""3.820000"", ""write_us"": ""2.212000"", ""overruns"": ""66"", ""limited_commands"": ""2"", ""timing_dropped"": ""0""}"
1,b'\x00',can_mock,Active,"{""fault_code"": ""0"", ""cycles"": ""65684"", ""bus_fault_reason"": """", ""period_us"": ""9987.624000"", ""max_abs_jitter_us"": ""33686.889000"", ""read_us"": ""4.096000"", ""write_us"": ""1.466000"", ""overruns"": ""66"", ""limited_commands"": ""2"", ""timing_dropped"": ""0""}"
1,b'\x00',can_mock,Active,"{""fault_code"": ""0"", ""cycles"": ""65694"", ""bus_fault_reason"": """", ""period_us"": ""9787.928000"", ""max_abs_jitter_us"": ""33686.889000"", ""read_us"": ""4.729000"", ""write_us"": ""1.351000"", ""overruns"": ""66"", ""limited_commands"": ""2"", ""timing_dropped"": ""0""}"
1,b'\x00',can_mock,Active,"{""fault_code"": ""0"", ""cycles"": ""65704"", ""bus_fault_reason"": """", ""period_us"": ""10224.983000"", ""max_abs_jitter_us"": ""33686.889000"", ""read_us"": ""9.115000"", ""write_us"": ""2.167000"", ""overruns"": ""66"", ""limited_commands"": ""2"", ""timing_dropped"": ""0""}"
1,b'\x00',can_mock,Active,"{""fault_code"": ""0"", ""cycles"": ""65714"", ""bus_fault_reason"": """", ""period_us"": ""9948.513000"", ""max_abs_jitter_us"": ""33686.889000"", ""read_us"": ""4.031000"", ""write_us"": ""4.869000"", ""overruns"": ""66"", ""limited_commands"": ""2"", ""timing_dropped"": ""0""}"
1,b'\x00',can_mock,Active,"{""fault_code"": ""0"", ""cycles"": ""65724"", ""bus_fault_reason"": """", ""period_us"": ""10023.441000"", ""max_abs_jitter_us"": ""33686.889000"", ""read_us"": ""3.893000"", ""write_us"": ""1.942000"", ""overruns"": ""66"", ""limited_commands"": ""2"", ""timing_dropped"": ""0""}"
1,b'\x00',can_mock,Active,"{""fault_code"": ""0"", ""cycles"": ""65734"", ""bus_fault_reason"": """", ""period_us"": ""10158.149000"", ""max_abs_jitter_us"": ""33686.889000"", ""read_us"": ""37.929000"", ""write_us"": ""12.253000"", ""overruns"": ""66"", ""limited_commands"": ""2"", ""timing_dropped"": ""0""}"
1,b'\x00',can_mock,Active,"{""fault_code"": ""0"", ""cycles"": ""65744"", ""bus_fault_reason"": """", ""period_us"": ""10018.365000"", ""max_abs_jitter_us"": ""33686.889000"", ""read_us"": ""6.711000"", ""write_us"": ""2.511000"", ""overruns"": ""66"", ""limited_commands"": ""2"", ""timing_dropped"": ""0""}"
1,b'\x00',can_mock,Active,"{""fault_code"": ""0"", ""cycles"": ""65754"", ""bus_fault_reason"": """", ""period_us"": ""11423.773000"", ""max_abs_jitter_us"": ""33686.889000"", ""read_us"": ""30.990000"", ""write_us"": ""6.383000"", ""overruns"": ""66"", ""limited_commands"": ""2"", ""timing_dropped"": ""0""}"
1,b'\x00',can_mock,Active,"{""fault_code"": ""0"", ""cycles"": ""65764"", ""bus_fault_reason"": """", ""period_us"": ""10076.901000"", ""max_abs_jitter_us"": ""33686.889000"", ""read_us"": ""4.010000"", ""write_us"": ""1.799000"", ""overruns"": ""66"", ""limited_commands"": ""2"", ""timing_dropped"": ""0""}"
1,b'\x00',can_mock,Active,"{""fault_code"": ""0"", ""cycles"": ""65774"", ""bus_fault_reason"": """", ""period_us"": ""10283.227000"", ""max_abs_jitter_us"": ""33686.889000"", ""read_us"": ""18.052000"", ""write_us"": ""1.769000"", ""overruns"": ""66"", ""limited_commands"": ""2"", ""timing_dropped"": ""0""}"
1,b'\x00',can_mock,Active,"{""fault_code"": ""0"", ""cycles"": ""65784"", ""bus_fault_reason"": """", ""period_us"": ""10047.496000"", ""max_abs_jitter_us"": ""33686.889000"", ""read_us"": ""4.425000"", ""write_us"": ""2.342000"", ""overruns"": ""66"", ""limited_commands"": ""2"", ""timing_dropped"": ""0""}"
1,b'\x00',can_mock,Active,"{""fault_code"": ""0"", ""cycles"": ""65794"", ""bus_fault_reason"": """", ""period_us"": ""10152.001000"", ""max_abs_jitter_us"": ""33686.889000"", ""read_us"": ""43.128000"", ""write_us"": ""3.990000"", ""overruns"": ""66"", ""limited_commands"": ""2"", ""timing_dropped"": ""0""}"
1,b'\x00',can_mock,Active,"{""fault_code"": ""0"", ""cycles"": ""65804"", ""bus_fault_reason"": """", ""period_us"": ""10094.626000"", ""max_abs_jitter_us"": ""33686.889000"", ""read_us"": ""104.104000"", ""write_us"": ""2.344000"", ""overruns"": ""66"", ""limited_commands"": ""2"", ""timing_dropped"": ""0""}"
1,b'\x00',can_mock,Active,"{""fault_code"": ""0"", ""cycles"": ""65814"", ""bus_fault_reason"": """", ""period_us"": ""10136.674000"", ""max_abs_jitter_us"": ""33686.889000"", ""read_us"": ""4.763000"", ""write_us"": ""3.319000"", ""overruns"": ""66"", ""limited_commands"": ""2"", ""timing_dropped"": ""0""}"
1,b'\x00',can_mock,Active,"{""fault_code"": ""0"", ""cycles"": ""65824"", ""bus_fault_reason"": """", ""period_us"": ""9952.614000"", ""max_abs_jitter_us"": ""33686.889000"", ""read_us"": ""6.154000"", ""write_us"": ""2.200000"", ""overruns"": ""66"", ""limited_commands"": ""2"", ""timing_dropped"": ""0""}"
1,b'\x00',can_mock,Active,"{""fault_code"": ""0"", ""cycles"": ""65834"", ""bus_fault_reason"": """", ""period_us"": ""10075.005000"", ""max_abs_jitter_us"": ""33686.889000"", ""read_us"": ""9.902000"", ""write_us"": ""3.555000"", ""overruns"": ""66"", ""limited_commands"": ""2"", ""timing_dropped"": ""0""}"
1,b'\x00',can_mock,Active,"{""fault_code"": ""0"", ""cycles"": ""65844"", ""bus_fault_reason"": """", ""period_us"": ""10273.028000"", ""max_abs_jitter_us"": ""33686.889000"", ""read_us"": ""5.376000"", ""write_us"": ""3.630000"", ""overruns"": ""66"", ""limited_commands"": ""2"", ""timing_dropped"": ""0""}"
1,b'\x00',can_mock,Active,"{""fault_code"": ""0"", ""cycles"": ""65854"", ""bus_fault_reason"": """", ""period_us"": ""11071.896000"", ""max_abs_jitter_us"": ""33686.889000"", ""read_us"": ""5.888000"", ""write_us"": ""2.856000"", ""overruns"": ""66"", ""limited_commands"": ""2"", ""timing_dropped"": ""0""}"
1,b'\x00',can_mock,Active,"{""fault_code"": ""0"", ""cycles"": ""65864"", ""bus_fault_reason"": """", ""period_us"": ""9948.616000"", ""max_abs_jitter_us"": ""33686.889000"", ""read_us"": ""22.467000"", ""write_us"": ""4.357000"", ""overruns"": ""66"", ""limited_commands"": ""2"", ""timing_dropped"": ""0""}"
1,b'\x00',can_mock,Active,"{""fault_code"": ""0"", ""cycles"": ""65874"", ""bus_fault_reason"": """", ""period_us"": ""9664.332000"", ""max_abs_jitter_us"": ""33686.889000"", ""read_us"": ""4.175000"", ""write_us"": ""3.707000"", ""overruns"": ""66"", ""limited_commands"": ""2"", ""timing_dropped"": ""0""}"
1,b'\x00',can_mock,Active,"{""fault_code"": ""0"", ""cycles"": ""65884"", ""bus_fault_reason"": """", ""period_us"": ""10078.554000"", ""max_abs_jitter_us"": ""33686.889000"", ""read_us"": ""5.077000"", ""write_us"": ""2.369000"", ""overruns"": ""66"", ""limited_commands"": ""2"", ""timing_dropped"": ""0""}"
1,b'\x00',can_mock,Active,"{""fault_code"": ""0"", ""cycles"": ""65894"", ""bus_fault_reason"": """", ""period_us"": ""9990.299000"", ""max_abs_jitter_us"": ""33686.889000"", ""read_us"": ""4.515000"", ""write_us"": ""3.328000"", ""overruns"": ""66"", ""limited_commands"": ""2"", ""timing_dropped"": ""0""}"
1,b'\x00',can_mock,Active,"{""fault_code"": ""0"", ""cycles"": ""65904"", ""bus_fault_reason"": """", ""period_us"": ""10013.872000"", ""max_abs_jitter_us"": ""33686.889000"", ""read_us"": ""4.764000"", ""write_us"": ""1.682000"", ""overruns"": ""66"", ""limited_commands"": ""2"", ""timing_dropped"": ""0""}"
1,b'\x00',can_mock,Active,"{""fault_code"": ""0"", ""cycles"": ""65914"", ""bus_fault_reason"": """", ""period_us"": ""10003.997000"", ""max_abs_jitter_us"": ""33686.889000"", ""read_us"": ""4.318000"", ""write_us"": ""1.451000"", ""overruns"": ""66"", ""limited_commands"": ""2"", ""timing_dropped"": ""0""}"
1,b'\x00',can_mock,Active,"{""fault_code"": ""0"", ""cycles"": ""65924"", ""bus_fault_reason"": """", ""period_us"": ""10206.395000"", ""max_abs_jitter_us"": ""33686.889000"", ""read_us"": ""37.834000"", ""write_us"": ""3.959000"", ""overruns"": ""66"", ""limited_commands"": ""2"", ""timing_dropped"": ""0""}"
1,b'\x00',can_mock,Active,"{""fault_code"": ""0"", ""cycles"": ""65934"", ""bus_fault_reason"": """", ""period_us"": ""10032.876000"", ""max_abs_jitter_us"": ""33686.889000"", ""read_us"": ""3.976000"", ""write_us"": ""4.087000"", ""overruns"": ""66"", ""limited_commands"": ""2"", ""timing_dropped"": ""0""}"
1,b'\x00',can_mock,Active,"{""fault_code"": ""0"", ""cycles"": ""65944"", ""bus_fault_reason"": """", ""period_us"": ""9933.907000"", ""max_abs_jitter_us"": ""33686.889000"", ""read_us"": ""4.342000"", ""write_us"": ""2.212000"", ""overruns"": ""66"", ""limited_commands"": ""2"", ""timing_dropped"": ""0""}"
1,b'\x00',can_mock,Active,"{""fault_code"": ""0"", ""cycles"": ""65954"", ""bus_fault_reason"": """", ""period_us"": ""7926.766000"", ""max_abs_jitter_us"": ""33686.889000"", ""read_us"": ""51.280000"", ""write_us"": ""6.560000"", ""overruns"": ""66"", ""limited_commands"": ""2"", ""timing_dropped"": ""0""}"
1,b'\x00',can_mock,Active,"{""fault_code"": ""0"", ""cycles"": ""65964"", ""bus_fault_reason"": """", ""period_us"": ""10056.678000"", ""max_abs_jitter_us"": ""33686.889000"", ""read_us"": ""6.323000"", ""write_us"": ""3.582000"", ""overruns"": ""66"", ""limited_commands"": ""2"", ""timing_dropped"": ""0""}"
1,b'\x00',can_mock,Active,"{""fault_code"": ""0"", ""cycles"": ""65974"", ""bus_fault_reason"": """", ""period_us"": ""9996.555000"", ""max_abs_jitter_us"": ""33686.889000"", ""read_us"": ""6.087000"", ""write_us"": ""3.760000"", ""overruns"": ""66"", ""limited_commands"": ""2"", ""timing_dropped"": ""0""}"
1,b'\x00',can_mock,Active,"{""fault_code"": ""0"", ""cycles"": ""65984"", ""bus_fault_reason"": """", ""period_us"": ""10180.516000"", ""max_abs_jitter_us"": ""33686.889000"", ""read_us"": ""30.020000"", ""write_us"": ""3.752000"", ""overruns"": ""66"", ""limited_commands"": ""2"", ""timing_dropped"": ""0""}"
1,b'\x00',can_mock,Active,"{""fault_code"": ""0"", ""cycles"": ""65994"", ""bus_fault_reason"": """", ""period_us"": ""10007.084000"", ""max_abs_jitter_us"": ""33686.889000"", ""read_us"": ""152.687000"", ""write_us"": ""4.787000"", ""overruns"": ""66"", ""limited_commands"": ""2"", ""timing_dropped"": ""0""}"
1,b'\x00',can_mock,Active,"{""fault_code"": ""0"", ""cycles"": ""66004"", ""bus_fault_reason"": """", ""period_us"": ""9929.670000"", ""max_abs_jitter_us"": ""33686.889000"", ""read_us"": ""125.078000"", ""write_us"": ""4.616000"", ""overruns"": ""66"", ""limited_commands"": ""2"", ""timing_dropped"": ""0""}"
1,b'\x00',can_mock,Active,"{""fault_code"": ""0"", ""cycles"": ""66014"", ""bus_fault_reason"": """", ""period_us"": ""11449.781000"", ""max_abs_jitter_us"": ""33686.889000"", ""read_us"": ""4.953000"", ""write_us"": ""2.342000"", ""overruns"": ""66"", ""limited_commands"": ""2"", ""timing_dropped"": ""0""}"
1,b'\x00',can_mock,Active,"{""fault_code"": ""0"", ""cycles"": ""66024"", ""bus_fault_reason"": """", ""period_us"": ""10106.074000"", ""max_abs_jitter_us"": ""33686.889000"", ""read_us"": ""7.179000"", ""write_us"": ""4.833000"", ""overruns"": ""66"", ""limited_commands"": ""2"", ""timing_dropped"": ""0""}"
1,b'\x00',can_mock,Active,"{""fault_code"": ""0"", ""cycles"": ""66034"", ""bus_fault_reason"": """", ""period_us"": ""10003.396000"", ""max_abs_jitter_us"": ""33686.889000"", ""read_us"": ""6.750000"", ""write_us"": ""7.632000"", ""overruns"": ""66"", ""limited_commands"": ""2"", ""timing_dropped"": ""0""}"
1,b'\x00',can_mock,Active,"{""fault_code"": ""0"", ""cycles"": ""66044"", ""bus_fault_reason"": """", ""period_us"": ""10033.550000"", ""max_abs_jitter_us"": ""33686.889000"", ""read_us"": ""5.876000"", ""write_us"": ""2.131000"", ""overruns"": ""66"", ""limited_commands"": ""2"", ""timing_dropped"": ""0""}"
1,b'\x00',can_mock,Active,"{""fault_code"": ""0"", ""cycles"": ""66054"", ""bus_fault_reason"": """", ""period_us"": ""10007.683000"", ""max_abs_jitter_us"": ""33686.889000"", ""read_us"": ""6.088000"", ""write_us"": ""3.553000"", ""overruns"": ""66"", ""limited_commands"": ""2"", ""timing_dropped"": ""0""}"
1,b'\x00',can_mock,Active,"{""fault_code"": ""0"", ""cycles"": ""66064"", ""bus_fault_reason"": """", ""period_us"": ""10050.136000"", ""max_abs_jitter_us"": ""33686.889000"", ""read_us"": ""6.771000"", ""write_us"": ""4.460000"", ""overruns"": ""66"", ""limited_commands"": ""2"", ""timing_dropped"": ""0""}"
1,b'\x00',can_mock,Active,"{""fault_code"": ""0"", ""cycles"": ""66074"", ""bus_fault_reason"": """", ""period_us"": ""9975.493000"", ""max_abs_jitter_us"": ""33686.889000"", ""read_us"": ""16.084000"", ""write_us"": ""37.960000"", ""overruns"": ""66"", ""limited_commands"": ""2"", ""timing_dropped"": ""0""}"
1,b'\x00',can_mock,Active,"{""fault_code"": ""0"", ""cycles"": ""66084"", ""bus_fault_reason"": """", ""period_us"": ""9998.455000"", ""max_abs_jitter_us"": ""33686.889000"", ""read_us"": ""5.488000"", ""write_us"": ""3.372000"", ""overruns"": ""66"", ""limited_commands"": ""2"", ""timing_dropped"": ""0""}"
1,b'\x00',can_mock,Active,"{""fault_code"": ""0"", ""cycles"": ""66094"", ""bus_fault_reason"": """", ""period_us"": ""9830.285000"", ""max_abs_jitter_us"": ""33686.889000"", ""read_us"": ""5.810000"", ""write_us"": ""2.716000"", ""overruns"": ""66"", ""limited_commands"": ""2"", ""timing_dropped"": ""0""}"
1,b'\x00',can_mock,Active,"{""fault_code"": ""0"", ""cycles"": ""66104"", ""bus_fault_reason"": """", ""period_us"": ""10091.313000"", ""max_abs_jitter_us"": ""33686.889000"", ""read_us"": ""6.080000"", ""write_us"": ""4.193000"", ""overruns"": ""66"", ""limited_commands"": ""2"", ""timing_dropped"": ""0""}"
1,b'\x00',can_mock,Active,"{""fault_code"": ""0"", ""cycles"": ""66114"", ""bus_fault_reason"": """", ""period_us"": ""10034.667000"", ""max_abs_jitter_us"": ""33686.889000"", ""read_us"": ""12.011000"", ""write_us"": ""7.440000"", ""overruns"": ""66"", ""limited_commands"": ""2"", ""timing_dropped"": ""0""}"
1,b'\x00',can_mock,Active,"{""fault_code"": ""0"", ""cycles"": ""66124"", ""bus_fault_reason"": """", ""period_us"": ""10238.920000"", ""max_abs_jitter_us"": ""33686.889000"", ""read_us"": ""43.338000"", ""write_us"": ""4.350000"", ""overruns"": ""66"", ""limited_commands"": ""2"", ""timing_dropped"": ""0""}"
1,b'\x00',can_mock,Active,"{""fault_code"": ""0"", ""cycles"": ""66134"", ""bus_fault_reason"": """", ""period_us"": ""10024.568000"", ""max_abs_jitter_us"": ""33686.889000"", ""read_us"": ""6.575000"", ""write_us"": ""3.184000"", ""overruns"": ""66"", ""limited_commands"": ""2"", ""timing_dropped"": ""0""}"
1,b'\x00',can_mock,Active,"{""fault_code"": ""0"", ""cycles"": ""66144"", ""bus_fault_reason"": """", ""period_us"": ""9985.911000"", ""max_abs_jitter_us"": ""33686.889000"", ""read_us"": ""6.484000"", ""write_us"": ""2.619000"", ""overruns"": ""66"", ""limited_commands"": ""2"", ""timing_dropped"": ""0""}"
1,b'\x00',can_mock,Active,"{""fault_code"": ""0"", ""cycles"": ""66154"", ""bus_fault_reason"": """", ""period_us"": ""10173.577000"", ""max_abs_jitter_us"": ""33686.889000"", ""read_us"": ""5.671000"", ""write_us"": ""3.788000"", ""overruns"": ""66"", ""limited_commands"": ""2"", ""timing_dropped"": ""0""}"
1,b'\x00',can_mock,Active,"{""fault_code"": ""0"", ""cycles"": ""66164"", ""bus_fault_reason"": """", ""period_us"": ""10327.040000"", ""max_abs_jitter_us"": ""33686.889000"", ""read_us"": ""6.111000"", ""write_us"": ""2.320000"", ""overruns"": ""66"", ""limited_commands"": ""2"", ""timing_dropped"": ""0""}"
1,b'\x00',can_mock,Active,"{""fault_code"": ""0"", ""cycles"": ""66174"", ""bus_fault_reason"": """", ""period_us"": ""9858.252000"", ""max_abs_jitter_us"": ""33686.889000"", ""read_us"": ""20.784000"", ""write_us"": ""3.766000"", ""overruns"": ""66"", ""limited_commands"": ""2"", ""timing_dropped"": ""0""}"
1,b'\x00',can_mock,Active,"{""fault_code"": ""0"", ""cycles"": ""66184"", ""bus_fault_reason"": """", ""period_us"": ""10023.166000"", ""max_abs_jitter_us"": ""33686.889000"", ""read_us"": ""4.234000"", ""write_us"": ""1.907000"", ""overruns"": ""66"", ""limited_commands"": ""2"", ""timing_dropped"": ""0""}"
1,b'\x00',can_mock,Active,"{""fault_code"": ""0"", ""cycles"": ""66194"", ""bus_fault_reason"": """", ""period_us"": ""10003.653000"", ""max_abs_jitter_us"": ""33686.889000"", ""read_us"": ""6.054000"", ""write_us"": ""3.182000"", ""overruns"": ""66"", ""limited_commands"": ""2"", ""timing_dropped"": ""0""}"
1,b'\x00',can_mock,Active,"{""fault_code"": ""0"", ""cycles"": ""66204"", ""bus_fault_reason"": """", ""period_us"": ""10070.817000"", ""max_abs_jitter_us"": ""33686.889000"", ""read_us"": ""6.699000"", ""write_us"": ""2.019000"", ""overruns"": ""66"", ""limited_commands"": ""2"", ""timing_dropped"": ""0""}"
1,b'\x00',can_mock,Active,"{""fault_code"": ""0"", ""cycles"": ""66214"", ""bus_fault_reason"": """", ""period_us"": ""10214.289000"", ""max_abs_jitter_us"": ""33686.889000"", ""read_us"": ""38.478000"", ""write_us"": ""3.402000"", ""overruns"": ""66"", ""limited_commands"": ""2"", ""timing_dropped"": ""0""}"
1,b'\x00',can_mock,Active,"{""fault_code"": ""0"", ""cycles"": ""66224"", ""bus_fault_reason"": """", ""period_us"": ""9909.632000"", ""max_abs_jitter_us"": ""33686.889000"", ""read_us"": ""5.151000"", ""write_us"": ""5.081000"", ""overruns"": ""66"", ""limited_commands"": ""2"", ""timing_dropped"": ""0""}"
1,b'\x00',can_mock,Active,"{""fault_code"": ""0"", ""cycles"": ""66234"", ""bus_fault_reason"": """", ""period_us"": ""10078.105000"", ""max_abs_jitter_us"": ""33686.889000"", ""read_us"": ""7.386000"", ""write_us"": ""6.918000"", ""overruns"": ""66"", ""limited_commands"": ""2"", ""timing_dropped"": ""0""}"
1,b'\x00',can_mock,Active,"{""fault_code"": ""0"", ""cycles"": ""66244"", ""bus_fault_reason"": """", ""period_us"": ""10003.429000"", ""max_abs_jitter_us"": ""33686.889000"", ""read_us"": ""5.957000"", ""write_us"": ""37.323000"", ""overruns"": ""66"", ""limited_commands"": ""2"", ""timing_dropped"": ""0""}"
1,b'\x00',can_mock,Active,"{""fault_code"": ""0"", ""cycles"": ""66254"", ""bus_fault_reason"": """", ""period_us"": ""11076.719000"", ""max_abs_jitter_us"": ""33686.889000"", ""read_us"": ""6.322000"", ""write_us"": ""2.965000"", ""overruns"": ""66"", ""limited_commands"": ""2"", ""timing_dropped"": ""0""}"
1,b'\x00',can_mock,Active,"{""fault_code"": ""0"", ""cycles"": ""66264"", ""bus_fault_reason"": """", ""period_us"": ""10508.934000"", ""max_abs_jitter_us"": ""33686.889000"", ""read_us"": ""66.744000"", ""write_us"": ""2.483000"", ""overruns"": ""66"", ""limited_commands"": ""2"", ""timing_dropped"": ""0""}"
1,b'\x00',can_mock,Active,"{""fault_code"": ""0"", ""cycles"": ""66274"", ""bus_fault_reason"": """", ""period_us"": ""10023.245000"", ""max_abs_jitter_us"": ""33686.889000"", ""read_us"": ""9.524000"", ""write_us"": ""5.198000"", ""overruns"": ""66"", ""limited_commands"": ""2"", ""timing_dropped"": ""0""}"
1,b'\x00',can_mock,Active,"{""fault_code"": ""0"", ""cycles"": ""66284"", ""bus_fault_reason"": """", ""period_us"": ""10142.647000"", ""max_abs_jitter_us"": ""33686.889000"", ""read_us"": ""19.526000"", ""write_us"": ""3.662000"", ""overruns"": ""66"", ""limited_commands"": ""2"", ""timing_dropped"": ""0""}"
1,b'\x00',can_mock,Active,"{""fault_code"": ""0"", ""cycles"": ""66294"", ""bus_fault_reason"": """", ""period_us"": ""8936.045000"", ""max_abs_jitter_us"": ""33686.889000"", ""read_us"": ""6.128000"", ""write_us"": ""3.622000"", ""overruns"": ""66"", ""limited_commands"": ""2"", ""timing_dropped"": ""0""}"
1,b'\x00',can_mock,Active,"{""fault_code"": ""0"", ""cycles"": ""66304"", ""bus_fault_reason"": """", ""period_us"": ""9970.935000"", ""max_abs_jitter_us"": ""33686.889000"", ""read_us"": ""5.744000"", ""write_us"": ""2.436000"", ""overruns"": ""66"", ""limited_commands"": ""2"", ""timing_dropped"": ""0""}"
1,b'\x00',can_mock,Active,"{""fault_code"": ""0"", ""cycles"": ""66314"", ""bus_fault_reason"": """", ""period_us"": ""10112.401000"", ""max_abs_jitter_us"": ""33686.889000"", ""read_us"": ""13.880000"", ""write_us"": ""3.462000"", ""overruns"": ""66"", ""limited_commands"": ""2"", ""timing_dropped"": ""0""}"
1,b'\x00',can_mock,Active,"{""fault_code"": ""0"", ""cycles"": ""66324"", ""bus_fault_reason"": """", ""period_us"": ""10019.790000"", ""max_abs_jitter_us"": ""33686.889000"", ""read_us"": ""6.070000"", ""write_us"": ""3.287000"", ""overruns"": ""66"", ""limited_commands"": ""2"", ""timing_dropped"": ""0""}"
1,b'\x00',can_mock,Active,"{""fault_code"": ""0"", ""cycles"": ""66334"", ""bus_fault_reason"": """", ""period_us"": ""11247.539000"", ""max_abs_jitter_us"": ""33686.889000"", ""read_us"": ""6.309000"", ""write_us"": ""3.682000"", ""overruns"": ""66"", ""limited_commands"": ""2"", ""timing_dropped"": ""0""}"
1,b'\x00',can_mock,Active,"{""fault_code"": ""0"", ""cycles"": ""66344"", ""bus_fault_reason"": """", ""period_us"": ""9871.409000"", ""max_abs_jitter_us"": ""33686.889000"", ""read_us"": ""6.563000"", ""write_us"": ""7.409000"", ""overruns"": ""66"", ""limited_commands"": ""2"", ""timing_dropped"": ""0""}"
1,b'\x00',can_mock,Active,"{""fault_code"": ""0"", ""cycles"": ""66354"", ""bus_fault_reason"": """", ""period_us"": ""10047.532000"", ""max_abs_jitter_us"": ""33686.889000"", ""read_us"": ""7.112000"", ""write_us"": ""7.546000"", ""overruns"": ""66"", ""limited_commands"": ""2"", ""timing_dropped"": ""0""}"
1,b'\x00',can_mock,Active,"{""fault_code"": ""0"", ""cycles"": ""66364"", ""bus_fault_reason"": """", ""period_us"": ""9760.220000"", ""max_abs_jitter_us"": ""33686.889000"", ""read_us"": ""5.245000"", ""write_us"": ""4.781000"", ""overruns"": ""66"", ""limited_commands"": ""2"", ""timing_dropped"": ""0""}"
1,b'\x00',can_mock,Active,"{""fault_code"": ""0"", ""cycles"": ""66374"", ""bus_fault_reason"": """", ""period_us"": ""9991.838000"", ""max_abs_jitter_us"": ""33686.889000"", ""read_us"": ""4.142000"", ""write_us"": ""2.228000"", ""overruns"": ""66"", ""limited_commands"": ""2"", ""timing_dropped"": ""0""}"
1,b'\x00',can_mock,Active,"{""fault_code"": ""0"", ""cycles"": ""66384"", ""bus_fault_reason"": """", ""period_us"": ""9940.064000"", ""max_abs_jitter_us"": ""33686.889000"", ""read_us"": ""5.982000"", ""write_us"": ""32.615000"", ""overruns"": ""66"", ""limited_commands"": ""2"", ""timing_dropped"": ""0""}"
1,b'\x00',can_mock,Active,"{""fault_code"": ""0"", ""cycles"": ""66394"", ""bus_fault_reason"": """", ""period_us"": ""9713.578000"", ""max_abs_jitter_us"": ""33686.889000"", ""read_us"": ""3.616000"", ""write_us"": ""3.347000"", ""overruns"": ""66"", ""limited_commands"": ""2"", ""timing_dropped"": ""0""}"
1,b'\x00',can_mock,Active,"{""fault_code"": ""0"", ""cycles"": ""66404"", ""bus_fault_reason"": """", ""period_us"": ""9905.895000"", ""max_abs_jitter_us"": ""33686.889000"", ""read_us"": ""39.683000"", ""write_us"": ""19.454000"", ""overruns"": ""66"", ""limited_commands"": ""2"", ""timing_dropped"": ""0""}"
1,b'\x00',can_mock,Active,"{""fault_code"": ""0"", ""cycles"": ""66414"", ""bus_fault_reason"": """", ""period_us"": ""10213.518000"", ""max_abs_jitter_us"": ""33686.889000"", ""read_us"": ""10.100000"", ""write_us"": ""4.116000"", ""overruns"": ""66"", ""limited_commands"": ""2"", ""timing_dropped"": ""0""}"
1,b'\x00',can_mock,Active,"{""fault_code"": ""0"", ""cycles"": ""66424"", ""bus_fault_reason"": """", ""period_us"": ""9953.707000"", ""max_abs_jitter_us"": ""33686.889000"", ""read_us"": ""5.788000"", ""write_us"": ""3.373000"", ""overruns"": ""66"", ""limited_commands"": ""2"", ""timing_dropped"": ""0""}"
1,b'\x00',can_mock,Active,"{""fault_code"": ""0"", ""cycles"": ""66434"", ""bus_fault_reason"": """", ""period_us"": ""10204.972000"", ""max_abs_jitter_us"": ""33686.889000"", ""read_us"": ""63.331000"", ""write_us"": ""12.181000"", ""overruns"": ""66"", ""limited_commands"": ""2"", ""timing_dropped"": ""0""}"
1,b'\x00',can_mock,Active,"{""fault_code"": ""0"", ""cycles"": ""66444"", ""bus_fault_reason"": """", ""period_us"": ""9997.257000"", ""max_abs_jitter_us"": ""33686.889000"", ""read_us"": ""5.481000"", ""write_us"": ""3.632000"", ""overruns"": ""66"", ""limited_commands"": ""2"", ""timing_dropped"": ""0""}"
1,b'\x00',can_mock,Active,"{""fault_code"": ""0"", ""cycles"": ""66454"", ""bus_fault_reason"": """", ""period_us"": ""9800.761000"", ""max_abs_jitter_us"": ""33686.889000"", ""read_us"": ""5.676000"", ""write_us"": ""2.436000"", ""overruns"": ""66"", ""limited_commands"": ""2"", ""timing_dropped"": ""0""}"
1,b'\x00',can_mock,Active,"{""fault_code"": ""0"", ""cycles"": ""66464"", ""bus_fault_reason"": """", ""period_us"": ""10028.120000"", ""max_abs_jitter_us"": ""33686.889000"", ""read_us"": ""4.478000"", ""write_us"": ""2.417000"", ""overruns"": ""66"", ""limited_commands"": ""2"", ""timing_dropped"": ""0""}"
1,b'\x00',can_mock,Active,"{""fault_code"": ""0"", ""cycles"": ""66474"", ""bus_fault_reason"": """", ""period_us"": ""10051.037000"", ""max_abs_jitter_us"": ""33686.889000"", ""read_us"": ""6.051000"", ""write_us"": ""3.500000"", ""overruns"": ""66"", ""limited_commands"": ""2"", ""timing_dropped"": ""0""}"
1,b'\x00',can_mock,Active,"{""fault_code"": ""0"", ""cycles"": ""66484"", ""bus_fault_reason"": """", ""period_us"": ""9178.790000"", ""max_abs_jitter_us"": ""33686.889000"", ""read_us"": ""37.861000"", ""write_us"": ""3.691000"", ""overruns"": ""66"", ""limited_commands"": ""2"", ""timing_dropped"": ""0""}"
1,b'\x00',can_mock,Active,"{""fault_code"": ""0"", ""cycles"": ""66494"", ""bus_fault_reason"": """", ""period_us"": ""9808.400000"", ""max_abs_jitter_us"": ""33686.889000"", ""read_us"": ""6.738000"", ""write_us"": ""32.841000"", ""overruns"": ""66"", ""limited_commands"": ""2"", ""timing_dropped"": ""0""}"
1,b'\x00',can_mock,Active,"{""fault_code"": ""0"", ""cycles"": ""66504"", ""bus_fault_reason"": """", ""period_us"": ""9946.511000"", ""max_abs_jitter_us"": ""33686.889000"", ""read_us"": ""4.074000"", ""write_us"": ""3.890000"", ""overruns"": ""66"", ""limited_commands"": ""2"", ""timing_dropped"": ""0""}"
1,b'\x00',can_mock,Active,"{""fault_code"": ""0"", ""cycles"": ""66514"", ""bus_fault_reason"": """", ""period_us"": ""10019.823000"", ""max_abs_jitter_us"": ""33686.889000"", ""read_us"": ""4.579000"", ""write_us"": ""2.599000"", ""overruns"": ""66"", ""limited_commands"": ""2"", ""timing_dropped"": ""0""}"
1,b'\x00',can_mock,Active,"{""fault_code"": ""0"", ""cycles"": ""66524"", ""bus_fault_reason"": """", ""period_us"": ""9807.293000"", ""max_abs_jitter_us"": ""33686.889000"", ""read_us"": ""4.289000"", ""write_us"": ""13.678000"", ""overruns"": ""66"", ""limited_commands"": ""2"", ""timing_dropped"": ""0""}"
1,b'\x00',can_mock,Active,"{""fault_code"": ""0"", ""cycles"": ""66534"", ""bus_fault_reason"": """", ""period_us"": ""9931.389000"", ""max_abs_jitter_us"": ""33686.889000"", ""read_us"": ""22.273000"", ""write_us"": ""13.075000"", ""overruns"": ""66"", ""limited_commands"": ""2"", ""timing_dropped"": ""0""}"
1,b'\x00',can_mock,Active,"{""fault_code"": ""0"", ""cycles"": ""66544"", ""bus_fault_reason"": """", ""period_us"": ""10174.259000"", ""max_abs_jitter_us"": ""33686.889000"", ""read_us"": ""5.813000"", ""write_us"": ""4.493000"", ""overruns"": ""66"", ""limited_commands"": ""2"", ""timing_dropped"": ""0""}"
1,b'\x00',can_mock,Active,"{""fault_code"": ""0"", ""cycles"": ""66554"", ""bus_fault_reason"": """", ""period_us"": ""10015.593000"", ""max_abs_jitter_us"": ""33686.889000"", ""read_us"": ""7.164000"", ""write_us"": ""7.877000"", ""overruns"": ""66"", ""limited_commands"": ""2"", ""timing_dropped"": ""0""}"
1,b'\x00',can_mock,Active,"{""fault_code"": ""0"", ""cycles"": ""66564"", ""bus_fault_reason"": """", ""period_us"": ""9997.831000"", ""max_abs_jitter_us"": ""33686.889000"", ""read_us"": ""6.580000"", ""write_us"": ""1.681000"", ""overruns"": ""66"", ""limited_commands"": ""2"", ""timing_dropped"": ""0""}"
1,b'\x00',can_mock,Active,"{""fault_code"": ""0"", ""cycles"": ""66574"", ""bus_fault_reason"": """", ""period_us"": ""9928.414000"", ""max_abs_jitter_us"": ""33686.889000"", ""read_us"": ""4.027000"", ""write_us"": ""1.423000"", ""overruns"": ""66"", ""limited_commands"": ""2"", ""timing_dropped"": ""0""}"
1,b'\x00',can_mock,Active,"{""fault_code"": ""0"", ""cycles"": ""66584"", ""bus_fault_reason"": """", ""period_us"": ""9890.016000"", ""max_abs_jitter_us"": ""33686.889000"", ""read_us"": ""5.963000"", ""write_us"": ""3.540000"", ""overruns"": ""66"", ""limited_commands"": ""2"", ""timing_dropped"": ""0""}"
1,b'\x00',can_mock,Active,"{""fault_code"": ""0"", ""cycles"": ""66594"", ""bus_fault_reason"": """", ""period_us"": ""9996.230000"", ""max_abs_jitter_us"": ""33686.889000"", ""read_us"": ""6.179000"", ""write_us"": ""2.815000"", ""overruns"": ""66"", ""limited_commands"": ""2"", ""timing_dropped"": ""0""}"
1,b'\x00',can_mock,Active,"{""fault_code"": ""0"", ""cycles"": ""66604"", ""bus_fault_reason"": """", ""period_us"": ""9769.746000"", ""max_abs_jitter_us"": ""33686.889000"", ""read_us"": ""4.183000"", ""write_us"": ""2.667000"", ""overruns"": ""66"", ""limited_commands"": ""2"", ""timing_dropped"": ""0""}"
1,b'\x00',can_mock,Active,"{""fault_code"": ""0"", ""cycles"": ""66614"", ""bus_fault_reason"": """", ""period_us"": ""9991.254000"", ""max_abs_jitter_us"": ""33686.889000"", ""read_us"": ""4.760000"", ""write_us"": ""2.539000"", ""overruns"": ""66"", ""limited_commands"": ""2"", ""timing_dropped"": ""0""}"
1,b'\x00',can_mock,Active,"{""fault_code"": ""0"", ""cycles"": ""66624"", ""bus_fault_reason"": """", ""period_us"": ""10027.827000"", ""max_abs_jitter_us"": ""33686.889000"", ""read_us"": ""4.548000"", ""write_us"": ""3.728000"", ""overruns"": ""66"", ""limited_commands"": ""2"", ""timing_dropped"": ""0""}"
1,b'\x00',can_mock,Active,"{""fault_code"": ""0"", ""cycles"": ""66634"", ""bus_fault_reason"": """", ""period_us"": ""10081.983000"", ""max_abs_jitter_us"": ""33686.889000"", ""read_us"": ""5.252000"", ""write_us"": ""4.182000"", ""overruns"": ""66"", ""limited_commands"": ""2"", ""timing_dropped"": ""0""}"
1,b'\x00',can_mock,Active,"{""fault_code"": ""0"", ""cycles"": ""66644"", ""bus_fault_reason"": """", ""period_us"": ""10007.149000"", ""max_abs_jitter_us"": ""33686.889000"", ""read_us"": ""4.933000"", ""write_us"": ""5.267000"", ""overruns"": ""66"", ""limited_commands"": ""2"", ""timing_dropped"": ""0""}"
1,b'\x00',can_mock,Active,"{""fault_code"": ""0"", ""cycles"": ""66654"", ""bus_fault_reason"": """", ""period_us"": ""11191.222000"", ""max_abs_jitter_us"": ""33686.889000"", ""read_us"": ""6.075000"", ""write_us"": ""2.796000"", ""overruns"": ""66"", ""limited_commands"": ""2"", ""timing_dropped"": ""0""}"
2,b'\x00',can_mock,Active,"{""fault_code"": ""0"", ""cycles"": ""66664"", ""bus_fault_reason"": """", ""period_us"": ""10013.320000"", ""max_abs_jitter_us"": ""33686.889000"", ""read_us"": ""4.556000"", ""write_us"": ""2.151000"", ""overruns"": ""66"", ""limited_commands"": ""2"", ""timing_dropped"": ""0""}"
2,b'\x00',can_mock,Active,"{""fault_code"": ""0"", ""cycles"": ""66674"", ""bus_fault_reason"": """", ""period_us"": ""9977.982000"", ""max_abs_jitter_us"": ""33686.889000"", ""read_us"": ""4.998000"", ""write_us"": ""2.121000"", ""overruns"": ""66"", ""limited_commands"": ""2"", ""timing_dropped"": ""0""}"
2,b'\x00',can_mock,Active,"{""fault_code"": ""0"", ""cycles"": ""66684"", ""bus_fault_reason"": """", ""period_us"": ""9708.812000"", ""max_abs_jitter_us"": ""33686.889000"", ""read_us"": ""12.011000"", ""write_us"": ""4.097000"", ""overruns"": ""66"", ""limited_commands"": ""2"", ""timing_dropped"": ""0""}"
2,b'\x00',can_mock,Active,"{""fault_code"": ""0"", ""cycles"": ""66694"", ""bus_fault_reason"": """", ""period_us"": ""10540.348000"", ""max_abs_jitter_us"": ""33686.889000"", ""read_us"": ""5.964000"", ""write_us"": ""2.560000"", ""overruns"": ""66"", ""limited_commands"": ""2"", ""timing_dropped"": ""0""}"
2,b'\x00',can_mock,Active,"{""fault_code"": ""0"", ""cycles"": ""66704"", ""bus_fault_reason"": """", ""period_us"": ""9941.357000"", ""max_abs_jitter_us"": ""33686.889000"", ""read_us"": ""4.945000"", ""write_us"": ""2.183000"", ""overruns"": ""66"", ""limited_commands"": ""2"", ""timing_dropped"": ""0""}"
2,b'\x00',can_mock,Active,"{""fault_code"": ""0"", ""cycles"": ""66714"", ""bus_fault_reason"": """", ""period_us"": ""9928.450000"", ""max_abs_jitter_us"": ""33686.889000"", ""read_us"": ""6.348000"", ""write_us"": ""2.387000"", ""overruns"": ""66"", ""limited_commands"": ""2"", ""timing_dropped"": ""0""}"
2,b'\x00',can_mock,Active,"{""fault_code"": ""0"", ""cycles"": ""66724"", ""bus_fault_reason"": """", ""period_us"": ""9978.817000"", ""max_abs_jitter_us"": ""33686.889000"", ""read_us"": ""4.724000"", ""write_us"": ""16.818000"", ""overruns"": ""66"", ""limited_commands"": ""2"", ""timing_dropped"": ""0""}"
2,b'\x00',can_mock,Active,"{""fault_code"": ""0"", ""cycles"": ""66734"", ""bus_fault_reason"": """", ""period_us"": ""10057.504000"", ""max_abs_jitter_us"": ""33686.889000"", ""read_us"": ""11.822000"", ""write_us"": ""4.429000"", ""overruns"": ""66"", ""limited_commands"": ""2"", ""timing_dropped"": ""0""}"
2,b'\x00',can_mock,Active,"{""fault_code"": ""0"", ""cycles"": ""66744"", ""bus_fault_reason"": """", ""period_us"": ""11225.440000"", ""max_abs_jitter_us"": ""33686.889000"", ""read_us"": ""5.670000"", ""write_us"": ""1.865000"", ""overruns"": ""66"", ""limited_commands"": ""2"", ""timing_dropped"": ""0""}"
2,b'\x00',can_mock,Active,"{""fault_code"": ""0"", ""cycles"": ""66754"", ""bus_fault_reason"": """", ""period_us"": ""10641.887000"", ""max_abs_jitter_us"": ""33686.889000"", ""read_us"": ""26.430000"", ""write_us"": ""3.761000"", ""overruns"": ""66"", ""limited_commands"": ""2"", ""timing_dropped"": ""0""}"
2,b'\x00',can_mock,Active,"{""fault_code"": ""0"", ""cycles"": ""66764"", ""bus_fault_reason"": """", ""period_us"": ""9742.541000"", ""max_abs_jitter_us"": ""33686.889000"", ""read_us"": ""4.088000"", ""write_us"": ""1.875000"", ""overruns"": ""66"", ""limited_commands"": ""2"", ""timing_dropped"": ""0""}"
2,b'\x00',can_mock,Active,"{""fault_code"": ""0"", ""cycles"": ""66774"", ""bus_fault_reason"": """", ""period_us"": ""10053.136000"", ""max_abs_jitter_us"": ""33686.889000"", ""read_us"": ""11.452000"", ""write_us"": ""8.259000"", ""overruns"": ""66"", ""limited_commands"": ""2"", ""timing_dropped"": ""0""}"
2,b'\x00',can_mock,Active,"{""fault_code"": ""0"", ""cycles"": ""66784"", ""bus_fault_reason"": """", ""period_us"": ""10160.759000"", ""max_abs_jitter_us"": ""33686.889000"", ""read_us"": ""6.692000"", ""write_us"": ""2.555000"", ""overruns"": ""66"", ""limited_commands"": ""2"", ""timing_dropped"": ""0""}"
2,b'\x00',can_mock,Active,"{""fault_code"": ""0"", ""cycles"": ""66794"", ""bus_fault_reason"": """", ""period_us"": ""10002.205000"", ""max_abs_jitter_us"": ""33686.889000"", ""read_us"": ""6.535000"", ""write_us"": ""4.690000"", ""overruns"": ""66"", ""limited_commands"": ""2"", ""timing_dropped"": ""0""}"
2,b'\x00',can_mock,Active,"{""fault_code"": ""0"", ""cycles"": ""66804"", ""bus_fault_reason"": """", ""period_us"": ""10893.883000"", ""max_abs_jitter_us"": ""33686.889000"", ""read_us"": ""5.054000"", ""write_us"": ""2.895000"", ""overruns"": ""66"", ""limited_commands"": ""2"", ""timing_dropped"": ""0""}"
2,b'\x00',can_mock,Active,"{""fault_code"": ""0"", ""cycles"": ""66814"", ""bus_fault_reason"": """", ""period_us"": ""10227.309000"", ""max_abs_jitter_us"": ""33686.889000"", ""read_us"": ""5.731000"", ""write_us"": ""2.839000"", ""overruns"": ""66"", ""limited_commands"": ""2"", ""timing_dropped"": ""0""}"
2,b'\x00',can_mock,Active,"{""fault_code"": ""0"", ""cycles"": ""66824"", ""bus_fault_reason"": """", ""period_us"": ""10023.229000"", ""max_abs_jitter_us"": ""33686.889000"", ""read_us"": ""4.831000"", ""write_us"": ""1.427000"", ""overruns"": ""66"", ""limited_commands"": ""2"", ""timing_dropped"": ""0""}"
2,b'\x00',can_mock,Active,"{""fault_code"": ""0"", ""cycles"": ""66834"", ""bus_fault_reason"": """", ""period_us"": ""9922.100000"", ""max_abs_jitter_us"": ""33686.889000"", ""read_us"": ""4.156000"", ""write_us"": ""3.110000"", ""overruns"": ""66"", ""limited_commands"": ""2"", ""timing_dropped"": ""0""}"
2,b'\x00',can_mock,Active,"{""fault_code"": ""0"", ""cycles"": ""66844"", ""bus_fault_reason"": """", ""period_us"": ""10144.409000"", ""max_abs_jitter_us"": ""33686.889000"", ""read_us"": ""5.178000"", ""write_us"": ""2.714000"", ""overruns"": ""66"", ""limited_commands"": ""2"", ""timing_dropped"": ""0""}"
2,b'\x00',can_mock,Active,"{""fault_code"": ""0"", ""cycles"": ""66854"", ""bus_fault_reason"": """", ""period_us"": ""9997.162000"", ""max_abs_jitter_us"": ""33686.889000"", ""read_us"": ""6.312000"", ""write_us"": ""3.544000"", ""overruns"": ""66"", ""limited_commands"": ""2"", ""timing_dropped"": ""0""}"
2,b'\x00',can_mock,Active,"{""fault_code"": ""0"", ""cycles"": ""66864"", ""bus_fault_reason"": """", ""period_us"": ""10919.238000"", ""max_abs_jitter_us"": ""33686.889000"", ""read_us"": ""4.760000"", ""write_us"": ""2.780000"", ""overruns"": ""66"", ""limited_commands"": ""2"", ""timing_dropped"": ""0""}"
2,b'\x00',can_mock,Active,"{""fault_code"": ""0"", ""cycles"": ""66874"", ""bus_fault_reason"": """", ""period_us"": ""10018.862000"", ""max_abs_jitter_us"": ""33686.889000"", ""read_us"": ""4.422000"", ""write_us"": ""3.231000"", ""overruns"": ""66"", ""limited_commands"": ""2"", ""timing_dropped"": ""0""}"
2,b'\x00',can_mock,Active,"{""fault_code"": ""0"", ""cycles"": ""66884"", ""bus_fault_reason"": """", ""period_us"": ""10439.707000"", ""max_abs_jitter_us"": ""33686.889000"", ""read_us"": ""43.534000"", ""write_us"": ""4.288000"", ""overruns"": ""66"", ""limited_commands"": ""2"", ""timing_dropped"": ""0""}"
2,b'\x00',can_mock,Active,"{""fault_code"": ""0"", ""cycles"": ""66894"", ""bus_fault_reason"": """", ""period_us"": ""11893.714000"", ""max_abs_jitter_us"": ""33686.889000"", ""read_us"": ""5.533000"", ""write_us"": ""2.576000"", ""overruns"": ""66"", ""limited_commands"": ""2"", ""timing_dropped"": ""0""}"
2,b'\x00',can_mock,Active,"{""fault_code"": ""0"", ""cycles"": ""66904"", ""bus_fault_reason"": """", ""period_us"": ""12226.131000"", ""max_abs_jitter_us"": ""33686.889000"", ""read_us"": ""6.111000"", ""write_us"": ""1.983000"", ""overruns"": ""66"", ""limited_commands"": ""2"", ""timing_dropped"": ""0""}"
2,b'\x00',can_mock,Active,"{""fault_code"": ""0"", ""cycles"": ""66914"", ""bus_fault_reason"": """", ""period_us"": ""10090.544000"", ""max_abs_jitter_us"": ""33686.889000"", ""read_us"": ""6.797000"", ""write_us"": ""3.813000"", ""overruns"": ""66"", ""limited_commands"": ""2"", ""timing_dropped"": ""0""}"
2,b'\x00',can_mock,Active,"{""fault_code"": ""0"", ""cycles"": ""66924"", ""bus_fault_reason"": """", ""period_us"": ""10189.435000"", ""max_abs_jitter_us"": ""33686.889000"", ""read_us"": ""19.849000"", ""write_us"": ""21.094000"", ""overruns"": ""66"", ""limited_commands"": ""2"", ""timing_dropped"": ""0""}"
2,b'\x00',can_mock,Active,"{""fault_code"": ""0"", ""cycles"": ""66934"", ""bus_fault_reason"": """", ""period_us"": ""7972.007000"", ""max_abs_jitter_us"": ""33686.889000"", ""read_us"": ""7.159000"", ""write_us"": ""6.185000"", ""overruns"": ""66"", ""limited_commands"": ""2"", ""timing_dropped"": ""0""}"
2,b'\x00',can_mock,Active,"{""fault_code"": ""0"", ""cycles"": ""66944"", ""bus_fault_reason"": """", ""period_us"": ""10009.222000"", ""max_abs_jitter_us"": ""33686.889000"", ""read_us"": ""6.297000"", ""write_us"": ""2.490000"", ""overruns"": ""66"", ""limited_commands"": ""2"", ""timing_dropped"": ""0""}"
2,b'\x00',can_mock,Active,"{""fault_code"": ""0"", ""cycles"": ""66954"", ""bus_fault_reason"": """", ""period_us"": ""10277.942000"", ""max_abs_jitter_us"": ""33686.889000"", ""read_us"": ""15.633000"", ""write_us"": ""37.157000"", ""overruns"": ""66"", ""limited_commands"": ""2"", ""timing_dropped"": ""0""}"
2,b'\x00',can_mock,Active,"{""fault_code"": ""0"", ""cycles"": ""66964"", ""bus_fault_reason"": """", ""period_us"": ""10001.552000"", ""max_abs_jitter_us"": ""33686.889000"", ""read_us"": ""5.090000"", ""write_us"": ""4.294000"", ""overruns"": ""66"", ""limited_commands"": ""2"", ""timing_dropped"": ""0""}"
2,b'\x00',can_mock,Active,"{""fault_code"": ""0"", ""cycles"": ""66974"", ""bus_fault_reason"": """", ""period_us"": ""14085.571000"", ""max_abs_jitter_us"": ""33686.889000"", ""read_us"": ""5.016000"", ""write_us"": ""2.899000"", ""overruns"": ""66"", ""limited_commands"": ""2"", ""timing_dropped"": ""0""}"
2,b'\x00',can_mock,Active,"{""fault_code"": ""0"", ""cycles"": ""66984"", ""bus_fault_reason"": """", ""period_us"": ""11476.622000"", ""max_abs_jitter_us"": ""33686.889000"", ""read_us"": ""5.720000"", ""write_us"": ""2.462000"", ""overruns"": ""66"", ""limited_commands"": ""2"", ""timing_dropped"": ""0""}"
2,b'\x00',can_mock,Active,"{""fault_code"": ""0"", ""cycles"": ""66994"", ""bus_fault_reason"": """", ""period_us"": ""11524.592000"", ""max_abs_jitter_us"": ""33686.889000"", ""read_us"": ""6.427000"", ""write_us"": ""2.165000"", ""overruns"": ""66"", ""limited_commands"": ""2"", ""timing_dropped"": ""0""}"
2,b'\x00',can_mock,Active,"{""fault_code"": ""0"", ""cycles"": ""67004"", ""bus_fault_reason"": """", ""period_us"": ""10011.459000"", ""max_abs_jitter_us"": ""33686.889000"", ""read_us"": ""5.126000"", ""write_us"": ""2.089000"", ""overruns"": ""66"", ""limited_commands"": ""2"", ""timing_dropped"": ""0""}"
2,b'\x00',can_mock,Active,"{""fault_code"": ""0"", ""cycles"": ""67014"", ""bus_fault_reason"": """", ""period_us"": ""10658.465000"", ""max_abs_jitter_us"": ""33686.889000"", ""read_us"": ""31.992000"", ""write_us"": ""2.919000"", ""overruns"": ""66"", ""limited_commands"": ""2"", ""timing_dropped"": ""0""}"
2,b'\x00',can_mock,Active,"{""fault_code"": ""0"", ""cycles"": ""67024"", ""bus_fault_reason"": """", ""period_us"": ""9978.093000"", ""max_abs_jitter_us"": ""33686.889000"", ""read_us"": ""4.716000"", ""write_us"": ""3.241000"", ""overruns"": ""66"", ""limited_commands"": ""2"", ""timing_dropped"": ""0""}"
2,b'\x00',can_mock,Active,"{""fault_code"": ""0"", ""cycles"": ""67034"", ""bus_fault_reason"": """", ""period_us"": ""10339.902000"", ""max_abs_jitter_us"": ""33686.889000"", ""read_us"": ""18.546000"", ""write_us"": ""30.641000"", ""overruns"": ""66"", ""limited_commands"": ""2"", ""timing_dropped"": ""0""}"
2,b'\x00',can_mock,Active,"{""fault_code"": ""0"", ""cycles"": ""67044"", ""bus_fault_reason"": """", ""period_us"": ""9968.413000"", ""max_abs_jitter_us"": ""33686.889000"", ""read_us"": ""6.595000"", ""write_us"": ""5.438000"", ""overruns"": ""66"", ""limited_commands"": ""2"", ""timing_dropped"": ""0""}"
2,b'\x00',can_mock,Active,"{""fault_code"": ""0"", ""cycles"": ""67054"", ""bus_fault_reason"": """", ""period_us"": ""11640.163000"", ""max_abs_jitter_us"": ""33686.889000"", ""read_us"": ""6.148000"", ""write_us"": ""3.117000"", ""overruns"": ""66"", ""limited_commands"": ""2"", ""timing_dropped"": ""0""}"
2,b'\x00',can_mock,Active,"{""fault_code"": ""0"", ""cycles"": ""67064"", ""bus_fault_reason"": """", ""period_us"": ""9767.948000"", ""max_abs_jitter_us"": ""33686.889000"", ""read_us"": ""6.335000"", ""write_us"": ""19.548000"", ""overruns"": ""67"", ""limited_commands"": ""2"", ""timing_dropped"": ""0""}"
2,b'\x00',can_mock,Active,"{""fault_code"": ""0"", ""cycles"": ""67074"", ""bus_fault_reason"": """", ""period_us"": ""10102.615000"", ""max_abs_jitter_us"": ""33686.889000"", ""read_us"": ""35.378000"", ""write_us"": ""3.536000"", ""overruns"": ""67"", ""limited_commands"": ""2"", ""timing_dropped"": ""0""}"
2,b'\x00',can_mock,Active,"{""fault_code"": ""0"", ""cycles"": ""67084"", ""bus_fault_reason"": """", ""period_us"": ""9846.226000"", ""max_abs_jitter_us"": ""33686.889000"", ""read_us"": ""9.143000"", ""write_us"": ""6.163000"", ""overruns"": ""67"", ""limited_commands"": ""2"", ""timing_dropped"": ""0""}"
2,b'\x00',can_mock,Active,"{""fault_code"": ""0"", ""cycles"": ""67094"", ""bus_fault_reason"": """", ""period_us"": ""10055.460000"", ""max_abs_jitter_us"": ""33686.889000"", ""read_us"": ""14.378000"", ""write_us"": ""2.870000"", ""overruns"": ""67"", ""limited_commands"": ""2"", ""timing_dropped"": ""0""}"
2,b'\x00',can_mock,Active,"{""fault_code"": ""0"", ""cycles"": ""67104"", ""bus_fault_reason"": """", ""period_us"": ""10812.090000"", ""max_abs_jitter_us"": ""33686.889000"", ""read_us"": ""5.442000"", ""write_us"": ""4.899000"", ""overruns"": ""67"", ""limited_commands"": ""2"", ""timing_dropped"": ""0""}"
2,b'\x00',can_mock,Active,"{""fault_code"": ""0"", ""cycles"": ""67114"", ""bus_fault_reason"": """", ""period_us"": ""9826.567000"", ""max_abs_jitter_us"": ""33686.889000"", ""read_us"": ""7.944000"", ""write_us"": ""3.617000"", ""overruns"": ""67"", ""limited_commands"": ""2"", ""timing_dropped"": ""0""}"
2,b'\x00',can_mock,Active,"{""fault_code"": ""0"", ""cycles"": ""67124"", ""bus_fault_reason"": """", ""period_us"": ""10091.597000"", ""max_abs_jitter_us"": ""33686.889000"", ""read_us"": ""30.086000"", ""write_us"": ""3.664000"", ""overruns"": ""67"", ""limited_commands"": ""2"", ""timing_dropped"": ""0""}"
2,b'\x00',can_mock,Active,"{""fault_code"": ""0"", ""cycles"": ""67134"", ""bus_fault_reason"": """", ""period_us"": ""10098.998000"", ""max_abs_jitter_us"": ""33686.889000"", ""read_us"": ""6.603000"", ""write_us"": ""3.633000"", ""overruns"": ""67"", ""limited_commands"": ""2"", ""timing_dropped"": ""0""}"
2,b'\x00',can_mock,Active,"{""fault_code"": ""0"", ""cycles"": ""67144"", ""bus_fault_reason"": """", ""period_us"": ""10375.033000"", ""max_abs_jitter_us"": ""33686.889000"", ""read_us"": ""26.477000"", ""write_us"": ""3195.031000"", ""overruns"": ""67"", ""limited_commands"": ""2"", ""timing_dropped"": ""0""}"
2,b'\x00',can_mock,Active,"{""fault_code"": ""0"", ""cycles"": ""67154"", ""bus_fault_reason"": """", ""period_us"": ""9493.097000"", ""max_abs_jitter_us"": ""33686.889000"", ""read_us"": ""5.790000"", ""write_us"": ""2.967000"", ""overruns"": ""67"", ""limited_commands"": ""2"", ""timing_dropped"": ""0""}"
2,b'\x00',can_mock,Active,"{""fault_code"": ""0"", ""cycles"": ""67164"", ""bus_fault_reason"": """", ""period_us"": ""9631.661000"", ""max_abs_jitter_us"": ""33686.889000"", ""read_us"": ""15.437000"", ""write_us"": ""5.682000"", ""overruns"": ""67"", ""limited_commands"": ""2"", ""timing_dropped"": ""0""}"
2,b'\x00',can_mock,Active,"{""fault_code"": ""0"", ""cycles"": ""67174"", ""bus_fault_reason"": """", ""period_us"": ""10943.099000"", ""max_abs_jitter_us"": ""33686.889000"", ""read_us"": ""26.840000"", ""write_us"": ""10.670000"", ""overruns"": ""67"", ""limited_commands"": ""2"", ""timing_dropped"": ""0""}"
2,b'\x00',can_mock,Active,"{""fault_code"": ""0"", ""cycles"": ""67184"", ""bus_fault_reason"": """", ""period_us"": ""10341.001000"", ""max_abs_jitter_us"": ""33686.889000"", ""read_us"": ""6.643000"", ""write_us"": ""3.604000"", ""overruns"": ""67"", ""limited_commands"": ""2"", ""timing_dropped"": ""0""}"
2,b'\x00',can_mock,Active,"{""fault_code"": ""0"", ""cycles"": ""67194"", ""bus_fault_reason"": """", ""period_us"": ""9955.579000"", ""max_abs_jitter_us"": ""33686.889000"", ""read_us"": ""4.873000"", ""write_us"": ""2.686000"", ""overruns"": ""67"", ""limited_commands"": ""2"", ""timing_dropped"": ""0""}"
2,b'\x00',can_mock,Active,"{""fault_code"": ""0"", ""cycles"": ""67204"", ""bus_fault_reason"": """", ""period_us"": ""11218.009000"", ""max_abs_jitter_us"": ""33686.889000"", ""read_us"": ""4.722000"", ""write_us"": ""2.796000"", ""overruns"": ""67"", ""limited_commands"": ""2"", ""timing_dropped"": ""0""}"
2,b'\x00',can_mock,Active,"{""fault_code"": ""0"", ""cycles"": ""67214"", ""bus_fault_reason"": """", ""period_us"": ""11803.893000"", ""max_abs_jitter_us"": ""33686.889000"", ""read_us"": ""6.625000"", ""write_us"": ""3.926000"", ""overruns"": ""67"", ""limited_commands"": ""2"", ""timing_dropped"": ""0""}"
2,b'\x00',can_mock,Active,"{""fault_code"": ""0"", ""cycles"": ""67224"", ""bus_fault_reason"": """", ""period_us"": ""10045.358000"", ""max_abs_jitter_us"": ""33686.889000"", ""read_us"": ""4.427000"", ""write_us"": ""1.778000"", ""overruns"": ""67"", ""limited_commands"": ""2"", ""timing_dropped"": ""0""}"
2,b'\x00',can_mock,Active,"{""fault_code"": ""0"", ""cycles"": ""67234"", ""bus_fault_reason"": """", ""period_us"": ""10000.496000"", ""max_abs_jitter_us"": ""33686.889000"", ""read_us"": ""4.787000"", ""write_us"": ""3.814000"", ""overruns"": ""67"", ""limited_commands"": ""2"", ""timing_dropped"": ""0""}"
2,b'\x00',can_mock,Active,"{""fault_code"": ""0"", ""cycles"": ""67244"", ""bus_fault_reason"": """", ""period_us"": ""10070.412000"", ""max_abs_jitter_us"": ""33686.889000"", ""read_us"": ""5.052000"", ""write_us"": ""3.528000"", ""overruns"": ""67"", ""limited_commands"": ""2"", ""timing_dropped"": ""0""}"
2,b'\x00',can_mock,Active,"{""fault_code"": ""0"", ""cycles"": ""67254"", ""bus_fault_reason"": """", ""period_us"": ""10097.305000"", ""max_abs_jitter_us"": ""33686.889000"", ""read_us"": ""30.605000"", ""write_us"": ""7.463000"", ""overruns"": ""67"", ""limited_commands"": ""2"", ""timing_dropped"": ""0""}"
2,b'\x00',can_mock,Active,"{""fault_code"": ""0"", ""cycles"": ""67264"", ""bus_fault_reason"": """", ""period_us"": ""10068.440000"", ""max_abs_jitter_us"": ""33686.889000"", ""read_us"": ""4.902000"", ""write_us"": ""1.250000"", ""overruns"": ""67"", ""limited_commands"": ""2"", ""timing_dropped"": ""0""}"
2,b'\x00',can_mock,Active,"{""fault_code"": ""0"", ""cycles"": ""67274"", ""bus_fault_reason"": """", ""period_us"": ""9653.474000"", ""max_abs_jitter_us"": ""33686.889000"", ""read_us"": ""237.613000"", ""write_us"": ""10.592000"", ""overruns"": ""67"", ""limited_commands"": ""2"", ""timing_dropped"": ""0""}"
2,b'\x00',can_mock,Active,"{""fault_code"": ""0"", ""cycles"": ""67284"", ""bus_fault_reason"": """", ""period_us"": ""9932.567000"", ""max_abs_jitter_us"": ""33686.889000"", ""read_us"": ""5.456000"", ""write_us"": ""4.200000"", ""overruns"": ""67"", ""limited_commands"": ""2"", ""timing_dropped"": ""0""}"
2,b'\x00',can_mock,Active,"{""fault_code"": ""0"", ""cycles"": ""67294"", ""bus_fault_reason"": """", ""period_us"": ""10899.746000"", ""max_abs_jitter_us"": ""33686.889000"", ""read_us"": ""4.291000"", ""write_us"": ""2.288000"", ""overruns"": ""67"", ""limited_commands"": ""2"", ""timing_dropped"": ""0""}"
2,b'\x00',can_mock,Active,"{""fault_code"": ""0"", ""cycles"": ""67304"", ""bus_fault_reason"": """", ""period_us"": ""10642.961000"", ""max_abs_jitter_us"": ""33686.889000"", ""read_us"": ""6.350000"", ""write_us"": ""3.090000"", ""overruns"": ""67"", ""limited_commands"": ""2"", ""timing_dropped"": ""0""}"
2,b'\x00',can_mock,Active,"{""fault_code"": ""0"", ""cycles"": ""67314"", ""bus_fault_reason"": """", ""period_us"": ""9757.836000"", ""max_abs_jitter_us"": ""33686.889000"", ""read_us"": ""16.153000"", ""write_us"": ""5.902000"", ""overruns"": ""67"", ""limited_commands"": ""2"", ""timing_dropped"": ""0""}"
2,b'\x00',can_mock,Active,"{""fault_code"": ""0"", ""cycles"": ""67324"", ""bus_fault_reason"": """", ""period_us"": ""10189.959000"", ""max_abs_jitter_us"": ""33686.889000"", ""read_us"": ""5.761000"", ""write_us"": ""2.026000"", ""overruns"": ""67"", ""limited_commands"": ""2"", ""timing_dropped"": ""0""}"
2,b'\x00',can_mock,Active,"{""fault_code"": ""0"", ""cycles"": ""67334"", ""bus_fault_reason"": """", ""period_us"": ""10000.010000"", ""max_abs_jitter_us"": ""33686.889000"", ""read_us"": ""5.706000"", ""write_us"": ""17.857000"", ""overruns"": ""67"", ""limited_commands"": ""2"", ""timing_dropped"": ""0""}"
2,b'\x00',can_mock,Active,"{""fault_code"": ""0"", ""cycles"": ""67344"", ""bus_fault_reason"": """", ""period_us"": ""10366.471000"", ""max_abs_jitter_us"": ""33686.889000"", ""read_us"": ""10.105000"", ""write_us"": ""3.554000"", ""overruns"": ""67"", ""limited_commands"": ""2"", ""timing_dropped"": ""0""}"
2,b'\x00',can_mock,Active,"{""fault_code"": ""0"", ""cycles"": ""67354"", ""bus_fault_reason"": """", ""period_us"": ""10073.868000"", ""max_abs_jitter_us"": ""33686.889000"", ""read_us"": ""7.136000"", ""write_us"": ""4.843000"", ""overruns"": ""67"", ""limited_commands"": ""2"", ""timing_dropped"": ""0""}"
2,b'\x00',can_mock,Active,"{""fault_code"": ""0"", ""cycles"": ""67364"", ""bus_fault_reason"": """", ""period_us"": ""11111.882000"", ""max_abs_jitter_us"": ""33686.889000"", ""read_us"": ""4.844000"", ""write_us"": ""2.136000"", ""overruns"": ""67"", ""limited_commands"": ""2"", ""timing_dropped"": ""0""}"
2,b'\x00',can_mock,Active,"{""fault_code"": ""0"", ""cycles"": ""67374"", ""bus_fault_reason"": """", ""period_us"": ""11960.800000"", ""max_abs_jitter_us"": ""33686.889000"", ""read_us"": ""6.361000"", ""write_us"": ""1.861000"", ""overruns"": ""67"", ""limited_commands"": ""2"", ""timing_dropped"": ""0""}"
2,b'\x00',can_mock,Active,"{""fault_code"": ""0"", ""cycles"": ""67384"", ""bus_fault_reason"": """", ""period_us"": ""10320.734000"", ""max_abs_jitter_us"": ""33686.889000"", ""read_us"": ""11.675000"", ""write_us"": ""13.207000"", ""overruns"": ""67"", ""limited_commands"": ""2"", ""timing_dropped"": ""0""}"
2,b'\x00',can_mock,Active,"{""fault_code"": ""0"", ""cycles"": ""67394"", ""bus_fault_reason"": """", ""period_us"": ""10218.862000"", ""max_abs_jitter_us"": ""33686.889000"", ""read_us"": ""6.651000"", ""write_us"": ""3.524000"", ""overruns"": ""67"", ""limited_commands"": ""2"", ""timing_dropped"": ""0""}"
2,b'\x00',can_mock,Active,"{""fault_code"": ""0"", ""cycles"": ""67404"", ""bus_fault_reason"": """", ""period_us"": ""12406.109000"", ""max_abs_jitter_us"": ""33686.889000"", ""read_us"": ""7.391000"", ""write_us"": ""6.131000"", ""overruns"": ""67"", ""limited_commands"": ""2"", ""timing_dropped"": ""0""}"
2,b'\x00',can_mock,Active,"{""fault_code"": ""0"", ""cycles"": ""67414"", ""bus_fault_reason"": """", ""period_us"": ""10327.828000"", ""max_abs_jitter_us"": ""33686.889000"", ""read_us"": ""8.652000"", ""write_us"": ""23.749000"", ""overruns"": ""67"", ""limited_commands"": ""2"", ""timing_dropped"": ""0""}"
2,b'\x00',can_mock,Active,"{""fault_code"": ""0"", ""cycles"": ""67424"", ""bus_fault_reason"": """", ""period_us"": ""10098.899000"", ""max_abs_jitter_us"": ""33686.889000"", ""read_us"": ""6.849000"", ""write_us"": ""10.248000"", ""overruns"": ""67"", ""limited_commands"": ""2"", ""timing_dropped"": ""0""}"
2,b'\x00',can_mock,Active,"{""fault_code"": ""0"", ""cycles"": ""67434"", ""bus_fault_reason"": """", ""period_us"": ""6930.821000"", ""max_abs_jitter_us"": ""33686.889000"", ""read_us"": ""4.346000"", ""write_us"": ""4.136000"", ""overruns"": ""67"", ""limited_commands"": ""2"", ""timing_dropped"": ""0""}"
2,b'\x00',can_mock,Active,"{""fault_code"": ""0"", ""cycles"": ""67445"", ""bus_fault_reason"": """", ""period_us"": ""10302.749000"", ""max_abs_jitter_us"": ""33686.889000"", ""read_us"": ""38.590000"", ""write_us"": ""12.025000"", ""overruns"": ""67"", ""limited_commands"": ""2"", ""timing_dropped"": ""0""}"
2,b'\x00',can_mock,Active,"{""fault_code"": ""0"", ""cycles"": ""67454"", ""bus_fault_reason"": """", ""period_us"": ""10044.511000"", ""max_abs_jitter_us"": ""33686.889000"", ""read_us"": ""4.509000"", ""write_us"": ""2.168000"", ""overruns"": ""67"", ""limited_commands"": ""2"", ""timing_dropped"": ""0""}"
2,b'\x00',can_mock,Active,"{""fault_code"": ""0"", ""cycles"": ""67464"", ""bus_fault_reason"": """", ""period_us"": ""10595.553000"", ""max_abs_jitter_us"": ""33686.889000"", ""read_us"": ""6.586000"", ""write_us"": ""3.533000"", ""overruns"": ""67"", ""limited_commands"": ""2"", ""timing_dropped"": ""0""}"
2,b'\x00',can_mock,Active,"{""fault_code"": ""0"", ""cycles"": ""67474"", ""bus_fault_reason"": """", ""period_us"": ""11644.067000"", ""max_abs_jitter_us"": ""33686.889000"", ""read_us"": ""33.941000"", ""write_us"": ""3.619000"", ""overruns"": ""67"", ""limited_commands"": ""2"", ""timing_dropped"": ""0""}"
2,b'\x00',can_mock,Active,"{""fault_code"": ""0"", ""cycles"": ""67484"", ""bus_fault_reason"": """", ""period_us"": ""10331.419000"", ""max_abs_jitter_us"": ""33686.889000"", ""read_us"": ""25.234000"", ""write_us"": ""12.668000"", ""overruns"": ""67"", ""limited_commands"": ""2"", ""timing_dropped"": ""0""}"
2,b'\x00',can_mock,Active,"{""fault_code"": ""0"", ""cycles"": ""67494"", ""bus_fault_reason"": """", ""period_us"": ""9280.097000"", ""max_abs_jitter_us"": ""33686.889000"", ""read_us"": ""39.440000"", ""write_us"": ""2.611000"", ""overruns"": ""67"", ""limited_commands"": ""2"", ""timing_dropped"": ""0""}"
2,b'\x00',can_mock,Active,"{""fault_code"": ""0"", ""cycles"": ""67504"", ""bus_fault_reason"": """", ""period_us"": ""10312.935000"", ""max_abs_jitter_us"": ""33686.889000"", ""read_us"": ""6.443000"", ""write_us"": ""2.669000"", ""overruns"": ""67"", ""limited_commands"": ""2"", ""timing_dropped"": ""0""}"
2,b'\x00',can_mock,Active,"{""fault_code"": ""0"", ""cycles"": ""67514"", ""bus_fault_reason"": """", ""period_us"": ""9992.327000"", ""max_abs_jitter_us"": ""33686.889000"", ""read_us"": ""5.305000"", ""write_us"": ""4.397000"", ""overruns"": ""67"", ""limited_commands"": ""2"", ""timing_dropped"": ""0""}"
2,b'\x00',can_mock,Active,"{""fault_code"": ""0"", ""cycles"": ""67524"", ""bus_fault_reason"": """", ""period_us"": ""10189.871000"", ""max_abs_jitter_us"": ""33686.889000"", ""read_us"": ""5.565000"", ""write_us"": ""3.007000"", ""overruns"": ""67"", ""limited_commands"": ""2"", ""timing_dropped"": ""0""}"
2,b'\x00',can_mock,Active,"{""fault_code"": ""0"", ""cycles"": ""67534"", ""bus_fault_reason"": """", ""period_us"": ""10136.833000"", ""max_abs_jitter_us"": ""33686.889000"", ""read_us"": ""60.330000"", ""write_us"": ""11.277000"", ""overruns"": ""67"", ""limited_commands"": ""2"", ""timing_dropped"": ""0""}"
2,b'\x00',can_mock,Active,"{""fault_code"": ""0"", ""cycles"": ""67544"", ""bus_fault_reason"": """", ""period_us"": ""10229.781000"", ""max_abs_jitter_us"": ""33686.889000"", ""read_us"": ""15.255000"", ""write_us"": ""2.647000"", ""overruns"": ""67"", ""limited_commands"": ""2"", ""timing_dropped"": ""0""}"
2,b'\x00',can_mock,Active,"{""fault_code"": ""0"", ""cycles"": ""67554"", ""bus_fault_reason"": """", ""period_us"": ""10393.820000"", ""max_abs_jitter_us"": ""33686.889000"", ""read_us"": ""7.535000"", ""write_us"": ""2.857000"", ""overruns"": ""67"", ""limited_commands"": ""2"", ""timing_dropped"": ""0""}"
2,b'\x00',can_mock,Active,"{""fault_code"": ""0"", ""cycles"": ""67564"", ""bus_fault_reason"": """", ""period_us"": ""9968.037000"", ""max_abs_jitter_us"": ""33686.889000"", ""read_us"": ""4.145000"", ""write_us"": ""1.747000"", ""overruns"": ""67"", ""limited_commands"": ""2"", ""timing_dropped"": ""0""}"
2,b'\x00',can_mock,Active,"{""fault_code"": ""0"", ""cycles"": ""67574"", ""bus_fault_reason"": """", ""period_us"": ""6921.591000"", ""max_abs_jitter_us"": ""33686.889000"", ""read_us"": ""4.289000"", ""write_us"": ""1.678000"", ""overruns"": ""67"", ""limited_commands"": ""2"", ""timing_dropped"": ""0""}"
2,b'\x00',can_mock,Active,"{""fault_code"": ""0"", ""cycles"": ""67584"", ""bus_fault_reason"": """", ""period_us"": ""9445.161000"", ""max_abs_jitter_us"": ""33686.889000"", ""read_us"": ""91.956000"", ""write_us"": ""4.120000"", ""overruns"": ""67"", ""limited_commands"": ""2"", ""timing_dropped"": ""0""}"
2,b'\x00',can_mock,Active,"{""fault_code"": ""0"", ""cycles"": ""67594"", ""bus_fault_reason"": """", ""period_us"": ""10041.157000"", ""max_abs_jitter_us"": ""33686.889000"", ""read_us"": ""3.591000"", ""write_us"": ""1.508000"", ""overruns"": ""67"", ""limited_commands"": ""2"", ""timing_dropped"": ""0""}"
2,b'\x00',can_mock,Active,"{""fault_code"": ""0"", ""cycles"": ""67604"", ""bus_fault_reason"": """", ""period_us"": ""10048.214000"", ""max_abs_jitter_us"": ""33686.889000"", ""read_us"": ""9.519000"", ""write_us"": ""4.032000"", ""overruns"": ""67"", ""limited_commands"": ""2"", ""timing_dropped"": ""0""}"
2,b'\x00',can_mock,Active,"{""fault_code"": ""0"", ""cycles"": ""67614"", ""bus_fault_reason"": """", ""period_us"": ""9158.764000"", ""max_abs_jitter_us"": ""33686.889000"", ""read_us"": ""4.831000"", ""write_us"": ""3.918000"", ""overruns"": ""67"", ""limited_commands"": ""2"", ""timing_dropped"": ""0""}"
2,b'\x00',can_mock,Active,"{""fault_code"": ""0"", ""cycles"": ""67624"", ""bus_fault_reason"": """", ""period_us"": ""9982.454000"", ""max_abs_jitter_us"": ""33686.889000"", ""read_us"": ""6.047000"", ""write_us"": ""2.003000"", ""overruns"": ""67"", ""limited_commands"": ""2"", ""timing_dropped"": ""0""}"
2,b'\x00',can_mock,Active,"{""fault_code"": ""0"", ""cycles"": ""67634"", ""bus_fault_reason"": """", ""period_us"": ""11238.437000"", ""max_abs_jitter_us"": ""33686.889000"", ""read_us"": ""21.003000"", ""write_us"": ""8.909000"", ""overruns"": ""67"", ""limited_commands"": ""2"", ""timing_dropped"": ""0""}"
2,b'\x00',can_mock,Active,"{""fault_code"": ""0"", ""cycles"": ""67644"", ""bus_fault_reason"": """", ""period_us"": ""15961.537000"", ""max_abs_jitter_us"": ""33686.889000"", ""read_us"": ""5.818000"", ""write_us"": ""2.769000"", ""overruns"": ""68"", ""limited_commands"": ""2"", ""timing_dropped"": ""0""}"
2,b'\x00',can_mock,Active,"{""fault_code"": ""0"", ""cycles"": ""67654"", ""bus_fault_reason"": """", ""period_us"": ""7924.713000"", ""max_abs_jitter_us"": ""33686.889000"", ""read_us"": ""5.924000"", ""write_us"": ""9.467000"", ""overruns"": ""68"", ""limited_commands"": ""2"", ""timing_dropped"": ""0""}"
2,b'\x00',can_mock,Active,"{""fault_code"": ""0"", ""cycles"": ""67664"", ""bus_fault_reason"": """", ""period_us"": ""10999.404000"", ""max_abs_jitter_us"": ""33686.889000"", ""read_us"": ""38.109000"", ""write_us"": ""13.468000"", ""overruns"": ""68"", ""limited_commands"": ""2"", ""timing_dropped"": ""0""}"
2,b'\x00',can_mock,Active,"{""fault_code"": ""0"", ""cycles"": ""67674"", ""bus_fault_reason"": """", ""period_us"": ""11392.788000"", ""max_abs_jitter_us"": ""33686.889000"", ""read_us"": ""7.163000"", ""write_us"": ""3.736000"", ""overruns"": ""68"", ""limited_commands"": ""2"", ""timing_dropped"": ""0""}"
2,b'\x00',can_mock,Active,"{""fault_code"": ""0"", ""cycles"": ""67684"", ""bus_fault_reason"": """", ""period_us"": ""9965.550000"", ""max_abs_jitter_us"": ""33686.889000"", ""read_us"": ""5.369000"", ""write_us"": ""3.073000"", ""overruns"": ""68"", ""limited_commands"": ""2"", ""timing_dropped"": ""0""}"
2,b'\x00',can_mock,Active,"{""fault_code"": ""0"", ""cycles"": ""67694"", ""bus_fault_reason"": """", ""period_us"": ""11363.150000"", ""max_abs_jitter_us"": ""33686.889000"", ""read_us"": ""5.068000"", ""write_us"": ""2.160000"", ""overruns"": ""68"", ""limited_commands"": ""2"", ""timing_dropped"": ""0""}"
2,b'\x00',can_mock,Active,"{""fault_code"": ""0"", ""cycles"": ""67704"", ""bus_fault_reason"": """", ""period_us"": ""9914.159000"", ""max_abs_jitter_us"": ""33686.889000"", ""read_us"": ""7.808000"", ""write_us"": ""4.796000"", ""overruns"": ""68"", ""limited_commands"": ""2"", ""timing_dropped"": ""0""}"
2,b'\x00',can_mock,Active,"{""fault_code"": ""0"", ""cycles"": ""67714"", ""bus_fault_reason"": """", ""period_us"": ""9931.471000"", ""max_abs_jitter_us"": ""33686.889000"", ""read_us"": ""7.860000"", ""write_us"": ""4.307000"", ""overruns"": ""68"", ""limited_commands"": ""2"", ""timing_dropped"": ""0""}"
2,b'\x00',can_mock,Active,"{""fault_code"": ""0"", ""cycles"": ""67724"", ""bus_fault_reason"": """", ""period_us"": ""10147.599000"", ""max_abs_jitter_us"": ""33686.889000"", ""read_us"": ""6.685000"", ""write_us"": ""3.589000"", ""overruns"": ""68"", ""limited_commands"": ""2"", ""timing_dropped"": ""0""}"
2,b'\x00',can_mock,Active,"{""fault_code"": ""0"", ""cycles"": ""67734"", ""bus_fault_reason"": """", ""period_us"": ""10685.841000"", ""max_abs_jitter_us"": ""33686.889000"", ""read_us"": ""5.705000"", ""write_us"": ""3.951000"", ""overruns"": ""68"", ""limited_commands"": ""2"", ""timing_dropped"": ""0""}"
2,b'\x00',can_mock,Active,"{""fault_code"": ""0"", ""cycles"": ""67744"", ""bus_fault_reason"": """", ""period_us"": ""10363.625000"", ""max_abs_jitter_us"": ""33686.889000"", ""read_us"": ""6.563000"", ""write_us"": ""3.649000"", ""overruns"": ""68"", ""limited_commands"": ""2"", ""timing_dropped"": ""0""}"
2,b'\x00',can_mock,Active,"{""fault_code"": ""0"", ""cycles"": ""67754"", ""bus_fault_reason"": """", ""period_us"": ""8046.940000"", ""max_abs_jitter_us"": ""33686.889000"", ""read_us"": ""8.799000"", ""write_us"": ""2.827000"", ""overruns"": ""68"", ""limited_commands"": ""2"", ""timing_dropped"": ""0""}"
2,b'\x00',can_mock,Active,"{""fault_code"": ""0"", ""cycles"": ""67764"", ""bus_fault_reason"": """", ""period_us"": ""9698.710000"", ""max_abs_jitter_us"": ""33686.889000"", ""read_us"": ""5.649000"", ""write_us"": ""4.295000"", ""overruns"": ""68"", ""limited_commands"": ""2"", ""timing_dropped"": ""0""}"
2,b'\x00',can_mock,Active,"{""fault_code"": ""0"", ""cycles"": ""67774"", ""bus_fault_reason"": """", ""period_us"": ""11339.550000"", ""max_abs_jitter_us"": ""33686.889000"", ""read_us"": ""20.303000"", ""write_us"": ""6.736000"", ""overruns"": ""68"", ""limited_commands"": ""2"", ""timing_dropped"": ""0""}"
2,b'\x00',can_mock,Active,"{""fault_code"": ""0"", ""cycles"": ""67784"", ""bus_fault_reason"": """", ""period_us"": ""11040.668000"", ""max_abs_jitter_us"": ""33686.889000"", ""read_us"": ""21.155000"", ""write_us"": ""9.504000"", ""overruns"": ""68"", ""limited_commands"": ""2"", ""timing_dropped"": ""0""}"
2,b'\x00',can_mock,Active,"{""fault_code"": ""0"", ""cycles"": ""67794"", ""bus_fault_reason"": """", ""period_us"": ""10537.145000"", ""max_abs_jitter_us"": ""33686.889000"", ""read_us"": ""10.870000"", ""write_us"": ""5.620000"", ""overruns"": ""68"", ""limited_commands"": ""2"", ""timing_dropped"": ""0""}"
2,b'\x00',can_mock,Active,"{""fault_code"": ""0"", ""cycles"": ""67804"", ""bus_fault_reason"": """", ""period_us"": ""10796.909000"", ""max_abs_jitter_us"": ""33686.889000"", ""read_us"": ""9.550000"", ""write_us"": ""8.628000"", ""overruns"": ""68"", ""limited_commands"": ""2"", ""timing_dropped"": ""0""}"
2,b'\x00',can_mock,Active,"{""fault_code"": ""0"", ""cycles"": ""67814"", ""bus_fault_reason"": """", ""period_us"": ""11757.795000"", ""max_abs_jitter_us"": ""33686.889000"", ""read_us"": ""4.777000"", ""write_us"": ""2.204000"", ""overruns"": ""68"", ""limited_commands"": ""2"", ""timing_dropped"": ""0""}"
2,b'\x00',can_mock,Active,"{""fault_code"": ""0"", ""cycles"": ""67824"", ""bus_fault_reason"": """", ""period_us"": ""9880.032000"", ""max_abs_jitter_us"": ""33686.889000"", ""read_us"": ""5.280000"", ""write_us"": ""1.840000"", ""overruns"": ""68"", ""limited_commands"": ""2"", ""timing_dropped"": ""0""}"
2,b'\x00',can_mock,Active,"{""fault_code"": ""0"", ""cycles"": ""67834"", ""bus_fault_reason"": """", ""period_us"": ""10072.753000"", ""max_abs_jitter_us"": ""33686.889000"", ""read_us"": ""8.739000"", ""write_us"": ""6.300000"", ""overruns"": ""68"", ""limited_commands"": ""2"", ""timing_dropped"": ""0""}"
2,b'\x00',can_mock,Active,"{""fault_code"": ""0"", ""cycles"": ""67844"", ""bus_fault_reason"": """", ""period_us"": ""10100.099000"", ""max_abs_jitter_us"": ""33686.889000"", ""read_us"": ""6.745000"", ""write_us"": ""4.271000"", ""overruns"": ""68"", ""limited_commands"": ""2"", ""timing_dropped"": ""0""}"
2,b'\x00',can_mock,Active,"{""fault_code"": ""0"", ""cycles"": ""67854"", ""bus_fault_reason"": """", ""period_us"": ""9863.804000"", ""max_abs_jitter_us"": ""33686.889000"", ""read_us"": ""5.761000"", ""write_us"": ""2.922000"", ""overruns"": ""68"", ""limited_commands"": ""2"", ""timing_dropped"": ""0""}"
2,b'\x00',can_mock,Active,"{""fault_code"": ""0"", ""cycles"": ""67864"", ""bus_fault_reason"": """", ""period_us"": ""10093.033000"", ""max_abs_jitter_us"": ""33686.889000"", ""read_us"": ""660.613000"", ""write_us"": ""13.454000"", ""overruns"": ""69"", ""limited_commands"": ""2"", ""timing_dropped"": ""0""}"
2,b'\x00',can_mock,Active,"{""fault_code"": ""0"", ""cycles"": ""67874"", ""bus_fault_reason"": """", ""period_us"": ""10788.529000"", ""max_abs_jitter_us"": ""33686.889000"", ""read_us"": ""36.618000"", ""write_us"": ""4.318000"", ""overruns"": ""69"", ""limited_commands"": ""2"", ""timing_dropped"": ""0""}"
2,b'\x00',can_mock,Active,"{""fault_code"": ""0"", ""cycles"": ""67884"", ""bus_fault_reason"": """", ""period_us"": ""11570.776000"", ""max_abs_jitter_us"": ""33686.889000"", ""read_us"": ""4.661000"", ""write_us"": ""1.572000"", ""overruns"": ""69"", ""limited_commands"": ""2"", ""timing_dropped"": ""0""}"
2,b'\x00',can_mock,Active,"{""fault_code"": ""0"", ""cycles"": ""67894"", ""bus_fault_reason"": """", ""period_us"": ""10050.099000"", ""max_abs_jitter_us"": ""33686.889000"", ""read_us"": ""7.425000"", ""write_us"": ""21.025000"", ""overruns"": ""69"", ""limited_commands"": ""2"", ""timing_dropped"": ""0""}"
2,b'\x00',can_mock,Active,"{""fault_code"": ""0"", ""cycles"": ""67904"", ""bus_fault_reason"": """", ""period_us"": ""10140.619000"", ""max_abs_jitter_us"": ""33686.889000"", ""read_us"": ""6.211000"", ""write_us"": ""1.815000"", ""overruns"": ""69"", ""limited_commands"": ""2"", ""timing_dropped"": ""0""}"
2,b'\x00',can_mock,Active,"{""fault_code"": ""0"", ""cycles"": ""67914"", ""bus_fault_reason"": """", ""period_us"": ""9961.002000"", ""max_abs_jitter_us"": ""33686.889000"", ""read_us"": ""20.659000"", ""write_us"": ""5.068000"", ""overruns"": ""69"", ""limited_commands"": ""2"", ""timing_dropped"": ""0""}"
2,b'\x00',can_mock,Active,"{""fault_code"": ""0"", ""cycles"": ""67924"", ""bus_fault_reason"": """", ""period_us"": ""9877.124000"", ""max_abs_jitter_us"": ""33686.889000"", ""read_us"": ""7.913000"", ""write_us"": ""3.090000"", ""overruns"": ""69"", ""limited_commands"": ""2"", ""timing_dropped"": ""0""}"
3,b'\x00',can_mock,Active,"{""fault_code"": ""0"", ""cycles"": ""67934"", ""bus_fault_reason"": """", ""period_us"": ""10003.978000"", ""max_abs_jitter_us"": ""33686.889000"", ""read_us"": ""5.965000"", ""write_us"": ""4.680000"", ""overruns"": ""69"", ""limited_commands"": ""2"", ""timing_dropped"": ""0""}"
3,b'\x00',can_mock,Active,"{""fault_code"": ""0"", ""cycles"": ""67944"", ""bus_fault_reason"": """", ""period_us"": ""8609.320000"", ""max_abs_jitter_us"": ""33686.889000"", ""read_us"": ""39.997000"", ""write_us"": ""19.157000"", ""overruns"": ""69"", ""limited_commands"": ""2"", ""timing_dropped"": ""0""}"
3,b'\x00',can_mock,Active,"{""fault_code"": ""0"", ""cycles"": ""67954"", ""bus_fault_reason"": """", ""period_us"": ""9977.123000"", ""max_abs_jitter_us"": ""33686.889000"", ""read_us"": ""7.740000"", ""write_us"": ""9.948000"", ""overruns"": ""69"", ""limited_commands"": ""2"", ""timing_dropped"": ""0""}"
3,b'\x00',can_mock,Active,"{""fault_code"": ""0"", ""cycles"": ""67964"", ""bus_fault_reason"": """", ""period_us"": ""10055.966000"", ""max_abs_jitter_us"": ""33686.889000"", ""read_us"": ""9.272000"", ""write_us"": ""4.262000"", ""overruns"": ""69"", ""limited_commands"": ""2"", ""timing_dropped"": ""0""}"
3,b'\x00',can_mock,Active,"{""fault_code"": ""0"", ""cycles"": ""67974"", ""bus_fault_reason"": """", ""period_us"": ""9868.094000"", ""max_abs_jitter_us"": ""33686.889000"", ""read_us"": ""5.978000"", ""write_us"": ""7.051000"", ""overruns"": ""69"", ""limited_commands"": ""2"", ""timing_dropped"": ""0""}"
3,b'\x00',can_mock,Active,"{""fault_code"": ""0"", ""cycles"": ""67984"", ""bus_fault_reason"": """", ""period_us"": ""9890.034000"", ""max_abs_jitter_us"": ""33686.889000"", ""read_us"": ""7.442000"", ""write_us"": ""4.417000"", ""overruns"": ""69"", ""limited_commands"": ""2"", ""timing_dropped"": ""0""}"
3,b'\x00',can_mock,Active,"{""fault_code"": ""0"", ""cycles"": ""67994"", ""bus_fault_reason"": """", ""period_us"": ""9978.790000"", ""max_abs_jitter_us"": ""33686.889000"", ""read_us"": ""27.977000"", ""write_us"": ""4.826000"", ""overruns"": ""69"", ""limited_commands"": ""2"", ""timing_dropped"": ""0""}"
3,b'\x00',can_mock,Active,"{""fault_code"": ""0"", ""cycles"": ""68004"", ""bus_fault_reason"": """", ""period_us"": ""9790.465000"", ""max_abs_jitter_us"": ""33686.889000"", ""read_us"": ""8.816000"", ""write_us"": ""26.350000"", ""overruns"": ""69"", ""limited_commands"": ""2"", ""timing_dropped"": ""0""}"
3,b'\x00',can_mock,Active,"{""fault_code"": ""0"", ""cycles"": ""68014"", ""bus_fault_reason"": """", ""period_us"": ""10119.789000"", ""max_abs_jitter_us"": ""33686.889000"", ""read_us"": ""19.372000"", ""write_us"": ""3.552000"", ""overruns"": ""69"", ""limited_commands"": ""2"", ""timing_dropped"": ""0""}"
3,b'\x00',can_mock,Active,"{""fault_code"": ""0"", ""cycles"": ""68024"", ""bus_fault_reason"": """", ""period_us"": ""10003.651000"", ""max_abs_jitter_us"": ""33686.889000"", ""read_us"": ""314.643000"", ""write_us"": ""3.969000"", ""overruns"": ""69"", ""limited_commands"": ""2"", ""timing_dropped"": ""0""}"
3,b'\x00',can_mock,Active,"{""fault_code"": ""0"", ""cycles"": ""68034"", ""bus_fault_reason"": """", ""period_us"": ""10100.811000"", ""max_abs_jitter_us"": ""33686.889000"", ""read_us"": ""84.498000"", ""write_us"": ""6.866000"", ""overruns"": ""69"", ""limited_commands"": ""2"", ""timing_dropped"": ""0""}"
3,b'\x00',can_mock,Active,"{""fault_code"": ""0"", ""cycles"": ""68044"", ""bus_fault_reason"": """", ""period_us"": ""10074.482000"", ""max_abs_jitter_us"": ""33686.889000"", ""read_us"": ""20.083000"", ""write_us"": ""2.809000"", ""overruns"": ""69"", ""limited_commands"": ""2"", ""timing_dropped"": ""0""}"
3,b'\x00',can_mock,Active,"{""fault_code"": ""0"", ""cycles"": ""68054"", ""bus_fault_reason"": """", ""period_us"": ""10135.834000"", ""max_abs_jitter_us"": ""33686.889000"", ""read_us"": ""9.041000"", ""write_us"": ""4.085000"", ""overruns"": ""69"", ""limited_commands"": ""2"", ""timing_dropped"": ""0""}"
3,b'\x00',can_mock,Active,"{""fault_code"": ""0"", ""cycles"": ""68064"", ""bus_fault_reason"": """", ""period_us"": ""9876.967000"", ""max_abs_jitter_us"": ""33686.889000"", ""read_us"": ""18.997000"", ""write_us"": ""18.231000"", ""overruns"": ""69"", ""limited_commands"": ""2"", ""timing_dropped"": ""0""}"
3,b'\x00',can_mock,Active,"{""fault_code"": ""0"", ""cycles"": ""68074"", ""bus_fault_reason"": """", ""period_us"": ""10006.801000"", ""max_abs_jitter_us"": ""33686.889000"", ""read_us"": ""6.843000"", ""write_us"": ""17.998000"", ""overruns"": ""69"", ""limited_commands"": ""2"", ""timing_dropped"": ""0""}"
3,b'\x00',can_mock,Active,"{""fault_code"": ""0"", ""cycles"": ""68084"", ""bus_fault_reason"": """", ""period_us"": ""9847.585000"", ""max_abs_jitter_us"": ""33686.889000"", ""read_us"": ""6.198000"", ""write_us"": ""14.085000"", ""overruns"": ""69"", ""limited_commands"": ""2"", ""timing_dropped"": ""0""}"
3,b'\x00',can_mock,Active,"{""fault_code"": ""0"", ""cycles"": ""68094"", ""bus_fault_reason"": """", ""period_us"": ""10126.180000"", ""max_abs_jitter_us"": ""33686.889000"", ""read_us"": ""5.205000"", ""write_us"": ""1.419000"", ""overruns"": ""69"", ""limited_commands"": ""2"", ""timing_dropped"": ""0""}"
3,b'\x00',can_mock,Active,"{""fault_code"": ""0"", ""cycles"": ""68104"", ""bus_fault_reason"": """", ""period_us"": ""12135.495000"", ""max_abs_jitter_us"": ""33686.889000"", ""read_us"": ""5.718000"", ""write_us"": ""2.483000"", ""overruns"": ""69"", ""limited_commands"": ""2"", ""timing_dropped"": ""0""}"
3,b'\x00',can_mock,Active,"{""fault_code"": ""0"", ""cycles"": ""68114"", ""bus_fault_reason"": """", ""period_us"": ""10238.320000"", ""max_abs_jitter_us"": ""33686.889000"", ""read_us"": ""11.196000"", ""write_us"": ""6.513000"", ""overruns"": ""69"", ""limited_commands"": ""2"", ""timing_dropped"": ""0""}"
3,b'\x00',can_mock,Active,"{""fault_code"": ""0"", ""cycles"": ""68124"", ""bus_fault_reason"": """", ""period_us"": ""9313.225000"", ""max_abs_jitter_us"": ""33686.889000"", ""read_us"": ""7.375000"", ""write_us"": ""4.251000"", ""overruns"": ""69"", ""limited_commands"": ""2"", ""timing_dropped"": ""0""}"
3,b'\x00',can_mock,Active,"{""fault_code"": ""0"", ""cycles"": ""68134"", ""bus_fault_reason"": """", ""period_us"": ""10014.364000"", ""max_abs_jitter_us"": ""33686.889000"", ""read_us"": ""8.695000"", ""write_us"": ""5.932000"", ""overruns"": ""69"", ""limited_commands"": ""2"", ""timing_dropped"": ""0""}"
3,b'\x00',can_mock,Active,"{""fault_code"": ""0"", ""cycles"": ""68144"", ""bus_fault_reason"": """", ""period_us"": ""10009.692000"", ""max_abs_jitter_us"": ""33686.889000"", ""read_us"": ""36.493000"", ""write_us"": ""6.838000"", ""overruns"": ""69"", ""limited_commands"": ""2"", ""timing_dropped"": ""0""}"
3,b'\x00',can_mock,Active,"{""fault_code"": ""0"", ""cycles"": ""68154"", ""bus_fault_reason"": """", ""period_us"": ""9994.059000"", ""max_abs_jitter_us"": ""33686.889000"", ""read_us"": ""4.628000"", ""write_us"": ""2.818000"", ""overruns"": ""69"", ""limited_commands"": ""2"", ""timing_dropped"": ""0""}"
3,b'\x00',can_mock,Active,"{""fault_code"": ""0"", ""cycles"": ""68164"", ""bus_fault_reason"": """", ""period_us"": ""9311.079000"", ""max_abs_jitter_us"": ""33686.889000"", ""read_us"": ""4.241000"", ""write_us"": ""2.901000"", ""overruns"": ""69"", ""limited_commands"": ""2"", ""timing_dropped"": ""0""}"
3,b'\x00',can_mock,Active,"{""fault_code"": ""0"", ""cycles"": ""68174"", ""bus_fault_reason"": """", ""period_us"": ""10129.110000"", ""max_abs_jitter_us"": ""33686.889000"", ""read_us"": ""11.767000"", ""write_us"": ""4.834000"", ""overruns"": ""69"", ""limited_commands"": ""2"", ""timing_dropped"": ""0""}"
3,b'\x00',can_mock,Active,"{""fault_code"": ""0"", ""cycles"": ""68184"", ""bus_fault_reason"": """", ""period_us"": ""10003.046000"", ""max_abs_jitter_us"": ""33686.889000"", ""read_us"": ""6.544000"", ""write_us"": ""3.863000"", ""overruns"": ""69"", ""limited_commands"": ""2"", ""timing_dropped"": ""0""}"
3,b'\x00',can_mock,Active,"{""fault_code"": ""0"", ""cycles"": ""68194"", ""bus_fault_reason"": """", ""period_us"": ""9668.465000"", ""max_abs_jitter_us"": ""33686.889000"", ""read_us"": ""22.914000"", ""write_us"": ""104.119000"", ""overruns"": ""69"", ""limited_commands"": ""2"", ""timing_dropped"": ""0""}"
3,b'\x00',can_mock,Active,"{""fault_code"": ""0"", ""cycles"": ""68204"", ""bus_fault_reason"": """", ""period_us"": ""10156.160000"", ""max_abs_jitter_us"": ""33686.889000"", ""read_us"": ""5.869000"", ""write_us"": ""4.680000"", ""overruns"": ""69"", ""limited_commands"": ""2"", ""timing_dropped"": ""0""}"
3,b'\x00',can_mock,Active,"{""fault_code"": ""0"", ""cycles"": ""68214"", ""bus_fault_reason"": """", ""period_us"": ""10018.404000"", ""max_abs_jitter_us"": ""33686.889000"", ""read_us"": ""4.574000"", ""write_us"": ""2.335000"", ""overruns"": ""69"", ""limited_commands"": ""2"", ""timing_dropped"": ""0""}"
3,b'\x00',can_mock,Active,"{""fault_code"": ""0"", ""cycles"": ""68224"", ""bus_fault_reason"": """", ""period_us"": ""10042.940000"", ""max_abs_jitter_us"": ""33686.889000"", ""read_us"": ""5.286000"", ""write_us"": ""4.044000"", ""overruns"": ""69"", ""limited_commands"": ""2"", ""timing_dropped"": ""0""}"
3,b'\x00',can_mock,Active,"{""fault_code"": ""0"", ""cycles"": ""68234"", ""bus_fault_reason"": """", ""period_us"": ""9994.901000"", ""max_abs_jitter_us"": ""33686.889000"", ""read_us"": ""5.349000"", ""write_us"": ""3.340000"", ""overruns"": ""69"", ""limited_commands"": ""2"", ""timing_dropped"": ""0""}"
3,b'\x00',can_mock,Active,"{""fault_code"": ""0"", ""cycles"": ""68244"", ""bus_fault_reason"": """", ""period_us"": ""10226.682000"", ""max_abs_jitter_us"": ""33686.889000"", ""read_us"": ""13.701000"", ""write_us"": ""38.933000"", ""overruns"": ""69"", ""limited_commands"": ""2"", ""timing_dropped"": ""0""}"
3,b'\x00',can_mock,Active,"{""fault_code"": ""0"", ""cycles"": ""68254"", ""bus_fault_reason"": """", ""period_us"": ""10208.202000"", ""max_abs_jitter_us"": ""33686.889000"", ""read_us"": ""5.458000"", ""write_us"": ""3.871000"", ""overruns"": ""69"", ""limited_commands"": ""2"", ""timing_dropped"": ""0""}"
3,b'\x00',can_mock,Active,"{""fault_code"": ""0"", ""cycles"": ""68264"", ""bus_fault_reason"": """", ""period_us"": ""9960.356000"", ""max_abs_jitter_us"": ""33686.889000"", ""read_us"": ""5.985000"", ""write_us"": ""4.594000"", ""overruns"": ""69"", ""limited_commands"": ""2"", ""timing_dropped"": ""0""}"
3,b'\x00',can_mock,Active,"{""fault_code"": ""0"", ""cycles"": ""68274"", ""bus_fault_reason"": """", ""period_us"": ""8588.486000"", ""max_abs_jitter_us"": ""33686.889000"", ""read_us"": ""38.949000"", ""write_us"": ""3.099000"", ""overruns"": ""69"", ""limited_commands"": ""2"", ""timing_dropped"": ""0""}"
3,b'\x00',can_mock,Active,"{""fault_code"": ""0"", ""cycles"": ""68284"", ""bus_fault_reason"": """", ""period_us"": ""10074.472000"", ""max_abs_jitter_us"": ""33686.889000"", ""read_us"": ""17.221000"", ""write_us"": ""5.772000"", ""overruns"": ""69"", ""limited_commands"": ""2"", ""timing_dropped"": ""0""}"
3,b'\x00',can_mock,Active,"{""fault_code"": ""0"", ""cycles"": ""68294"", ""bus_fault_reason"": """", ""period_us"": ""10037.426000"", ""max_abs_jitter_us"": ""33686.889000"", ""read_us"": ""7.210000"", ""write_us"": ""4.245000"", ""overruns"": ""69"", ""limited_commands"": ""2"", ""timing_dropped"": ""0""}"
3,b'\x00',can_mock,Active,"{""fault_code"": ""0"", ""cycles"": ""68304"", ""bus_fault_reason"": """", ""period_us"": ""9610.583000"", ""max_abs_jitter_us"": ""33686.889000"", ""read_us"": ""5.414000"", ""write_us"": ""4.234000"", ""overruns"": ""69"", ""limited_commands"": ""2"", ""timing_dropped"": ""0""}"
3,b'\x00',can_mock,Active,"{""fault_code"": ""0"", ""cycles"": ""68314"", ""bus_fault_reason"": """", ""period_us"": ""9987.230000"", ""max_abs_jitter_us"": ""33686.889000"", ""read_us"": ""4.631000"", ""write_us"": ""1.733000"", ""overruns"": ""69"", ""limited_commands"": ""2"", ""timing_dropped"": ""0""}"
3,b'\x00',can_mock,Active,"{""fault_code"": ""0"", ""cycles"": ""68324"", ""bus_fault_reason"": """", ""period_us"": ""10055.302000"", ""max_abs_jitter_us"": ""33686.889000"", ""read_us"": ""8.247000"", ""write_us"": ""8.062000"", ""overruns"": ""69"", ""limited_commands"": ""2"", ""timing_dropped"": ""0""}"
3,b'\x00',can_mock,Active,"{""fault_code"": ""0"", ""cycles"": ""68334"", ""bus_fault_reason"": """", ""period_us"": ""11155.771000"", ""max_abs_jitter_us"": ""33686.889000"", ""read_us"": ""7.930000"", ""write_us"": ""4.646000"", ""overruns"": ""69"", ""limited_commands"": ""2"", ""timing_dropped"": ""0""}"
3,b'\x00',can_mock,Active,"{""fault_code"": ""0"", ""cycles"": ""68344"", ""bus_fault_reason"": """", ""period_us"": ""9056.003000"", ""max_abs_jitter_us"": ""33686.889000"", ""read_us"": ""5.955000"", ""write_us"": ""3.618000"", ""overruns"": ""69"", ""limited_commands"": ""2"", ""timing_dropped"": ""0""}"
3,b'\x00',can_mock,Active,"{""fault_code"": ""0"", ""cycles"": ""68354"", ""bus_fault_reason"": """", ""period_us"": ""10130.888000"", ""max_abs_jitter_us"": ""33686.889000"", ""read_us"": ""14.170000"", ""write_us"": ""4.703000"", ""overruns"": ""69"", ""limited_commands"": ""2"", ""timing_dropped"": ""0""}"
3,b'\x00',can_mock,Active,"{""fault_code"": ""0"", ""cycles"": ""68364"", ""bus_fault_reason"": """", ""period_us"": ""9969.050000"", ""max_abs_jitter_us"": ""33686.889000"", ""read_us"": ""10.297000"", ""write_us"": ""6.396000"", ""overruns"": ""69"", ""limited_commands"": ""2"", ""timing_dropped"": ""0""}"
3,b'\x00',can_mock,Active,"{""fault_code"": ""0"", ""cycles"": ""68374"", ""bus_fault_reason"": """", ""period_us"": ""9437.049000"", ""max_abs_jitter_us"": ""33686.889000"", ""read_us"": ""7.556000"", ""write_us"": ""2.451000"", ""overruns"": ""69"", ""limited_commands"": ""2"", ""timing_dropped"": ""0""}"
3,b'\x00',can_mock,Active,"{""fault_code"": ""0"", ""cycles"": ""68384"", ""bus_fault_reason"": """", ""period_us"": ""11253.281000"", ""max_abs_jitter_us"": ""33686.889000"", ""read_us"": ""7.567000"", ""write_us"": ""1.646000"", ""overruns"": ""69"", ""limited_commands"": ""2"", ""timing_dropped"": ""0""}"
3,b'\x00',can_mock,Active,"{""fault_code"": ""0"", ""cycles"": ""68394"", ""bus_fault_reason"": """", ""period_us"": ""10112.590000"", ""max_abs_jitter_us"": ""33686.889000"", ""read_us"": ""8.090000"", ""write_us"": ""6.379000"", ""overruns"": ""69"", ""limited_commands"": ""2"", ""timing_dropped"": ""0""}"
3,b'\x00',can_mock,Active,"{""fault_code"": ""0"", ""cycles"": ""68404"", ""bus_fault_reason"": """", ""period_us"": ""10054.848000"", ""max_abs_jitter_us"": ""33686.889000"", ""read_us"": ""9.143000"", ""write_us"": ""3.938000"", ""overruns"": ""69"", ""limited_commands"": ""2"", ""timing_dropped"": ""0""}"
3,b'\x00',can_mock,Active,"{""fault_code"": ""0"", ""cycles"": ""68414"", ""bus_fault_reason"": """", ""period_us"": ""9832.211000"", ""max_abs_jitter_us"": ""33686.889000"", ""read_us"": ""5.298000"", ""write_us"": ""2.525000"", ""overruns"": ""69"", ""limited_commands"": ""2"", ""timing_dropped"": ""0""}"
3,b'\x00',can_mock,Active,"{""fault_code"": ""0"", ""cycles"": ""68424"", ""bus_fault_reason"": """", ""period_us"": ""10129.192000"", ""max_abs_jitter_us"": ""33686.889000"", ""read_us"": ""5.152000"", ""write_us"": ""1.336000"", ""overruns"": ""69"", ""limited_commands"": ""2"", ""timing_dropped"": ""0""}"
3,b'\x00',can_mock,Active,"{""fault_code"": ""0"", ""cycles"": ""68434"", ""bus_fault_reason"": """", ""period_us"": ""10003.566000"", ""max_abs_jitter_us"": ""33686.889000"", ""read_us"": ""5.358000"", ""write_us"": ""50.928000"", ""overruns"": ""69"", ""limited_commands"": ""2"", ""timing_dropped"": ""0""}"
3,b'\x00',can_mock,Active,"{""fault_code"": ""0"", ""cycles"": ""68444"", ""bus_fault_reason"": """", ""period_us"": ""9954.868000"", ""max_abs_jitter_us"": ""33686.889000"", ""read_us"": ""5.441000"", ""write_us"": ""2.328000"", ""overruns"": ""69"", ""limited_commands"": ""2"", ""timing_dropped"": ""0""}"
3,b'\x00',can_mock,Active,"{""fault_code"": ""0"", ""cycles"": ""68454"", ""bus_fault_reason"": """", ""period_us"": ""10063.669000"", ""max_abs_jitter_us"": ""33686.889000"", ""read_us"": ""21.595000"", ""write_us"": ""5.690000"", ""overruns"": ""69"", ""limited_commands"": ""2"", ""timing_dropped"": ""0""}"
3,b'\x00',can_mock,Active,"{""fault_code"": ""0"", ""cycles"": ""68464"", ""bus_fault_reason"": """", ""period_us"": ""10134.047000"", ""max_abs_jitter_us"": ""33686.889000"", ""read_us"": ""37.679000"", ""write_us"": ""5.609000"", ""overruns"": ""69"", ""limited_commands"": ""2"", ""timing_dropped"": ""0""}"
3,b'\x00',can_mock,Active,"{""fault_code"": ""0"", ""cycles"": ""68474"", ""bus_fault_reason"": """", ""period_us"": ""10048.984000"", ""max_abs_jitter_us"": ""33686.889000"", ""read_us"": ""6.341000"", ""write_us"": ""4.160000"", ""overruns"": ""69"", ""limited_commands"": ""2"", ""timing_dropped"": ""0""}"
3,b'\x00',can_mock,Active,"{""fault_code"": ""0"", ""cycles"": ""68484"", ""bus_fault_reason"": """", ""period_us"": ""10041.291000"", ""max_abs_jitter_us"": ""33686.889000"", ""read_us"": ""7.569000"", ""write_us"": ""4.097000"", ""overruns"": ""69"", ""limited_commands"": ""2"", ""timing_dropped"": ""0""}"
3,b'\x00',can_mock,Active,"{""fault_code"": ""0"", ""cycles"": ""68494"", ""bus_fault_reason"": """", ""period_us"": ""11164.803000"", ""max_abs_jitter_us"": ""33686.889000"", ""read_us"": ""9.255000"", ""write_us"": ""6.777000"", ""overruns"": ""69"", ""limited_commands"": ""2"", ""timing_dropped"": ""0""}"
3,b'\x00',can_mock,Active,"{""fault_code"": ""0"", ""cycles"": ""68504"", ""bus_fault_reason"": """", ""period_us"": ""10287.132000"", ""max_abs_jitter_us"": ""33686.889000"", ""read_us"": ""25.275000"", ""write_us"": ""5.360000"", ""overruns"": ""69"", ""limited_commands"": ""2"", ""timing_dropped"": ""0""}"
3,b'\x00',can_mock,Active,"{""fault_code"": ""0"", ""cycles"": ""68514"", ""bus_fault_reason"": """", ""period_us"": ""10016.740000"", ""max_abs_jitter_us"": ""33686.889000"", ""read_us"": ""6.124000"", ""write_us"": ""3.439000"", ""overruns"": ""69"", ""limited_commands"": ""2"", ""timing_dropped"": ""0""}"
3,b'\x00',can_mock,Active,"{""fault_code"": ""0"", ""cycles"": ""68524"", ""bus_fault_reason"": """", ""period_us"": ""9861.807000"", ""max_abs_jitter_us"": ""33686.889000"", ""read_us"": ""5.147000"", ""write_us"": ""3.327000"", ""overruns"": ""69"", ""limited_commands"": ""2"", ""timing_dropped"": ""0""}"
3,b'\x00',can_mock,Active,"{""fault_code"": ""0"", ""cycles"": ""68534"", ""bus_fault_reason"": """", ""period_us"": ""10063.459000"", ""max_abs_jitter_us"": ""33686.889000"", ""read_us"": ""5.478000"", ""write_us"": ""2.881000"", ""overruns"": ""69"", ""limited_commands"": ""2"", ""timing_dropped"": ""0""}"
3,b'\x00',can_mock,Active,"{""fault_code"": ""0"", ""cycles"": ""68544"", ""bus_fault_reason"": """", ""period_us"": ""9686.474000"", ""max_abs_jitter_us"": ""33686.889000"", ""read_us"": ""35.429000"", ""write_us"": ""8.951000"", ""overruns"": ""69"", ""limited_commands"": ""2"", ""timing_dropped"": ""0""}"
3,b'\x00',can_mock,Active,"{""fault_code"": ""0"", ""cycles"": ""68554"", ""bus_fault_reason"": """", ""period_us"": ""9912.052000"", ""max_abs_jitter_us"": ""33686.889000"", ""read_us"": ""5.397000"", ""write_us"": ""4.392000"", ""overruns"": ""69"", ""limited_commands"": ""2"", ""timing_dropped"": ""0""}"
3,b'\x00',can_mock,Active,"{""fault_code"": ""0"", ""cycles"": ""68564"", ""bus_fault_reason"": """", ""period_us"": ""9403.863000"", ""max_abs_jitter_us"": ""33686.889000"", ""read_us"": ""90.406000"", ""write_us"": ""15.713000"", ""overruns"": ""69"", ""limited_commands"": ""2"", ""timing_dropped"": ""0""}"
3,b'\x00',can_mock,Active,"{""fault_code"": ""0"", ""cycles"": ""68574"", ""bus_fault_reason"": """", ""period_us"": ""10225.489000"", ""max_abs_jitter_us"": ""33686.889000"", ""read_us"": ""34.035000"", ""write_us"": ""8.768000"", ""overruns"": ""69"", ""limited_commands"": ""2"", ""timing_dropped"": ""0""}"
3,b'\x00',can_mock,Active,"{""fault_code"": ""0"", ""cycles"": ""68584"", ""bus_fault_reason"": """", ""period_us"": ""10135.620000"", ""max_abs_jitter_us"": ""33686.889000"", ""read_us"": ""13.822000"", ""write_us"": ""26.044000"", ""overruns"": ""69"", ""limited_commands"": ""2"", ""timing_dropped"": ""0""}"
3,b'\x00',can_mock,Active,"{""fault_code"": ""0"", ""cycles"": ""68594"", ""bus_fault_reason"": """", ""period_us"": ""9215.222000"", ""max_abs_jitter_us"": ""33686.889000"", ""read_us"": ""6.448000"", ""write_us"": ""4.450000"", ""overruns"": ""69"", ""limited_commands"": ""2"", ""timing_dropped"": ""0""}"
3,b'\x00',can_mock,Active,"{""fault_code"": ""0"", ""cycles"": ""68604"", ""bus_fault_reason"": """", ""period_us"": ""9630.981000"", ""max_abs_jitter_us"": ""33686.889000"", ""read_us"": ""5.231000"", ""write_us"": ""3.180000"", ""overruns"": ""69"", ""limited_commands"": ""2"", ""timing_dropped"": ""0""}"
3,b'\x00',can_mock,Active,"{""fault_code"": ""0"", ""cycles"": ""68614"", ""bus_fault_reason"": """", ""period_us"": ""9922.345000"", ""max_abs_jitter_us"": ""33686.889000"", ""read_us"": ""10.935000"", ""write_us"": ""2.962000"", ""overruns"": ""69"", ""limited_commands"": ""2"", ""timing_dropped"": ""0""}"
3,b'\x00',can_mock,Active,"{""fault_code"": ""0"", ""cycles"": ""68624"", ""bus_fault_reason"": """", ""period_us"": ""9989.629000"", ""max_abs_jitter_us"": ""33686.889000"", ""read_us"": ""6.643000"", ""write_us"": ""5.456000"", ""overruns"": ""69"", ""limited_commands"": ""2"", ""timing_dropped"": ""0""}"
3,b'\x00',can_mock,Active,"{""fault_code"": ""0"", ""cycles"": ""68634"", ""bus_fault_reason"": """", ""period_us"": ""10003.748000"", ""max_abs_jitter_us"": ""33686.889000"", ""read_us"": ""7.494000"", ""write_us"": ""6.871000"", ""overruns"": ""69"", ""limited_commands"": ""2"", ""timing_dropped"": ""0""}"
3,b'\x00',can_mock,Active,"{""fault_code"": ""0"", ""cycles"": ""68644"", ""bus_fault_reason"": """", ""period_us"": ""9961.140000"", ""max_abs_jitter_us"": ""33686.889000"", ""read_us"": ""14.507000"", ""write_us"": ""4.060000"", ""overruns"": ""69"", ""limited_commands"": ""2"", ""timing_dropped"": ""0""}"
3,b'\x00',can_mock,Active,"{""fault_code"": ""0"", ""cycles"": ""68654"", ""bus_fault_reason"": """", ""period_us"": ""9759.194000"", ""max_abs_jitter_us"": ""33686.889000"", ""read_us"": ""65.486000"", ""write_us"": ""7.385000"", ""overruns"": ""69"", ""limited_commands"": ""2"", ""timing_dropped"": ""0""}"
3,b'\x00',can_mock,Active,"{""fault_code"": ""0"", ""cycles"": ""68664"", ""bus_fault_reason"": """", ""period_us"": ""9979.181000"", ""max_abs_jitter_us"": ""33686.889000"", ""read_us"": ""5.903000"", ""write_us"": ""3.244000"", ""overruns"": ""69"", ""limited_commands"": ""2"", ""timing_dropped"": ""0""}"
3,b'\x00',can_mock,Active,"{""fault_code"": ""0"", ""cycles"": ""68674"", ""bus_fault_reason"": """", ""period_us"": ""10009.658000"", ""max_abs_jitter_us"": ""33686.889000"", ""read_us"": ""4.673000"", ""write_us"": ""4.108000"", ""overruns"": ""69"", ""limited_commands"": ""2"", ""timing_dropped"": ""0""}"
3,b'\x00',can_mock,Active,"{""fault_code"": ""0"", ""cycles"": ""68684"", ""bus_fault_reason"": """", ""period_us"": ""10151.668000"", ""max_abs_jitter_us"": ""33686.889000"", ""read_us"": ""29.910000"", ""write_us"": ""4.727000"", ""overruns"": ""69"", ""limited_commands"": ""2"", ""timing_dropped"": ""0""}"
3,b'\x00',can_mock,Active,"{""fault_code"": ""0"", ""cycles"": ""68694"", ""bus_fault_reason"": """", ""period_us"": ""9591.100000"", ""max_abs_jitter_us"": ""33686.889000"", ""read_us"": ""5.633000"", ""write_us"": ""3.077000"", ""overruns"": ""69"", ""limited_commands"": ""2"", ""timing_dropped"": ""0""}"
3,b'\x00',can_mock,Active,"{""fault_code"": ""0"", ""cycles"": ""68704"", ""bus_fault_reason"": """", ""period_us"": ""9978.608000"", ""max_abs_jitter_us"": ""33686.889000"", ""read_us"": ""4.606000"", ""write_us"": ""1.453000"", ""overruns"": ""69"", ""limited_commands"": ""2"", ""timing_dropped"": ""0""}"
3,b'\x00',can_mock,Active,"{""fault_code"": ""0"", ""cycles"": ""68714"", ""bus_fault_reason"": """", ""period_us"": ""9914.659000"", ""max_abs_jitter_us"": ""33686.889000"", ""read_us"": ""5.144000"", ""write_us"": ""3.411000"", ""overruns"": ""69"", ""limited_commands"": ""2"", ""timing_dropped"": ""0""}"
3,b'\x00',can_mock,Active,"{""fault_code"": ""0"", ""cycles"": ""68724"", ""bus_fault_reason"": """", ""period_us"": ""9965.875000"", ""max_abs_jitter_us"": ""33686.889000"", ""read_us"": ""6.425000"", ""write_us"": ""4.364000"", ""overruns"": ""69"", ""limited_commands"": ""2"", ""timing_dropped"": ""0""}"
3,b'\x00',can_mock,Active,"{""fault_code"": ""0"", ""cycles"": ""68734"", ""bus_fault_reason"": """", ""period_us"": ""9901.535000"", ""max_abs_jitter_us"": ""33686.889000"", ""read_us"": ""5.546000"", ""write_us"": ""2.114000"", ""overruns"": ""69"", ""limited_commands"": ""2"", ""timing_dropped"": ""0""}"
3,b'\x00',can_mock,Active,"{""fault_code"": ""0"", ""cycles"": ""68744"", ""bus_fault_reason"": """", ""period_us"": ""8588.945000"", ""max_abs_jitter_us"": ""33686.889000"", ""read_us"": ""6.544000"", ""write_us"": ""3.184000"", ""overruns"": ""69"", ""limited_commands"": ""2"", ""timing_dropped"": ""0""}"
3,b'\x00',can_mock,Active,"{""fault_code"": ""0"", ""cycles"": ""68754"", ""bus_fault_reason"": """", ""period_us"": ""9934.014000"", ""max_abs_jitter_us"": ""33686.889000"", ""read_us"": ""7.290000"", ""write_us"": ""5.147000"", ""overruns"": ""69"", ""limited_commands"": ""2"", ""timing_dropped"": ""0""}"
3,b'\x00',can_mock,Active,"{""fault_code"": ""0"", ""cycles"": ""68764"", ""bus_fault_reason"": """", ""period_us"": ""9937.846000"", ""max_abs_jitter_us"": ""33686.889000"", ""read_us"": ""7.151000"", ""write_us"": ""19.500000"", ""overruns"": ""69"", ""limited_commands"": ""2"", ""timing_dropped"": ""0""}"
3,b'\x00',can_mock,Active,"{""fault_code"": ""0"", ""cycles"": ""68774"", ""bus_fault_reason"": """", ""period_us"": ""5763.526000"", ""max_abs_jitter_us"": ""33686.889000"", ""read_us"": ""16.491000"", ""write_us"": ""5.897000"", ""overruns"": ""69"", ""limited_commands"": ""2"", ""timing_dropped"": ""0""}"
3,b'\x00',can_mock,Active,"{""fault_code"": ""0"", ""cycles"": ""68784"", ""bus_fault_reason"": """", ""period_us"": ""10043.571000"", ""max_abs_jitter_us"": ""33686.889000"", ""read_us"": ""29.919000"", ""write_us"": ""2.228000"", ""overruns"": ""69"", ""limited_commands"": ""2"", ""timing_dropped"": ""0""}"
3,b'\x00',can_mock,Active,"{""fault_code"": ""0"", ""cycles"": ""68794"", ""bus_fault_reason"": """", ""period_us"": ""10016.815000"", ""max_abs_jitter_us"": ""33686.889000"", ""read_us"": ""42.391000"", ""write_us"": ""4.561000"", ""overruns"": ""69"", ""limited_commands"": ""2"", ""timing_dropped"": ""0""}"
3,b'\x00',can_mock,Active,"{""fault_code"": ""0"", ""cycles"": ""68804"", ""bus_fault_reason"": """", ""period_us"": ""9957.319000"", ""max_abs_jitter_us"": ""33686.889000"", ""read_us"": ""5.986000"", ""write_us"": ""3.404000"", ""overruns"": ""69"", ""limited_commands"": ""2"", ""timing_dropped"": ""0""}"
3,b'\x00',can_mock,Active,"{""fault_code"": ""0"", ""cycles"": ""68814"", ""bus_fault_reason"": """", ""period_us"": ""9943.031000"", ""max_abs_jitter_us"": ""33686.889000"", ""read_us"": ""10.163000"", ""write_us"": ""4.369000"", ""overruns"": ""69"", ""limited_commands"": ""2"", ""timing_dropped"": ""0""}"
3,b'\x00',can_mock,Active,"{""fault_code"": ""0"", ""cycles"": ""68824"", ""bus_fault_reason"": """", ""period_us"": ""10150.939000"", ""max_abs_jitter_us"": ""33686.889000"", ""read_us"": ""22.430000"", ""write_us"": ""14.171000"", ""overruns"": ""69"", ""limited_commands"": ""2"", ""timing_dropped"": ""0""}"
3,b'\x00',can_mock,Active,"{""fault_code"": ""0"", ""cycles"": ""68834"", ""bus_fault_reason"": """", ""period_us"": ""9955.626000"", ""max_abs_jitter_us"": ""33686.889000"", ""read_us"": ""5.782000"", ""write_us"": ""5.078000"", ""overruns"": ""69"", ""limited_commands"": ""2"", ""timing_dropped"": ""0""}"
3,b'\x00',can_mock,Active,"{""fault_code"": ""0"", ""cycles"": ""68844"", ""bus_fault_reason"": """", ""period_us"": ""10170.152000"", ""max_abs_jitter_us"": ""33686.889000"", ""read_us"": ""7.162000"", ""write_us"": ""4.134000"", ""overruns"": ""69"", ""limited_commands"": ""2"", ""timing_dropped"": ""0""}"
3,b'\x00',can_mock,Active,"{""fault_code"": ""0"", ""cycles"": ""68854"", ""bus_fault_reason"": """", ""period_us"": ""9621.987000"", ""max_abs_jitter_us"": ""33686.889000"", ""read_us"": ""6.421000"", ""write_us"": ""4.679000"", ""overruns"": ""69"", ""limited_commands"": ""2"", ""timing_dropped"": ""0""}"
3,b'\x00',can_mock,Active,"{""fault_code"": ""0"", ""cycles"": ""68864"", ""bus_fault_reason"": """", ""period_us"": ""8916.206000"", ""max_abs_jitter_us"": ""33686.889000"", ""read_us"": ""7.553000"", ""write_us"": ""3.512000"", ""overruns"": ""69"", ""limited_commands"": ""2"", ""timing_dropped"": ""0""}"
3,b'\x00',can_mock,Active,"{""fault_code"": ""0"", ""cycles"": ""68874"", ""bus_fault_reason"": """", ""period_us"": ""10107.374000"", ""max_abs_jitter_us"": ""33686.889000"", ""read_us"": ""39.279000"", ""write_us"": ""4.363000"", ""overruns"": ""69"", ""limited_commands"": ""2"", ""timing_dropped"": ""0""}"
3,b'\x00',can_mock,Active,"{""fault_code"": ""0"", ""cycles"": ""68884"", ""bus_fault_reason"": """", ""period_us"": ""10750.381000"", ""max_abs_jitter_us"": ""33686.889000"", ""read_us"": ""7.409000"", ""write_us"": ""5.577000"", ""overruns"": ""69"", ""limited_commands"": ""2"", ""timing_dropped"": ""0""}"
3,b'\x00',can_mock,Active,"{""fault_code"": ""0"", ""cycles"": ""68894"", ""bus_fault_reason"": """", ""period_us"": ""10093.682000"", ""max_abs_jitter_us"": ""33686.889000"", ""read_us"": ""4.796000"", ""write_us"": ""3.433000"", ""overruns"": ""69"", ""limited_commands"": ""2"", ""timing_dropped"": ""0""}"
3,b'\x00',can_mock,Active,"{""fault_code"": ""0"", ""cycles"": ""68904"", ""bus_fault_reason"": """", ""period_us"": ""9814.285000"", ""max_abs_jitter_us"": ""33686.889000"", ""read_us"": ""4.265000"", ""write_us"": ""1.513000"", ""overruns"": ""69"", ""limited_commands"": ""2"", ""timing_dropped"": ""0""}"
3,b'\x00',can_mock,Active,"{""fault_code"": ""0"", ""cycles"": ""68914"", ""bus_fault_reason"": """", ""period_us"": ""9598.485000"", ""max_abs_jitter_us"": ""33686.889000"", ""read_us"": ""4.889000"", ""write_us"": ""1631.173000"", ""overruns"": ""69"", ""limited_commands"": ""2"", ""timing_dropped"": ""0""}"
3,b'\x00',can_mock,Active,"{""fault_code"": ""0"", ""cycles"": ""68924"", ""bus_fault_reason"": """", ""period_us"": ""9280.726000"", ""max_abs_jitter_us"": ""33686.889000"", ""read_us"": ""5.164000"", ""write_us"": ""2.735000"", ""overruns"": ""69"", ""limited_commands"": ""2"", ""timing_dropped"": ""0""}"
3,b'\x00',can_mock,Active,"{""fault_code"": ""0"", ""cycles"": ""68934"", ""bus_fault_reason"": """", ""period_us"": ""11092.289000"", ""max_abs_jitter_us"": ""33686.889000"", ""read_us"": ""8.261000"", ""write_us"": ""4.877000"", ""overruns"": ""69"", ""limited_commands"": ""2"", ""timing_dropped"": ""0""}"
3,b'\x00',can_mock,Active,"{""fault_code"": ""0"", ""cycles"": ""68944"", ""bus_fault_reason"": """", ""period_us"": ""9990.280000"", ""max_abs_jitter_us"": ""33686.889000"", ""read_us"": ""5.226000"", ""write_us"": ""3.203000"", ""overruns"": ""69"", ""limited_commands"": ""2"", ""timing_dropped"": ""0""}"
3,b'\x00',can_mock,Active,"{""fault_code"": ""0"", ""cycles"": ""68954"", ""bus_fault_reason"": """", ""period_us"": ""9999.684000"", ""max_abs_jitter_us"": ""33686.889000"", ""read_us"": ""5.438000"", ""write_us"": ""2.944000"", ""overruns"": ""69"", ""limited_commands"": ""2"", ""timing_dropped"": ""0""}"
3,b'\x00',can_mock,Active,"{""fault_code"": ""0"", ""cycles"": ""68964"", ""bus_fault_reason"": """", ""period_us"": ""9854.047000"", ""max_abs_jitter_us"": ""33686.889000"", ""read_us"": ""5.511000"", ""write_us"": ""2.613000"", ""overruns"": ""69"", ""limited_commands"": ""2"", ""timing_dropped"": ""0""}"
3,b'\x00',can_mock,Active,"{""fault_code"": ""0"", ""cycles"": ""68974"", ""bus_fault_reason"": """", ""period_us"": ""10290.628000"", ""max_abs_jitter_us"": ""33686.889000"", ""read_us"": ""8.591000"", ""write_us"": ""3.851000"", ""overruns"": ""69"", ""limited_commands"": ""2"", ""timing_dropped"": ""0""}"
3,b'\x00',can_mock,Active,"{""fault_code"": ""0"", ""cycles"": ""68984"", ""bus_fault_reason"": """", ""period_us"": ""9942.697000"", ""max_abs_jitter_us"": ""33686.889000"", ""read_us"": ""30.149000"", ""write_us"": ""4.141000"", ""overruns"": ""69"", ""limited_commands"": ""2"", ""timing_dropped"": ""0""}"
3,b'\x00',can_mock,Active,"{""fault_code"": ""0"", ""cycles"": ""68994"", ""bus_fault_reason"": """", ""period_us"": ""9958.025000"", ""max_abs_jitter_us"": ""33686.889000"", ""read_us"": ""22.217000"", ""write_us"": ""23.205000"", ""overruns"": ""69"", ""limited_commands"": ""2"", ""timing_dropped"": ""0""}"
3,b'\x00',can_mock,Active,"{""fault_code"": ""0"", ""cycles"": ""69004"", ""bus_fault_reason"": """", ""period_us"": ""9813.958000"", ""max_abs_jitter_us"": ""33686.889000"", ""read_us"": ""10.044000"", ""write_us"": ""5.404000"", ""overruns"": ""69"", ""limited_commands"": ""2"", ""timing_dropped"": ""0""}"
3,b'\x00',can_mock,Active,"{""fault_code"": ""0"", ""cycles"": ""69014"", ""bus_fault_reason"": """", ""period_us"": ""10049.540000"", ""max_abs_jitter_us"": ""33686.889000"", ""read_us"": ""9.383000"", ""write_us"": ""4.935000"", ""overruns"": ""69"", ""limited_commands"": ""2"", ""timing_dropped"": ""0""}"
3,b'\x00',can_mock,Active,"{""fault_code"": ""0"", ""cycles"": ""69024"", ""bus_fault_reason"": """", ""period_us"": ""10044.159000"", ""max_abs_jitter_us"": ""33686.889000"", ""read_us"": ""6.973000"", ""write_us"": ""4.900000"", ""overruns"": ""69"", ""limited_commands"": ""2"", ""timing_dropped"": ""0""}"
3,b'\x00',can_mock,Active,"{""fault_code"": ""0"", ""cycles"": ""69034"", ""bus_fault_reason"": """", ""period_us"": ""9969.274000"", ""max_abs_jitter_us"": ""33686.889000"", ""read_us"": ""10.799000"", ""write_us"": ""3.826000"", ""overruns"": ""69"", ""limited_commands"": ""2"", ""timing_dropped"": ""0""}"
3,b'\x00',can_mock,Active,"{""fault_code"": ""0"", ""cycles"": ""69044"", ""bus_fault_reason"": """", ""period_us"": ""9953.385000"", ""max_abs_jitter_us"": ""33686.889000"", ""read_us"": ""13.491000"", ""write_us"": ""6.373000"", ""overruns"": ""69"", ""limited_commands"": ""2"", ""timing_dropped"": ""0""}"
3,b'\x00',can_mock,Active,"{""fault_code"": ""0"", ""cycles"": ""69054"", ""bus_fault_reason"": """", ""period_us"": ""10155.037000"", ""max_abs_jitter_us"": ""33686.889000"", ""read_us"": ""91.835000"", ""write_us"": ""5.333000"", ""overruns"": ""69"", ""limited_commands"": ""2"", ""timing_dropped"": ""0""}"
3,b'\x00',can_mock,Active,"{""fault_code"": ""0"", ""cycles"": ""69064"", ""bus_fault_reason"": """", ""period_us"": ""10003.356000"", ""max_abs_jitter_us"": ""33686.889000"", ""read_us"": ""7.730000"", ""write_us"": ""4.486000"", ""overruns"": ""69"", ""limited_commands"": ""2"", ""timing_dropped"": ""0""}"
3,b'\x00',can_mock,Active,"{""fault_code"": ""0"", ""cycles"": ""69074"", ""bus_fault_reason"": """", ""period_us"": ""10035.069000"", ""max_abs_jitter_us"": ""33686.889000"", ""read_us"": ""8.195000"", ""write_us"": ""3.558000"", ""overruns"": ""69"", ""limited_commands"": ""2"", ""timing_dropped"": ""0""}"
3,b'\x00',can_mock,Active,"{""fault_code"": ""0"", ""cycles"": ""69084"", ""bus_fault_reason"": """", ""period_us"": ""10104.273000"", ""max_abs_jitter_us"": ""33686.889000"", ""read_us"": ""5.631000"", ""write_us"": ""5.184000"", ""overruns"": ""69"", ""limited_commands"": ""2"", ""timing_dropped"": ""0""}"
3,b'\x00',can_mock,Active,"{""fault_code"": ""0"", ""cycles"": ""69094"", ""bus_fault_reason"": """", ""period_us"": ""10415.065000"", ""max_abs_jitter_us"": ""33686.889000"", ""read_us"": ""7.674000"", ""write_us"": ""7.698000"", ""overruns"": ""69"", ""limited_commands"": ""2"", ""timing_dropped"": ""0""}"
3,b'\x00',can_mock,Active,"{""fault_code"": ""0"", ""cycles"": ""69104"", ""bus_fault_reason"": """", ""period_us"": ""9763.592000"", ""max_abs_jitter_us"": ""33686.889000"", ""read_us"": ""6.774000"", ""write_us"": ""4.323000"", ""overruns"": ""69"", ""limited_commands"": ""2"", ""timing_dropped"": ""0""}"
3,b'\x00',can_mock,Active,"{""fault_code"": ""0"", ""cycles"": ""69114"", ""bus_fault_reason"": """", ""period_us"": ""7733.250000"", ""max_abs_jitter_us"": ""33686.889000"", ""read_us"": ""5.584000"", ""write_us"": ""4.036000"", ""overruns"": ""69"", ""limited_commands"": ""2"", ""timing_dropped"": ""0""}"
3,b'\x00',can_mock,Active,"{""fault_code"": ""0"", ""cycles"": ""69124"", ""bus_fault_reason"": """", ""period_us"": ""9984.592000"", ""max_abs_jitter_us"": ""33686.889000"", ""read_us"": ""6.282000"", ""write_us"": ""4.443000"", ""overruns"": ""69"", ""limited_commands"": ""2"", ""timing_dropped"": ""0""}"
3,b'\x00',can_mock,Active,"{""fault_code"": ""0"", ""cycles"": ""69134"", ""bus_fault_reason"": """", ""period_us"": ""10910.058000"", ""max_abs_jitter_us"": ""33686.889000"", ""read_us"": ""35.553000"", ""write_us"": ""10.912000"", ""overruns"": ""69"", ""limited_commands"": ""2"", ""timing_dropped"": ""0""}"
3,b'\x00',can_mock,Active,"{""fault_code"": ""0"", ""cycles"": ""69144"", ""bus_fault_reason"": """", ""period_us"": ""10078.156000"", ""max_abs_jitter_us"": ""33686.889000"", ""read_us"": ""6.440000"", ""write_us"": ""2.678000"", ""overruns"": ""69"", ""limited_commands"": ""2"", ""timing_dropped"": ""0""}"
3,b'\x00',can_mock,Active,"{""fault_code"": ""0"", ""cycles"": ""69151"", ""bus_fault_reason"": """", ""period_us"": ""10078.625000"", ""max_abs_jitter_us"": ""35977.843000"", ""read_us"": ""6.161000"", ""write_us"": ""5.290000"", ""overruns"": ""70"", ""limited_commands"": ""2"", ""timing_dropped"": ""0""}"
3,b'\x00',can_mock,Active,"{""fault_code"": ""0"", ""cycles"": ""69161"", ""bus_fault_reason"": """", ""period_us"": ""9888.203000"", ""max_abs_jitter_us"": ""35977.843000"", ""read_us"": ""7.545000"", ""write_us"": ""4.735000"", ""overruns"": ""70"", ""limited_commands"": ""2"", ""timing_dropped"": ""0""}"
3,b'\x00',can_mock,Active,"{""fault_code"": ""0"", ""cycles"": ""69171"", ""bus_fault_reason"": """", ""period_us"": ""10219.148000"", ""max_abs_jitter_us"": ""35977.843000"", ""read_us"": ""5.966000"", ""write_us"": ""3.159000"", ""overruns"": ""70"", ""limited_commands"": ""2"", ""timing_dropped"": ""0""}"
3,b'\x00',can_mock,Active,"{""fault_code"": ""0"", ""cycles"": ""69181"", ""bus_fault_reason"": """", ""period_us"": ""10107.181000"", ""max_abs_jitter_us"": ""35977.843000"", ""read_us"": ""15.106000"", ""write_us"": ""56.790000"", ""overruns"": ""70"", ""limited_commands"": ""2"", ""timing_dropped"": ""0""}"
3,b'\x00',can_mock,Active,"{""fault_code"": ""0"", ""cycles"": ""69191"", ""bus_fault_reason"": """", ""period_us"": ""9925.614000"", ""max_abs_jitter_us"": ""35977.843000"", ""read_us"": ""5.444000"", ""write_us"": ""3.844000"", ""overruns"": ""70"", ""limited_commands"": ""2"", ""timing_dropped"": ""0""}"
4,b'\x00',can_mock,Active,"{""fault_code"": ""0"", ""cycles"": ""69201"", ""bus_fault_reason"": """", ""period_us"": ""8164.230000"", ""max_abs_jitter_us"": ""35977.843000"", ""read_us"": ""5.296000"", ""write_us"": ""2.591000"", ""overruns"": ""70"", ""limited_commands"": ""2"", ""timing_dropped"": ""0""}"
4,b'\x00',can_mock,Active,"{""fault_code"": ""0"", ""cycles"": ""69211"", ""bus_fault_reason"": """", ""period_us"": ""10062.001000"", ""max_abs_jitter_us"": ""35977.843000"", ""read_us"": ""5.359000"", ""write_us"": ""5.257000"", ""overruns"": ""70"", ""limited_commands"": ""2"", ""timing_dropped"": ""0""}"
4,b'\x00',can_mock,Active,"{""fault_code"": ""0"", ""cycles"": ""69221"", ""bus_fault_reason"": """", ""period_us"": ""9651.748000"", ""max_abs_jitter_us"": ""35977.843000"", ""read_us"": ""6.384000"", ""write_us"": ""30.807000"", ""overruns"": ""70"", ""limited_commands"": ""2"", ""timing_dropped"": ""0""}"
4,b'\x00',can_mock,Active,"{""fault_code"": ""0"", ""cycles"": ""69231"", ""bus_fault_reason"": """", ""period_us"": ""9996.527000"", ""max_abs_jitter_us"": ""35977.843000"", ""read_us"": ""5.788000"", ""write_us"": ""2.519000"", ""overruns"": ""70"", ""limited_commands"": ""2"", ""timing_dropped"": ""0""}"
4,b'\x00',can_mock,Active,"{""fault_code"": ""0"", ""cycles"": ""69241"", ""bus_fault_reason"": """", ""period_us"": ""4939.430000"", ""max_abs_jitter_us"": ""35977.843000"", ""read_us"": ""6.390000"", ""write_us"": ""3.027000"", ""overruns"": ""70"", ""limited_commands"": ""2"", ""timing_dropped"": ""0""}"
4,b'\x00',can_mock,Active,"{""fault_code"": ""0"", ""cycles"": ""69251"", ""bus_fault_reason"": """", ""period_us"": ""10014.167000"", ""max_abs_jitter_us"": ""35977.843000"", ""read_us"": ""6.594000"", ""write_us"": ""3.204000"", ""overruns"": ""70"", ""limited_commands"": ""2"", ""timing_dropped"": ""0""}"
4,b'\x00',can_mock,Active,"{""fault_code"": ""0"", ""cycles"": ""69261"", ""bus_fault_reason"": """", ""period_us"": ""9994.190000"", ""max_abs_jitter_us"": ""35977.843000"", ""read_us"": ""6.006000"", ""write_us"": ""3.881000"", ""overruns"": ""70"", ""limited_commands"": ""2"", ""timing_dropped"": ""0""}"
4,b'\x00',can_mock,Active,"{""fault_code"": ""0"", ""cycles"": ""69271"", ""bus_fault_reason"": """", ""period_us"": ""10063.368000"", ""max_abs_jitter_us"": ""35977.843000"", ""read_us"": ""8.362000"", ""write_us"": ""3.277000"", ""overruns"": ""70"", ""limited_commands"": ""2"", ""timing_dropped"": ""0""}"
4,b'\x00',can_mock,Active,"{""fault_code"": ""0"", ""cycles"": ""69281"", ""bus_fault_reason"": """", ""period_us"": ""10022.058000"", ""max_abs_jitter_us"": ""35977.843000"", ""read_us"": ""6.098000"", ""write_us"": ""2.449000"", ""overruns"": ""70"", ""limited_commands"": ""2"", ""timing_dropped"": ""0""}"
4,b'\x00',can_mock,Active,"{""fault_code"": ""0"", ""cycles"": ""69291"", ""bus_fault_reason"": """", ""period_us"": ""10065.770000"", ""max_abs_jitter_us"": ""35977.843000"", ""read_us"": ""28.614000"", ""write_us"": ""5.260000"", ""overruns"": ""70"", ""limited_commands"": ""2"", ""timing_dropped"": ""0""}"
4,b'\x00',can_mock,Active,"{""fault_code"": ""0"", ""cycles"": ""69301"", ""bus_fault_reason"": """", ""period_us"": ""9958.682000"", ""max_abs_jitter_us"": ""35977.843000"", ""read_us"": ""5.168000"", ""write_us"": ""5.317000"", ""overruns"": ""70"", ""limited_commands"": ""2"", ""timing_dropped"": ""0""}"
4,b'\x00',can_mock,Active,"{""fault_code"": ""0"", ""cycles"": ""69311"", ""bus_fault_reason"": """", ""period_us"": ""9853.564000"", ""max_abs_jitter_us"": ""35977.843000"", ""read_us"": ""8.402000"", ""write_us"": ""23.172000"", ""overruns"": ""70"", ""limited_commands"": ""2"", ""timing_dropped"": ""0""}"
4,b'\x00',can_mock,Active,"{""fault_code"": ""0"", ""cycles"": ""69321"", ""bus_fault_reason"": """", ""period_us"": ""9793.367000"", ""max_abs_jitter_us"": ""35977.843000"", ""read_us"": ""6.451000"", ""write_us"": ""6.022000"", ""overruns"": ""70"", ""limited_commands"": ""2"", ""timing_dropped"": ""0""}"
4,b'\x00',can_mock,Active,"{""fault_code"": ""0"", ""cycles"": ""69331"", ""bus_fault_reason"": """", ""period_us"": ""10027.350000"", ""max_abs_jitter_us"": ""35977.843000"", ""read_us"": ""8.073000"", ""write_us"": ""4.102000"", ""overruns"": ""70"", ""limited_commands"": ""2"", ""timing_dropped"": ""0""}"
4,b'\x00',can_mock,Active,"{""fault_code"": ""0"", ""cycles"": ""69341"", ""bus_fault_reason"": """", ""period_us"": ""9781.957000"", ""max_abs_jitter_us"": ""35977.843000"", ""read_us"": ""6.197000"", ""write_us"": ""2.248000"", ""overruns"": ""70"", ""limited_commands"": ""2"", ""timing_dropped"": ""0""}"
4,b'\x00',can_mock,Active,"{""fault_code"": ""0"", ""cycles"": ""69351"", ""bus_fault_reason"": """", ""period_us"": ""10288.784000"", ""max_abs_jitter_us"": ""35977.843000"", ""read_us"": ""36.588000"", ""write_us"": ""13.513000"", ""overruns"": ""70"", ""limited_commands"": ""2"", ""timing_dropped"": ""0""}"
4,b'\x00',can_mock,Active,"{""fault_code"": ""0"", ""cycles"": ""69361"", ""bus_fault_reason"": """", ""period_us"": ""10233.560000"", ""max_abs_jitter_us"": ""35977.843000"", ""read_us"": ""4.818000"", ""write_us"": ""4.727000"", ""overruns"": ""70"", ""limited_commands"": ""2"", ""timing_dropped"": ""0""}"
4,b'\x00',can_mock,Active,"{""fault_code"": ""0"", ""cycles"": ""69371"", ""bus_fault_reason"": """", ""period_us"": ""11503.115000"", ""max_abs_jitter_us"": ""35977.843000"", ""read_us"": ""7.110000"", ""write_us"": ""3.560000"", ""overruns"": ""70"", ""limited_commands"": ""2"", ""timing_dropped"": ""0""}"
4,b'\x00',can_mock,Active,"{""fault_code"": ""0"", ""cycles"": ""69381"", ""bus_fault_reason"": """", ""period_us"": ""11114.108000"", ""max_abs_jitter_us"": ""35977.843000"", ""read_us"": ""5.352000"", ""write_us"": ""2.728000"", ""overruns"": ""70"", ""limited_commands"": ""2"", ""timing_dropped"": ""0""}"
4,b'\x00',can_mock,Active,"{""fault_code"": ""0"", ""cycles"": ""69391"", ""bus_fault_reason"": """", ""period_us"": ""9812.105000"", ""max_abs_jitter_us"": ""35977.843000"", ""read_us"": ""14.531000"", ""write_us"": ""18.585000"", ""overruns"": ""70"", ""limited_commands"": ""2"", ""timing_dropped"": ""0""}"
4,b'\x00',can_mock,Active,"{""fault_code"": ""0"", ""cycles"": ""69401"", ""bus_fault_reason"": """", ""period_us"": ""9980.826000"", ""max_abs_jitter_us"": ""35977.843000"", ""read_us"": ""5.979000"", ""write_us"": ""2.686000"", ""overruns"": ""70"", ""limited_commands"": ""2"", ""timing_dropped"": ""0""}"
4,b'\x00',can_mock,Active,"{""fault_code"": ""0"", ""cycles"": ""69411"", ""bus_fault_reason"": """", ""period_us"": ""9842.891000"", ""max_abs_jitter_us"": ""35977.843000"", ""read_us"": ""7.599000"", ""write_us"": ""2.285000"", ""overruns"": ""70"", ""limited_commands"": ""2"", ""timing_dropped"": ""0""}"
4,b'\x00',can_mock,Active,"{""fault_code"": ""0"", ""cycles"": ""69421"", ""bus_fault_reason"": """", ""period_us"": ""10144.303000"", ""max_abs_jitter_us"": ""35977.843000"", ""read_us"": ""6.870000"", ""write_us"": ""4.170000"", ""overruns"": ""70"", ""limited_commands"": ""2"", ""timing_dropped"": ""0""}"
4,b'\x00',can_mock,Active,"{""fault_code"": ""0"", ""cycles"": ""69431"", ""bus_fault_reason"": """", ""period_us"": ""10033.172000"", ""max_abs_jitter_us"": ""35977.843000"", ""read_us"": ""6.753000"", ""write_us"": ""3.329000"", ""overruns"": ""70"", ""limited_commands"": ""2"", ""timing_dropped"": ""0""}"
4,b'\x00',can_mock,Active,"{""fault_code"": ""0"", ""cycles"": ""69441"", ""bus_fault_reason"": """", ""period_us"": ""9839.684000"", ""max_abs_jitter_us"": ""35977.843000"", ""read_us"": ""8.235000"", ""write_us"": ""3.997000"", ""overruns"": ""70"", ""limited_commands"": ""2"", ""timing_dropped"": ""0""}"
4,b'\x00',can_mock,Active,"{""fault_code"": ""0"", ""cycles"": ""69451"", ""bus_fault_reason"": """", ""period_us"": ""9985.014000"", ""max_abs_jitter_us"": ""35977.843000"", ""read_us"": ""5.780000"", ""write_us"": ""4.566000"", ""overruns"": ""70"", ""limited_commands"": ""2"", ""timing_dropped"": ""0""}"
4,b'\x00',can_mock,Active,"{""fault_code"": ""0"", ""cycles"": ""69461"", ""bus_fault_reason"": """", ""period_us"": ""10072.937000"", ""max_abs_jitter_us"": ""35977.843000"", ""read_us"": ""4.012000"", ""write_us"": ""2.176000"", ""overruns"": ""70"", ""limited_commands"": ""2"", ""timing_dropped"": ""0""}"
4,b'\x00',can_mock,Active,"{""fault_code"": ""0"", ""cycles"": ""69471"", ""bus_fault_reason"": """", ""period_us"": ""9698.271000"", ""max_abs_jitter_us"": ""35977.843000"", ""read_us"": ""68.299000"", ""write_us"": ""3.785000"", ""overruns"": ""70"", ""limited_commands"": ""2"", ""timing_dropped"": ""0""}"
4,b'\x00',can_mock,Active,"{""fault_code"": ""0"", ""cycles"": ""69481"", ""bus_fault_reason"": """", ""period_us"": ""10020.721000"", ""max_abs_jitter_us"": ""35977.843000"", ""read_us"": ""5.697000"", ""write_us"": ""2.282000"", ""overruns"": ""70"", ""limited_commands"": ""2"", ""timing_dropped"": ""0""}"
4,b'\x00',can_mock,Active,"{""fault_code"": ""0"", ""cycles"": ""69491"", ""bus_fault_reason"": """", ""period_us"": ""10083.981000"", ""max_abs_jitter_us"": ""35977.843000"", ""read_us"": ""6.474000"", ""write_us"": ""5.840000"", ""overruns"": ""70"", ""limited_commands"": ""2"", ""timing_dropped"": ""0""}"
4,b'\x00',can_mock,Active,"{""fault_code"": ""0"", ""cycles"": ""69501"", ""bus_fault_reason"": """", ""period_us"": ""10069.040000"", ""max_abs_jitter_us"": ""35977.843000"", ""read_us"": ""7.411000"", ""write_us"": ""7.494000"", ""overruns"": ""70"", ""limited_commands"": ""2"", ""timing_dropped"": ""0""}"
4,b'\x00',can_mock,Active,"{""fault_code"": ""0"", ""cycles"": ""69511"", ""bus_fault_reason"": """", ""period_us"": ""9988.267000"", ""max_abs_jitter_us"": ""35977.843000"", ""read_us"": ""5.472000"", ""write_us"": ""3.976000"", ""overruns"": ""70"", ""limited_commands"": ""2"", ""timing_dropped"": ""0""}"
4,b'\x00',can_mock,Active,"{""fault_code"": ""0"", ""cycles"": ""69522"", ""bus_fault_reason"": """", ""period_us"": ""11290.336000"", ""max_abs_jitter_us"": ""35977.843000"", ""read_us"": ""17.360000"", ""write_us"": ""2.389000"", ""overruns"": ""70"", ""limited_commands"": ""2"", ""timing_dropped"": ""0""}"
4,b'\x00',can_mock,Active,"{""fault_code"": ""0"", ""cycles"": ""69531"", ""bus_fault_reason"": """", ""period_us"": ""9583.414000"", ""max_abs_jitter_us"": ""35977.843000"", ""read_us"": ""15.236000"", ""write_us"": ""6.132000"", ""overruns"": ""70"", ""limited_commands"": ""2"", ""timing_dropped"": ""0""}"
4,b'\x00',can_mock,Active,"{""fault_code"": ""0"", ""cycles"": ""69541"", ""bus_fault_reason"": """", ""period_us"": ""11128.636000"", ""max_abs_jitter_us"": ""35977.843000"", ""read_us"": ""6.528000"", ""write_us"": ""2.989000"", ""overruns"": ""70"", ""limited_commands"": ""2"", ""timing_dropped"": ""0""}"
4,b'\x00',can_mock,Active,"{""fault_code"": ""0"", ""cycles"": ""69551"", ""bus_fault_reason"": """", ""period_us"": ""10265.449000"", ""max_abs_jitter_us"": ""35977.843000"", ""read_us"": ""6.096000"", ""write_us"": ""4.177000"", ""overruns"": ""70"", ""limited_commands"": ""2"", ""timing_dropped"": ""0""}"
4,b'\x00',can_mock,Active,"{""fault_code"": ""0"", ""cycles"": ""69561"", ""bus_fault_reason"": """", ""period_us"": ""10046.380000"", ""max_abs_jitter_us"": ""35977.843000"", ""read_us"": ""19.425000"", ""write_us"": ""4.465000"", ""overruns"": ""70"", ""limited_commands"": ""2"", ""timing_dropped"": ""0""}"
4,b'\x00',can_mock,Active,"{""fault_code"": ""0"", ""cycles"": ""69571"", ""bus_fault_reason"": """", ""period_us"": ""9758.978000"", ""max_abs_jitter_us"": ""35977.843000"", ""read_us"": ""4.662000"", ""write_us"": ""3.830000"", ""overruns"": ""70"", ""limited_commands"": ""2"", ""timing_dropped"": ""0""}"
4,b'\x00',can_mock,Active,"{""fault_code"": ""0"", ""cycles"": ""69581"", ""bus_fault_reason"": """", ""period_us"": ""9993.934000"", ""max_abs_jitter_us"": ""35977.843000"", ""read_us"": ""5.192000"", ""write_us"": ""3.194000"", ""overruns"": ""70"", ""limited_commands"": ""2"", ""timing_dropped"": ""0""}"
4,b'\x00',can_mock,Active,"{""fault_code"": ""0"", ""cycles"": ""69591"", ""bus_fault_reason"": """", ""period_us"": ""10919.355000"", ""max_abs_jitter_us"": ""35977.843000"", ""read_us"": ""5.890000"", ""write_us"": ""3.477000"", ""overruns"": ""70"", ""limited_commands"": ""2"", ""timing_dropped"": ""0""}"
4,b'\x00',can_mock,Active,"{""fault_code"": ""0"", ""cycles"": ""69601"", ""bus_fault_reason"": """", ""period_us"": ""9787.912000"", ""max_abs_jitter_us"": ""35977.843000"", ""read_us"": ""4.023000"", ""write_us"": ""2.488000"", ""overruns"": ""70"", ""limited_commands"": ""2"", ""timing_dropped"": ""0""}"
4,b'\x00',can_mock,Active,"{""fault_code"": ""0"", ""cycles"": ""69611"", ""bus_fault_reason"": """", ""period_us"": ""9749.129000"", ""max_abs_jitter_us"": ""35977.843000"", ""read_us"": ""4.805000"", ""write_us"": ""2.900000"", ""overruns"": ""70"", ""limited_commands"": ""2"", ""timing_dropped"": ""0""}"
4,b'\x00',can_mock,Active,"{""fault_code"": ""0"", ""cycles"": ""69621"", ""bus_fault_reason"": """", ""period_us"": ""9907.810000"", ""max_abs_jitter_us"": ""35977.843000"", ""read_us"": ""11.077000"", ""write_us"": ""6.706000"", ""overruns"": ""70"", ""limited_commands"": ""2"", ""timing_dropped"": ""0""}"
4,b'\x00',can_mock,Active,"{""fault_code"": ""0"", ""cycles"": ""69631"", ""bus_fault_reason"": """", ""period_us"": ""10208.790000"", ""max_abs_jitter_us"": ""35977.843000"", ""read_us"": ""7.908000"", ""write_us"": ""4.202000"", ""overruns"": ""70"", ""limited_commands"": ""2"", ""timing_dropped"": ""0""}"
4,b'\x00',can_mock,Active,"{""fault_code"": ""0"", ""cycles"": ""69641"", ""bus_fault_reason"": """", ""period_us"": ""9990.922000"", ""max_abs_jitter_us"": ""35977.843000"", ""read_us"": ""4.226000"", ""write_us"": ""2.334000"", ""overruns"": ""70"", ""limited_commands"": ""2"", ""timing_dropped"": ""0""}"
4,b'\x00',can_mock,Active,"{""fault_code"": ""0"", ""cycles"": ""69651"", ""bus_fault_reason"": """", ""period_us"": ""9365.359000"", ""max_abs_jitter_us"": ""35977.843000"", ""read_us"": ""6.867000"", ""write_us"": ""7.399000"", ""overruns"": ""70"", ""limited_commands"": ""2"", ""timing_dropped"": ""0""}"
4,b'\x00',can_mock,Active,"{""fault_code"": ""0"", ""cycles"": ""69661"", ""bus_fault_reason"": """", ""period_us"": ""10258.308000"", ""max_abs_jitter_us"": ""35977.843000"", ""read_us"": ""3.881000"", ""write_us"": ""2.120000"", ""overruns"": ""70"", ""limited_commands"": ""2"", ""timing_dropped"": ""0""}"
4,b'\x00',can_mock,Active,"{""fault_code"": ""0"", ""cycles"": ""69671"", ""bus_fault_reason"": """", ""period_us"": ""10698.204000"", ""max_abs_jitter_us"": ""35977.843000"", ""read_us"": ""8.925000"", ""write_us"": ""5.981000"", ""overruns"": ""70"", ""limited_commands"": ""2"", ""timing_dropped"": ""0""}"
4,b'\x00',can_mock,Active,"{""fault_code"": ""0"", ""cycles"": ""69681"", ""bus_fault_reason"": """", ""period_us"": ""9904.090000"", ""max_abs_jitter_us"": ""35977.843000"", ""read_us"": ""38.161000"", ""write_us"": ""3.788000"", ""overruns"": ""70"", ""limited_commands"": ""2"", ""timing_dropped"": ""0""}"
4,b'\x00',can_mock,Active,"{""fault_code"": ""0"", ""cycles"": ""69691"", ""bus_fault_reason"": """", ""period_us"": ""10204.486000"", ""max_abs_jitter_us"": ""35977.843000"", ""read_us"": ""20.397000"", ""write_us"": ""7.944000"", ""overruns"": ""70"", ""limited_commands"": ""2"", ""timing_dropped"": ""0""}"
4,b'\x00',can_mock,Active,"{""fault_code"": ""0"", ""cycles"": ""69701"", ""bus_fault_reason"": """", ""period_us"": ""8939.301000"", ""max_abs_jitter_us"": ""35977.843000"", ""read_us"": ""5.629000"", ""write_us"": ""2.826000"", ""overruns"": ""70"", ""limited_commands"": ""2"", ""timing_dropped"": ""0""}"
4,b'\x00',can_mock,Active,"{""fault_code"": ""0"", ""cycles"": ""69711"", ""bus_fault_reason"": """", ""period_us"": ""9471.847000"", ""max_abs_jitter_us"": ""35977.843000"", ""read_us"": ""6.621000"", ""write_us"": ""3.016000"", ""overruns"": ""70"", ""limited_commands"": ""2"", ""timing_dropped"": ""0""}"
4,b'\x00',can_mock,Active,"{""fault_code"": ""0"", ""cycles"": ""69721"", ""bus_fault_reason"": """", ""period_us"": ""10844.308000"", ""max_abs_jitter_us"": ""35977.843000"", ""read_us"": ""12.226000"", ""write_us"": ""7.027000"", ""overruns"": ""70"", ""limited_commands"": ""2"", ""timing_dropped"": ""0""}"
4,b'\x00',can_mock,Active,"{""fault_code"": ""0"", ""cycles"": ""69731"", ""bus_fault_reason"": """", ""period_us"": ""10051.728000"", ""max_abs_jitter_us"": ""35977.843000"", ""read_us"": ""4.579000"", ""write_us"": ""1.949000"", ""overruns"": ""70"", ""limited_commands"": ""2"", ""timing_dropped"": ""0""}"
4,b'\x00',can_mock,Active,"{""fault_code"": ""0"", ""cycles"": ""69741"", ""bus_fault_reason"": """", ""period_us"": ""9731.510000"", ""max_abs_jitter_us"": ""35977.843000"", ""read_us"": ""5.281000"", ""write_us"": ""2.653000"", ""overruns"": ""70"", ""limited_commands"": ""2"", ""timing_dropped"": ""0""}"
4,b'\x00',can_mock,Active,"{""fault_code"": ""0"", ""cycles"": ""69751"", ""bus_fault_reason"": """", ""period_us"": ""9701.948000"", ""max_abs_jitter_us"": ""35977.843000"", ""read_us"": ""6.351000"", ""write_us"": ""3.269000"", ""overruns"": ""70"", ""limited_commands"": ""2"", ""timing_dropped"": ""0""}"
4,b'\x00',can_mock,Active,"{""fault_code"": ""0"", ""cycles"": ""69761"", ""bus_fault_reason"": """", ""period_us"": ""10004.249000"", ""max_abs_jitter_us"": ""35977.843000"", ""read_us"": ""5.197000"", ""write_us"": ""3.813000"", ""overruns"": ""70"", ""limited_commands"": ""2"", ""timing_dropped"": ""0""}"
4,b'\x00',can_mock,Active,"{""fault_code"": ""0"", ""cycles"": ""69771"", ""bus_fault_reason"": """", ""period_us"": ""9945.165000"", ""max_abs_jitter_us"": ""35977.843000"", ""read_us"": ""12.426000"", ""write_us"": ""8.015000"", ""overruns"": ""70"", ""limited_commands"": ""2"", ""timing_dropped"": ""0""}"
4,b'\x00',can_mock,Active,"{""fault_code"": ""0"", ""cycles"": ""69781"", ""bus_fault_reason"": """", ""period_us"": ""9897.153000"", ""max_abs_jitter_us"": ""35977.843000"", ""read_us"": ""6.322000"", ""write_us"": ""4.494000"", ""overruns"": ""70"", ""limited_commands"": ""2"", ""timing_dropped"": ""0""}"
4,b'\x00',can_mock,Active,"{""fault_code"": ""0"", ""cycles"": ""69791"", ""bus_fault_reason"": """", ""period_us"": ""10209.120000"", ""max_abs_jitter_us"": ""35977.843000"", ""read_us"": ""43.806000"", ""write_us"": ""5.455000"", ""overruns"": ""70"", ""limited_commands"": ""2"", ""timing_dropped"": ""0""}"
4,b'\x00',can_mock,Active,"{""fault_code"": ""0"", ""cycles"": ""69801"", ""bus_fault_reason"": """", ""period_us"": ""9727.198000"", ""max_abs_jitter_us"": ""35977.843000"", ""read_us"": ""28.563000"", ""write_us"": ""12.889000"", ""overruns"": ""70"", ""limited_commands"": ""2"", ""timing_dropped"": ""0""}"
4,b'\x00',can_mock,Active,"{""fault_code"": ""0"", ""cycles"": ""69811"", ""bus_fault_reason"": """", ""period_us"": ""9932.225000"", ""max_abs_jitter_us"": ""35977.843000"", ""read_us"": ""8.127000"", ""write_us"": ""5.418000"", ""overruns"": ""70"", ""limited_commands"": ""2"", ""timing_dropped"": ""0""}"
4,b'\x00',can_mock,Active,"{""fault_code"": ""0"", ""cycles"": ""69821"", ""bus_fault_reason"": """", ""period_us"": ""9859.053000"", ""max_abs_jitter_us"": ""35977.843000"", ""read_us"": ""12.944000"", ""write_us"": ""7.595000"", ""overruns"": ""70"", ""limited_commands"": ""2"", ""timing_dropped"": ""0""}"
4,b'\x00',can_mock,Active,"{""fault_code"": ""0"", ""cycles"": ""69831"", ""bus_fault_reason"": """", ""period_us"": ""10024.597000"", ""max_abs_jitter_us"": ""35977.843000"", ""read_us"": ""12.495000"", ""write_us"": ""3.431000"", ""overruns"": ""70"", ""limited_commands"": ""2"", ""timing_dropped"": ""0""}"
4,b'\x00',can_mock,Active,"{""fault_code"": ""0"", ""cycles"": ""69841"", ""bus_fault_reason"": """", ""period_us"": ""10117.043000"", ""max_abs_jitter_us"": ""35977.843000"", ""read_us"": ""5.007000"", ""write_us"": ""1.964000"", ""overruns"": ""70"", ""limited_commands"": ""2"", ""timing_dropped"": ""0""}"
4,b'\x00',can_mock,Active,"{""fault_code"": ""0"", ""cycles"": ""69851"", ""bus_fault_reason"": """", ""period_us"": ""10410.847000"", ""max_abs_jitter_us"": ""35977.843000"", ""read_us"": ""7.498000"", ""write_us"": ""3.842000"", ""overruns"": ""70"", ""limited_commands"": ""2"", ""timing_dropped"": ""0""}"
4,b'\x00',can_mock,Active,"{""fault_code"": ""0"", ""cycles"": ""69862"", ""bus_fault_reason"": """", ""period_us"": ""9981.379000"", ""max_abs_jitter_us"": ""35977.843000"", ""read_us"": ""5.988000"", ""write_us"": ""2.530000"", ""overruns"": ""70"", ""limited_commands"": ""2"", ""timing_dropped"": ""0""}"
4,b'\x00',can_mock,Active,"{""fault_code"": ""0"", ""cycles"": ""69871"", ""bus_fault_reason"": """", ""period_us"": ""10409.982000"", ""max_abs_jitter_us"": ""35977.843000"", ""read_us"": ""6.635000"", ""write_us"": ""3.093000"", ""overruns"": ""70"", ""limited_commands"": ""2"", ""timing_dropped"": ""0""}"
4,b'\x00',can_mock,Active,"{""fault_code"": ""0"", ""cycles"": ""69881"", ""bus_fault_reason"": """", ""period_us"": ""9967.005000"", ""max_abs_jitter_us"": ""35977.843000"", ""read_us"": ""4.628000"", ""write_us"": ""1.918000"", ""overruns"": ""70"", ""limited_commands"": ""2"", ""timing_dropped"": ""0""}"
4,b'\x00',can_mock,Active,"{""fault_code"": ""0"", ""cycles"": ""69891"", ""bus_fault_reason"": """", ""period_us"": ""10024.831000"", ""max_abs_jitter_us"": ""35977.843000"", ""read_us"": ""6.411000"", ""write_us"": ""3.330000"", ""overruns"": ""70"", ""limited_commands"": ""2"", ""timing_dropped"": ""0""}"
4,b'\x00',can_mock,Active,"{""fault_code"": ""0"", ""cycles"": ""69901"", ""bus_fault_reason"": """", ""period_us"": ""9814.051000"", ""max_abs_jitter_us"": ""35977.843000"", ""read_us"": ""5.688000"", ""write_us"": ""2.848000"", ""overruns"": ""70"", ""limited_commands"": ""2"", ""timing_dropped"": ""0""}"
4,b'\x00',can_mock,Active,"{""fault_code"": ""0"", ""cycles"": ""69911"", ""bus_fault_reason"": """", ""period_us"": ""10044.436000"", ""max_abs_jitter_us"": ""35977.843000"", ""read_us"": ""8.018000"", ""write_us"": ""4.408000"", ""overruns"": ""70"", ""limited_commands"": ""2"", ""timing_dropped"": ""0""}"
4,b'\x00',can_mock,Active,"{""fault_code"": ""0"", ""cycles"": ""69921"", ""bus_fault_reason"": """", ""period_us"": ""11326.789000"", ""max_abs_jitter_us"": ""35977.843000"", ""read_us"": ""10.198000"", ""write_us"": ""5.615000"", ""overruns"": ""70"", ""limited_commands"": ""2"", ""timing_dropped"": ""0""}"
4,b'\x00',can_mock,Active,"{""fault_code"": ""0"", ""cycles"": ""69931"", ""bus_fault_reason"": """", ""period_us"": ""10949.553000"", ""max_abs_jitter_us"": ""35977.843000"", ""read_us"": ""11.886000"", ""write_us"": ""4.092000"", ""overruns"": ""70"", ""limited_commands"": ""2"", ""timing_dropped"": ""0""}"
4,b'\x00',can_mock,Active,"{""fault_code"": ""0"", ""cycles"": ""69941"", ""bus_fault_reason"": """", ""period_us"": ""9966.395000"", ""max_abs_jitter_us"": ""35977.843000"", ""read_us"": ""5.266000"", ""write_us"": ""4.653000"", ""overruns"": ""70"", ""limited_commands"": ""2"", ""timing_dropped"": ""0""}"
4,b'\x00',can_mock,Active,"{""fault_code"": ""0"", ""cycles"": ""69951"", ""bus_fault_reason"": """", ""period_us"": ""9613.871000"", ""max_abs_jitter_us"": ""35977.843000"", ""read_us"": ""42.843000"", ""write_us"": ""4.033000"", ""overruns"": ""70"", ""limited_commands"": ""2"", ""timing_dropped"": ""0""}"
4,b'\x00',can_mock,Active,"{""fault_code"": ""0"", ""cycles"": ""69961"", ""bus_fault_reason"": """", ""period_us"": ""9527.980000"", ""max_abs_jitter_us"": ""35977.843000"", ""read_us"": ""6.922000"", ""write_us"": ""8.515000"", ""overruns"": ""70"", ""limited_commands"": ""2"", ""timing_dropped"": ""0""}"
4,b'\x00',can_mock,Active,"{""fault_code"": ""0"", ""cycles"": ""69971"", ""bus_fault_reason"": """", ""period_us"": ""10509.591000"", ""max_abs_jitter_us"": ""35977.843000"", ""read_us"": ""4.510000"", ""write_us"": ""3.934000"", ""overruns"": ""70"", ""limited_commands"": ""2"", ""timing_dropped"": ""0""}"
4,b'\x00',can_mock,Active,"{""fault_code"": ""0"", ""cycles"": ""69981"", ""bus_fault_reason"": """", ""period_us"": ""10144.004000"", ""max_abs_jitter_us"": ""35977.843000"", ""read_us"": ""13.799000"", ""write_us"": ""4.568000"", ""overruns"": ""70"", ""limited_commands"": ""2"", ""timing_dropped"": ""0""}"
4,b'\x00',can_mock,Active,"{""fault_code"": ""0"", ""cycles"": ""69991"", ""bus_fault_reason"": """", ""period_us"": ""8742.557000"", ""max_abs_jitter_us"": ""35977.843000"", ""read_us"": ""7.495000"", ""write_us"": ""4.128000"", ""overruns"": ""70"", ""limited_commands"": ""2"", ""timing_dropped"": ""0""}"
4,b'\x00',can_mock,Active,"{""fault_code"": ""0"", ""cycles"": ""70001"", ""bus_fault_reason"": """", ""period_us"": ""10009.747000"", ""max_abs_jitter_us"": ""35977.843000"", ""read_us"": ""5.006000"", ""write_us"": ""2.477000"", ""overruns"": ""70"", ""limited_commands"": ""2"", ""timing_dropped"": ""0""}"
4,b'\x00',can_mock,Active,"{""fault_code"": ""0"", ""cycles"": ""70011"", ""bus_fault_reason"": """", ""period_us"": ""10076.154000"", ""max_abs_jitter_us"": ""35977.843000"", ""read_us"": ""5.245000"", ""write_us"": ""2.753000"", ""overruns"": ""70"", ""limited_commands"": ""2"", ""timing_dropped"": ""0""}"
4,b'\x00',can_mock,Active,"{""fault_code"": ""0"", ""cycles"": ""70021"", ""bus_fault_reason"": """", ""period_us"": ""10202.661000"", ""max_abs_jitter_us"": ""35977.843000"", ""read_us"": ""23.295000"", ""write_us"": ""3.143000"", ""overruns"": ""70"", ""limited_commands"": ""2"", ""timing_dropped"": ""0""}"
4,b'\x00',can_mock,Active,"{""fault_code"": ""0"", ""cycles"": ""70031"", ""bus_fault_reason"": """", ""period_us"": ""8920.711000"", ""max_abs_jitter_us"": ""35977.843000"", ""read_us"": ""4.580000"", ""write_us"": ""1.451000"", ""overruns"": ""70"", ""limited_commands"": ""2"", ""timing_dropped"": ""0""}"
4,b'\x00',can_mock,Active,"{""fault_code"": ""0"", ""cycles"": ""70041"", ""bus_fault_reason"": """", ""period_us"": ""9995.792000"", ""max_abs_jitter_us"": ""35977.843000"", ""read_us"": ""7.124000"", ""write_us"": ""5.942000"", ""overruns"": ""70"", ""limited_commands"": ""2"", ""timing_dropped"": ""0""}"
4,b'\x00',can_mock,Active,"{""fault_code"": ""0"", ""cycles"": ""70051"", ""bus_fault_reason"": """", ""period_us"": ""9928.169000"", ""max_abs_jitter_us"": ""35977.843000"", ""read_us"": ""4.435000"", ""write_us"": ""3.266000"", ""overruns"": ""70"", ""limited_commands"": ""2"", ""timing_dropped"": ""0""}"
4,b'\x00',can_mock,Active,"{""fault_code"": ""0"", ""cycles"": ""70061"", ""bus_fault_reason"": """", ""period_us"": ""9320.311000"", ""max_abs_jitter_us"": ""35977.843000"", ""read_us"": ""21.997000"", ""write_us"": ""2.272000"", ""overruns"": ""70"", ""limited_commands"": ""2"", ""timing_dropped"": ""0""}"
4,b'\x00',can_mock,Active,"{""fault_code"": ""0"", ""cycles"": ""70071"", ""bus_fault_reason"": """", ""period_us"": ""9934.105000"", ""max_abs_jitter_us"": ""35977.843000"", ""read_us"": ""6.812000"", ""write_us"": ""3.760000"", ""overruns"": ""70"", ""limited_commands"": ""2"", ""timing_dropped"": ""0""}"
4,b'\x00',can_mock,Active,"{""fault_code"": ""0"", ""cycles"": ""70081"", ""bus_fault_reason"": """", ""period_us"": ""9940.363000"", ""max_abs_jitter_us"": ""35977.843000"", ""read_us"": ""6.329000"", ""write_us"": ""3.406000"", ""overruns"": ""70"", ""limited_commands"": ""2"", ""timing_dropped"": ""0""}"
4,b'\x00',can_mock,Active,"{""fault_code"": ""0"", ""cycles"": ""70091"", ""bus_fault_reason"": """", ""period_us"": ""10063.787000"", ""max_abs_jitter_us"": ""35977.843000"", ""read_us"": ""4.661000"", ""write_us"": ""2.392000"", ""overruns"": ""70"", ""limited_commands"": ""2"", ""timing_dropped"": ""0""}"
4,b'\x00',can_mock,Active,"{""fault_code"": ""0"", ""cycles"": ""70101"", ""bus_fault_reason"": """", ""period_us"": ""11463.046000"", ""max_abs_jitter_us"": ""35977.843000"", ""read_us"": ""43.425000"", ""write_us"": ""2.847000"", ""overruns"": ""70"", ""limited_commands"": ""2"", ""timing_dropped"": ""0""}"
4,b'\x00',can_mock,Active,"{""fault_code"": ""0"", ""cycles"": ""70111"", ""bus_fault_reason"": """", ""period_us"": ""9994.781000"", ""max_abs_jitter_us"": ""35977.843000"", ""read_us"": ""6.020000"", ""write_us"": ""2.141000"", ""overruns"": ""70"", ""limited_commands"": ""2"", ""timing_dropped"": ""0""}"
4,b'\x00',can_mock,Active,"{""fault_code"": ""0"", ""cycles"": ""70121"", ""bus_fault_reason"": """", ""period_us"": ""9569.290000"", ""max_abs_jitter_us"": ""35977.843000"", ""read_us"": ""7.545000"", ""write_us"": ""3.907000"", ""overruns"": ""70"", ""limited_commands"": ""2"", ""timing_dropped"": ""0""}"
4,b'\x00',can_mock,Active,"{""fault_code"": ""0"", ""cycles"": ""70131"", ""bus_fault_reason"": """", ""period_us"": ""9717.104000"", ""max_abs_jitter_us"": ""35977.843000"", ""read_us"": ""6.699000"", ""write_us"": ""2.477000"", ""overruns"": ""70"", ""limited_commands"": ""2"", ""timing_dropped"": ""0""}"
4,b'\x00',can_mock,Active,"{""fault_code"": ""0"", ""cycles"": ""70141"", ""bus_fault_reason"": """", ""period_us"": ""9989.389000"", ""max_abs_jitter_us"": ""35977.843000"", ""read_us"": ""5.475000"", ""write_us"": ""2.914000"", ""overruns"": ""70"", ""limited_commands"": ""2"", ""timing_dropped"": ""0""}"
4,b'\x00',can_mock,Active,"{""fault_code"": ""0"", ""cycles"": ""70151"", ""bus_fault_reason"": """", ""period_us"": ""9999.882000"", ""max_abs_jitter_us"": ""35977.843000"", ""read_us"": ""6.387000"", ""write_us"": ""3.995000"", ""overruns"": ""70"", ""limited_commands"": ""2"", ""timing_dropped"": ""0""}"
4,b'\x00',can_mock,Active,"{""fault_code"": ""0"", ""cycles"": ""70161"", ""bus_fault_reason"": """", ""period_us"": ""8916.779000"", ""max_abs_jitter_us"": ""35977.843000"", ""read_us"": ""5.810000"", ""write_us"": ""5.498000"", ""overruns"": ""70"", ""limited_commands"": ""2"", ""timing_dropped"": ""0""}"
4,b'\x00',can_mock,Active,"{""fault_code"": ""0"", ""cycles"": ""70171"", ""bus_fault_reason"": """", ""period_us"": ""9769.157000"", ""max_abs_jitter_us"": ""35977.843000"", ""read_us"": ""26.921000"", ""write_us"": ""2.928000"", ""overruns"": ""70"", ""limited_commands"": ""2"", ""timing_dropped"": ""0""}"
4,b'\x00',can_mock,Active,"{""fault_code"": ""0"", ""cycles"": ""70181"", ""bus_fault_reason"": """", ""period_us"": ""9769.698000"", ""max_abs_jitter_us"": ""35977.843000"", ""read_us"": ""5.594000"", ""write_us"": ""4.416000"", ""overruns"": ""70"", ""limited_commands"": ""2"", ""timing_dropped"": ""0""}"
4,b'\x00',can_mock,Active,"{""fault_code"": ""0"", ""cycles"": ""70191"", ""bus_fault_reason"": """", ""period_us"": ""10173.097000"", ""max_abs_jitter_us"": ""35977.843000"", ""read_us"": ""5.753000"", ""write_us"": ""2.297000"", ""overruns"": ""70"", ""limited_commands"": ""2"", ""timing_dropped"": ""0""}"
4,b'\x00',can_mock,Active,"{""fault_code"": ""0"", ""cycles"": ""70201"", ""bus_fault_reason"": """", ""period_us"": ""9439.921000"", ""max_abs_jitter_us"": ""35977.843000"", ""read_us"": ""16.717000"", ""write_us"": ""28.245000"", ""overruns"": ""70"", ""limited_commands"": ""2"", ""timing_dropped"": ""0""}"
4,b'\x00',can_mock,Active,"{""fault_code"": ""0"", ""cycles"": ""70211"", ""bus_fault_reason"": """", ""period_us"": ""10031.716000"", ""max_abs_jitter_us"": ""35977.843000"", ""read_us"": ""9.387000"", ""write_us"": ""4.460000"", ""overruns"": ""70"", ""limited_commands"": ""2"", ""timing_dropped"": ""0""}"
4,b'\x00',can_mock,Active,"{""fault_code"": ""0"", ""cycles"": ""70222"", ""bus_fault_reason"": """", ""period_us"": ""10074.686000"", ""max_abs_jitter_us"": ""35977.843000"", ""read_us"": ""7.140000"", ""write_us"": ""14.152000"", ""overruns"": ""70"", ""limited_commands"": ""2"", ""timing_dropped"": ""0""}"
4,b'\x00',can_mock,Active,"{""fault_code"": ""0"", ""cycles"": ""70231"", ""bus_fault_reason"": """", ""period_us"": ""9862.425000"", ""max_abs_jitter_us"": ""35977.843000"", ""read_us"": ""5.034000"", ""write_us"": ""2.528000"", ""overruns"": ""70"", ""limited_commands"": ""2"", ""timing_dropped"": ""0""}"
4,b'\x00',can_mock,Active,"{""fault_code"": ""0"", ""cycles"": ""70241"", ""bus_fault_reason"": """", ""period_us"": ""10096.052000"", ""max_abs_jitter_us"": ""35977.843000"", ""read_us"": ""12.727000"", ""write_us"": ""3.144000"", ""overruns"": ""70"", ""limited_commands"": ""2"", ""timing_dropped"": ""0""}"
4,b'\x00',can_mock,Active,"{""fault_code"": ""0"", ""cycles"": ""70251"", ""bus_fault_reason"": """", ""period_us"": ""9946.732000"", ""max_abs_jitter_us"": ""35977.843000"", ""read_us"": ""5.739000"", ""write_us"": ""3.743000"", ""overruns"": ""70"", ""limited_commands"": ""2"", ""timing_dropped"": ""0""}"
4,b'\x00',can_mock,Active,"{""fault_code"": ""0"", ""cycles"": ""70261"", ""bus_fault_reason"": """", ""period_us"": ""9989.289000"", ""max_abs_jitter_us"": ""35977.843000"", ""read_us"": ""6.246000"", ""write_us"": ""7.247000"", ""overruns"": ""70"", ""limited_commands"": ""2"", ""timing_dropped"": ""0""}"
4,b'\x00',can_mock,Active,"{""fault_code"": ""0"", ""cycles"": ""70271"", ""bus_fault_reason"": """", ""period_us"": ""9998.522000"", ""max_abs_jitter_us"": ""35977.843000"", ""read_us"": ""5.933000"", ""write_us"": ""5.002000"", ""overruns"": ""70"", ""limited_commands"": ""2"", ""timing_dropped"": ""0""}"
4,b'\x00',can_mock,Active,"{""fault_code"": ""0"", ""cycles"": ""70281"", ""bus_fault_reason"": """", ""period_us"": ""10024.060000"", ""max_abs_jitter_us"": ""35977.843000"", ""read_us"": ""42.008000"", ""write_us"": ""3.942000"", ""overruns"": ""70"", ""limited_commands"": ""2"", ""timing_dropped"": ""0""}"
4,b'\x00',can_mock,Active,"{""fault_code"": ""0"", ""cycles"": ""70291"", ""bus_fault_reason"": """", ""period_us"": ""9915.723000"", ""max_abs_jitter_us"": ""35977.843000"", ""read_us"": ""6.278000"", ""write_us"": ""5.647000"", ""overruns"": ""70"", ""limited_commands"": ""2"", ""timing_dropped"": ""0""}"
4,b'\x00',can_mock,Active,"{""fault_code"": ""0"", ""cycles"": ""70301"", ""bus_fault_reason"": """", ""period_us"": ""9986.217000"", ""max_abs_jitter_us"": ""35977.843000"", ""read_us"": ""5.816000"", ""write_us"": ""3.722000"", ""overruns"": ""70"", ""limited_commands"": ""2"", ""timing_dropped"": ""0""}"
4,b'\x00',can_mock,Active,"{""fault_code"": ""0"", ""cycles"": ""70311"", ""bus_fault_reason"": """", ""period_us"": ""9975.670000"", ""max_abs_jitter_us"": ""35977.843000"", ""read_us"": ""4.993000"", ""write_us"": ""2.798000"", ""overruns"": ""70"", ""limited_commands"": ""2"", ""timing_dropped"": ""0""}"
4,b'\x00',can_mock,Active,"{""fault_code"": ""0"", ""cycles"": ""70321"", ""bus_fault_reason"": """", ""period_us"": ""10130.413000"", ""max_abs_jitter_us"": ""35977.843000"", ""read_us"": ""12.787000"", ""write_us"": ""3.903000"", ""overruns"": ""70"", ""limited_commands"": ""2"", ""timing_dropped"": ""0""}"
4,b'\x00',can_mock,Active,"{""fault_code"": ""0"", ""cycles"": ""70331"", ""bus_fault_reason"": """", ""period_us"": ""9131.355000"", ""max_abs_jitter_us"": ""35977.843000"", ""read_us"": ""8.644000"", ""write_us"": ""6.490000"", ""overruns"": ""70"", ""limited_commands"": ""2"", ""timing_dropped"": ""0""}"
4,b'\x00',can_mock,Active,"{""fault_code"": ""0"", ""cycles"": ""70341"", ""bus_fault_reason"": """", ""period_us"": ""10154.205000"", ""max_abs_jitter_us"": ""35977.843000"", ""read_us"": ""36.826000"", ""write_us"": ""4.179000"", ""overruns"": ""70"", ""limited_commands"": ""2"", ""timing_dropped"": ""0""}"
4,b'\x00',can_mock,Active,"{""fault_code"": ""0"", ""cycles"": ""70351"", ""bus_fault_reason"": """", ""period_us"": ""10393.939000"", ""max_abs_jitter_us"": ""35977.843000"", ""read_us"": ""12.174000"", ""write_us"": ""36.973000"", ""overruns"": ""70"", ""limited_commands"": ""2"", ""timing_dropped"": ""0""}"
4,b'\x00',can_mock,Active,"{""fault_code"": ""0"", ""cycles"": ""70361"", ""bus_fault_reason"": """", ""period_us"": ""9984.583000"", ""max_abs_jitter_us"": ""35977.843000"", ""read_us"": ""5.218000"", ""write_us"": ""2.667000"", ""overruns"": ""70"", ""limited_commands"": ""2"", ""timing_dropped"": ""0""}"
4,b'\x00',can_mock,Active,"{""fault_code"": ""0"", ""cycles"": ""70371"", ""bus_fault_reason"": """", ""period_us"": ""9879.708000"", ""max_abs_jitter_us"": ""35977.843000"", ""read_us"": ""7.529000"", ""write_us"": ""3.726000"", ""overruns"": ""70"", ""limited_commands"": ""2"", ""timing_dropped"": ""0""}"
4,b'\x00',can_mock,Active,"{""fault_code"": ""0"", ""cycles"": ""70381"", ""bus_fault_reason"": """", ""period_us"": ""10086.852000"", ""max_abs_jitter_us"": ""35977.843000"", ""read_us"": ""3.629000"", ""write_us"": ""3.222000"", ""overruns"": ""70"", ""limited_commands"": ""2"", ""timing_dropped"": ""0""}"
4,b'\x00',can_mock,Active,"{""fault_code"": ""0"", ""cycles"": ""70391"", ""bus_fault_reason"": """", ""period_us"": ""9985.161000"", ""max_abs_jitter_us"": ""35977.843000"", ""read_us"": ""88.936000"", ""write_us"": ""12.740000"", ""overruns"": ""70"", ""limited_commands"": ""2"", ""timing_dropped"": ""0""}"
4,b'\x00',can_mock,Active,"{""fault_code"": ""0"", ""cycles"": ""70401"", ""bus_fault_reason"": """", ""period_us"": ""9949.861000"", ""max_abs_jitter_us"": ""35977.843000"", ""read_us"": ""6.062000"", ""write_us"": ""3.044000"", ""overruns"": ""70"", ""limited_commands"": ""2"", ""timing_dropped"": ""0""}"
4,b'\x00',can_mock,Active,"{""fault_code"": ""0"", ""cycles"": ""70411"", ""bus_fault_reason"": """", ""period_us"": ""10035.078000"", ""max_abs_jitter_us"": ""35977.843000"", ""read_us"": ""6.407000"", ""write_us"": ""2.909000"", ""overruns"": ""70"", ""limited_commands"": ""2"", ""timing_dropped"": ""0""}"
4,b'\x00',can_mock,Active,"{""fault_code"": ""0"", ""cycles"": ""70421"", ""bus_fault_reason"": """", ""period_us"": ""10717.571000"", ""max_abs_jitter_us"": ""35977.843000"", ""read_us"": ""4.348000"", ""write_us"": ""1.582000"", ""overruns"": ""70"", ""limited_commands"": ""2"", ""timing_dropped"": ""0""}"
4,b'\x00',can_mock,Active,"{""fault_code"": ""0"", ""cycles"": ""70431"", ""bus_fault_reason"": """", ""period_us"": ""8714.412000"", ""max_abs_jitter_us"": ""35977.843000"", ""read_us"": ""6.916000"", ""write_us"": ""19.941000"", ""overruns"": ""70"", ""limited_commands"": ""2"", ""timing_dropped"": ""0""}"
4,b'\x00',can_mock,Active,"{""fault_code"": ""0"", ""cycles"": ""70441"", ""bus_fault_reason"": """", ""period_us"": ""9994.323000"", ""max_abs_jitter_us"": ""35977.843000"", ""read_us"": ""39.210000"", ""write_us"": ""2.217000"", ""overruns"": ""70"", ""limited_commands"": ""2"", ""timing_dropped"": ""0""}"
4,b'\x00',can_mock,Active,"{""fault_code"": ""0"", ""cycles"": ""70451"", ""bus_fault_reason"": """", ""period_us"": ""10076.326000"", ""max_abs_jitter_us"": ""35977.843000"", ""read_us"": ""5.355000"", ""write_us"": ""2.602000"", ""overruns"": ""70"", ""limited_commands"": ""2"", ""timing_dropped"": ""0""}"
4,b'\x00',can_mock,Active,"{""fault_code"": ""0"", ""cycles"": ""70461"", ""bus_fault_reason"": """", ""period_us"": ""10149.961000"", ""max_abs_jitter_us"": ""35977.843000"", ""read_us"": ""6.720000"", ""write_us"": ""3.205000"", ""overruns"": ""70"", ""limited_commands"": ""2"", ""timing_dropped"": ""0""}"
5,b'\x00',can_mock,Active,"{""fault_code"": ""0"", ""cycles"": ""70471"", ""bus_fault_reason"": """", ""period_us"": ""9555.451000"", ""max_abs_jitter_us"": ""35977.843000"", ""read_us"": ""4.345000"", ""write_us"": ""247.571000"", ""overruns"": ""70"", ""limited_commands"": ""2"", ""timing_dropped"": ""0""}"
5,b'\x00',can_mock,Active,"{""fault_code"": ""0"", ""cycles"": ""70481"", ""bus_fault_reason"": """", ""period_us"": ""10089.574000"", ""max_abs_jitter_us"": ""35977.843000"", ""read_us"": ""5.133000"", ""write_us"": ""2.973000"", ""overruns"": ""70"", ""limited_commands"": ""2"", ""timing_dropped"": ""0""}"
5,b'\x00',can_mock,Active,"{""fault_code"": ""0"", ""cycles"": ""70491"", ""bus_fault_reason"": """", ""period_us"": ""10265.003000"", ""max_abs_jitter_us"": ""35977.843000"", ""read_us"": ""7.942000"", ""write_us"": ""3.500000"", ""overruns"": ""70"", ""limited_commands"": ""2"", ""timing_dropped"": ""0""}"
5,b'\x00',can_mock,Active,"{""fault_code"": ""0"", ""cycles"": ""70501"", ""bus_fault_reason"": """", ""period_us"": ""9543.460000"", ""max_abs_jitter_us"": ""35977.843000"", ""read_us"": ""26.803000"", ""write_us"": ""8.317000"", ""overruns"": ""70"", ""limited_commands"": ""2"", ""timing_dropped"": ""0""}"
5,b'\x00',can_mock,Active,"{""fault_code"": ""0"", ""cycles"": ""70511"", ""bus_fault_reason"": """", ""period_us"": ""10019.598000"", ""max_abs_jitter_us"": ""35977.843000"", ""read_us"": ""6.138000"", ""write_us"": ""3.910000"", ""overruns"": ""70"", ""limited_commands"": ""2"", ""timing_dropped"": ""0""}"
5,b'\x00',can_mock,Active,"{""fault_code"": ""0"", ""cycles"": ""70521"", ""bus_fault_reason"": """", ""period_us"": ""10005.696000"", ""max_abs_jitter_us"": ""35977.843000"", ""read_us"": ""3.948000"", ""write_us"": ""3.079000"", ""overruns"": ""70"", ""limited_commands"": ""2"", ""timing_dropped"": ""0""}"
5,b'\x00',can_mock,Active,"{""fault_code"": ""0"", ""cycles"": ""70531"", ""bus_fault_reason"": """", ""period_us"": ""9816.613000"", ""max_abs_jitter_us"": ""35977.843000"", ""read_us"": ""5.688000"", ""write_us"": ""4.651000"", ""overruns"": ""70"", ""limited_commands"": ""2"", ""timing_dropped"": ""0""}"
5,b'\x00',can_mock,Active,"{""fault_code"": ""0"", ""cycles"": ""70541"", ""bus_fault_reason"": """", ""period_us"": ""10384.133000"", ""max_abs_jitter_us"": ""35977.843000"", ""read_us"": ""5.203000"", ""write_us"": ""1.959000"", ""overruns"": ""70"", ""limited_commands"": ""2"", ""timing_dropped"": ""0""}"
5,b'\x00',can_mock,Active,"{""fault_code"": ""0"", ""cycles"": ""70551"", ""bus_fault_reason"": """", ""period_us"": ""10162.676000"", ""max_abs_jitter_us"": ""35977.843000"", ""read_us"": ""36.914000"", ""write_us"": ""11.769000"", ""overruns"": ""70"", ""limited_commands"": ""2"", ""timing_dropped"": ""0""}"
5,b'\x00',can_mock,Active,"{""fault_code"": ""0"", ""cycles"": ""70561"", ""bus_fault_reason"": """", ""period_us"": ""9894.118000"", ""max_abs_jitter_us"": ""35977.843000"", ""read_us"": ""32.058000"", ""write_us"": ""4.679000"", ""overruns"": ""70"", ""limited_commands"": ""2"", ""timing_dropped"": ""0""}"
5,b'\x00',can_mock,Active,"{""fault_code"": ""0"", ""cycles"": ""70571"", ""bus_fault_reason"": """", ""period_us"": ""10154.938000"", ""max_abs_jitter_us"": ""35977.843000"", ""read_us"": ""6.627000"", ""write_us"": ""2.942000"", ""overruns"": ""70"", ""limited_commands"": ""2"", ""timing_dropped"": ""0""}"
5,b'\x00',can_mock,Active,"{""fault_code"": ""0"", ""cycles"": ""70581"", ""bus_fault_reason"": """", ""period_us"": ""11349.480000"", ""max_abs_jitter_us"": ""35977.843000"", ""read_us"": ""4.899000"", ""write_us"": ""7.285000"", ""overruns"": ""70"", ""limited_commands"": ""2"", ""timing_dropped"": ""0""}"
5,b'\x00',can_mock,Active,"{""fault_code"": ""0"", ""cycles"": ""70591"", ""bus_fault_reason"": """", ""period_us"": ""10137.891000"", ""max_abs_jitter_us"": ""35977.843000"", ""read_us"": ""7.901000"", ""write_us"": ""3.944000"", ""overruns"": ""70"", ""limited_commands"": ""2"", ""timing_dropped"": ""0""}"
5,b'\x00',can_mock,Active,"{""fault_code"": ""0"", ""cycles"": ""70601"", ""bus_fault_reason"": """", ""period_us"": ""9976.091000"", ""max_abs_jitter_us"": ""35977.843000"", ""read_us"": ""5.443000"", ""write_us"": ""2.492000"", ""overruns"": ""70"", ""limited_commands"": ""2"", ""timing_dropped"": ""0""}"
5,b'\x00',can_mock,Active,"{""fault_code"": ""0"", ""cycles"": ""70611"", ""bus_fault_reason"": """", ""period_us"": ""9777.377000"", ""max_abs_jitter_us"": ""35977.843000"", ""read_us"": ""5.530000"", ""write_us"": ""2.886000"", ""overruns"": ""70"", ""limited_commands"": ""2"", ""timing_dropped"": ""0""}"
5,b'\x00',can_mock,Active,"{""fault_code"": ""0"", ""cycles"": ""70621"", ""bus_fault_reason"": """", ""period_us"": ""9476.056000"", ""max_abs_jitter_us"": ""35977.843000"", ""read_us"": ""3.985000"", ""write_us"": ""6.281000"", ""overruns"": ""70"", ""limited_commands"": ""2"", ""timing_dropped"": ""0""}"
5,b'\x00',can_mock,Active,"{""fault_code"": ""0"", ""cycles"": ""70631"", ""bus_fault_reason"": """", ""period_us"": ""10095.460000"", ""max_abs_jitter_us"": ""35977.843000"", ""read_us"": ""4.155000"", ""write_us"": ""2.457000"", ""overruns"": ""70"", ""limited_commands"": ""2"", ""timing_dropped"": ""0""}"
5,b'\x00',can_mock,Active,"{""fault_code"": ""0"", ""cycles"": ""70641"", ""bus_fault_reason"": """", ""period_us"": ""9968.182000"", ""max_abs_jitter_us"": ""35977.843000"", ""read_us"": ""5.983000"", ""write_us"": ""3.886000"", ""overruns"": ""70"", ""limited_commands"": ""2"", ""timing_dropped"": ""0""}"
5,b'\x00',can_mock,Active,"{""fault_code"": ""0"", ""cycles"": ""70651"", ""bus_fault_reason"": """", ""period_us"": ""10023.252000"", ""max_abs_jitter_us"": ""35977.843000"", ""read_us"": ""6.090000"", ""write_us"": ""2.483000"", ""overruns"": ""70"", ""limited_commands"": ""2"", ""timing_dropped"": ""0""}"
5,b'\x00',can_mock,Active,"{""fault_code"": ""0"", ""cycles"": ""70661"", ""bus_fault_reason"": """", ""period_us"": ""9985.557000"", ""max_abs_jitter_us"": ""35977.843000"", ""read_us"": ""18.209000"", ""write_us"": ""8.520000"", ""overruns"": ""70"", ""limited_commands"": ""2"", ""timing_dropped"": ""0""}"
5,b'\x00',can_mock,Active,"{""fault_code"": ""0"", ""cycles"": ""70671"", ""bus_fault_reason"": """", ""period_us"": ""10060.268000"", ""max_abs_jitter_us"": ""35977.843000"", ""read_us"": ""11.011000"", ""write_us"": ""3.076000"", ""overruns"": ""70"", ""limited_commands"": ""2"", ""timing_dropped"": ""0""}"
5,b'\x00',can_mock,Active,"{""fault_code"": ""0"", ""cycles"": ""70681"", ""bus_fault_reason"": """", ""period_us"": ""9594.900000"", ""max_abs_jitter_us"": ""35977.843000"", ""read_us"": ""7.109000"", ""write_us"": ""12.107000"", ""overruns"": ""70"", ""limited_commands"": ""2"", ""timing_dropped"": ""0""}"
5,b'\x00',can_mock,Active,"{""fault_code"": ""0"", ""cycles"": ""70691"", ""bus_fault_reason"": """", ""period_us"": ""10917.845000"", ""max_abs_jitter_us"": ""35977.843000"", ""read_us"": ""4.956000"", ""write_us"": ""3.230000"", ""overruns"": ""70"", ""limited_commands"": ""2"", ""timing_dropped"": ""0""}"
5,b'\x00',can_mock,Active,"{""fault_code"": ""0"", ""cycles"": ""70701"", ""bus_fault_reason"": """", ""period_us"": ""9458.096000"", ""max_abs_jitter_us"": ""35977.843000"", ""read_us"": ""7.313000"", ""write_us"": ""3.090000"", ""overruns"": ""71"", ""limited_commands"": ""2"", ""timing_dropped"": ""0""}"
5,b'\x00',can_mock,Active,"{""fault_code"": ""0"", ""cycles"": ""70711"", ""bus_fault_reason"": """", ""period_us"": ""9996.609000"", ""max_abs_jitter_us"": ""35977.843000"", ""read_us"": ""5.994000"", ""write_us"": ""20.160000"", ""overruns"": ""71"", ""limited_commands"": ""2"", ""timing_dropped"": ""0""}"
5,b'\x00',can_mock,Active,"{""fault_code"": ""0"", ""cycles"": ""70721"", ""bus_fault_reason"": """", ""period_us"": ""11093.145000"", ""max_abs_jitter_us"": ""35977.843000"", ""read_us"": ""6.120000"", ""write_us"": ""3.140000"", ""overruns"": ""71"", ""limited_commands"": ""2"", ""timing_dropped"": ""0""}"
5,b'\x00',can_mock,Active,"{""fault_code"": ""0"", ""cycles"": ""70731"", ""bus_fault_reason"": """", ""period_us"": ""10077.540000"", ""max_abs_jitter_us"": ""35977.843000"", ""read_us"": ""5.378000"", ""write_us"": ""3.211000"", ""overruns"": ""71"", ""limited_commands"": ""2"", ""timing_dropped"": ""0""}"
5,b'\x00',can_mock,Active,"{""fault_code"": ""0"", ""cycles"": ""70741"", ""bus_fault_reason"": """", ""period_us"": ""9980.786000"", ""max_abs_jitter_us"": ""35977.843000"", ""read_us"": ""4.621000"", ""write_us"": ""3.749000"", ""overruns"": ""72"", ""limited_commands"": ""2"", ""timing_dropped"": ""0""}"
5,b'\x00',can_mock,Active,"{""fault_code"": ""0"", ""cycles"": ""70751"", ""bus_fault_reason"": """", ""period_us"": ""9991.682000"", ""max_abs_jitter_us"": ""35977.843000"", ""read_us"": ""4.679000"", ""write_us"": ""4.161000"", ""overruns"": ""72"", ""limited_commands"": ""2"", ""timing_dropped"": ""0""}"
5,b'\x00',can_mock,Active,"{""fault_code"": ""0"", ""cycles"": ""70761"", ""bus_fault_reason"": """", ""period_us"": ""9985.961000"", ""max_abs_jitter_us"": ""35977.843000"", ""read_us"": ""6.313000"", ""write_us"": ""4.735000"", ""overruns"": ""72"", ""limited_commands"": ""2"", ""timing_dropped"": ""0""}"
5,b'\x00',can_mock,Active,"{""fault_code"": ""0"", ""cycles"": ""70771"", ""bus_fault_reason"": """", ""period_us"": ""10145.254000"", ""max_abs_jitter_us"": ""35977.843000"", ""read_us"": ""7.076000"", ""write_us"": ""2.998000"", ""overruns"": ""72"", ""limited_commands"": ""2"", ""timing_dropped"": ""0""}"
5,b'\x00',can_mock,Active,"{""fault_code"": ""0"", ""cycles"": ""70781"", ""bus_fault_reason"": """", ""period_us"": ""9877.495000"", ""max_abs_jitter_us"": ""35977.843000"", ""read_us"": ""7.225000"", ""write_us"": ""5.937000"", ""overruns"": ""72"", ""limited_commands"": ""2"", ""timing_dropped"": ""0""}"
5,b'\x00',can_mock,Active,"{""fault_code"": ""0"", ""cycles"": ""70792"", ""bus_fault_reason"": """", ""period_us"": ""10028.617000"", ""max_abs_jitter_us"": ""35977.843000"", ""read_us"": ""4.962000"", ""write_us"": ""2.789000"", ""overruns"": ""72"", ""limited_commands"": ""2"", ""timing_dropped"": ""0""}"
5,b'\x00',can_mock,Active,"{""fault_code"": ""0"", ""cycles"": ""70801"", ""bus_fault_reason"": """", ""period_us"": ""10042.933000"", ""max_abs_jitter_us"": ""35977.843000"", ""read_us"": ""26.931000"", ""write_us"": ""2.992000"", ""overruns"": ""72"", ""limited_commands"": ""2"", ""timing_dropped"": ""0""}"
5,b'\x00',can_mock,Active,"{""fault_code"": ""0"", ""cycles"": ""70811"", ""bus_fault_reason"": """", ""period_us"": ""10093.870000"", ""max_abs_jitter_us"": ""35977.843000"", ""read_us"": ""34.326000"", ""write_us"": ""1.701000"", ""overruns"": ""72"", ""limited_commands"": ""2"", ""timing_dropped"": ""0""}"
5,b'\x00',can_mock,Active,"{""fault_code"": ""0"", ""cycles"": ""70821"", ""bus_fault_reason"": """", ""period_us"": ""10116.412000"", ""max_abs_jitter_us"": ""35977.843000"", ""read_us"": ""7.477000"", ""write_us"": ""6.255000"", ""overruns"": ""72"", ""limited_commands"": ""2"", ""timing_dropped"": ""0""}"
5,b'\x00',can_mock,Active,"{""fault_code"": ""0"", ""cycles"": ""70831"", ""bus_fault_reason"": """", ""period_us"": ""9948.392000"", ""max_abs_jitter_us"": ""35977.843000"", ""read_us"": ""8.290000"", ""write_us"": ""5.316000"", ""overruns"": ""72"", ""limited_commands"": ""2"", ""timing_dropped"": ""0""}"
5,b'\x00',can_mock,Active,"{""fault_code"": ""0"", ""cycles"": ""70841"", ""bus_fault_reason"": """", ""period_us"": ""10170.558000"", ""max_abs_jitter_us"": ""35977.843000"", ""read_us"": ""7.271000"", ""write_us"": ""4.574000"", ""overruns"": ""72"", ""limited_commands"": ""2"", ""timing_dropped"": ""0""}"
5,b'\x00',can_mock,Active,"{""fault_code"": ""0"", ""cycles"": ""70851"", ""bus_fault_reason"": """", ""period_us"": ""10002.374000"", ""max_abs_jitter_us"": ""35977.843000"", ""read_us"": ""5.762000"", ""write_us"": ""2.516000"", ""overruns"": ""72"", ""limited_commands"": ""2"", ""timing_dropped"": ""0""}"
5,b'\x00',can_mock,Active,"{""fault_code"": ""0"", ""cycles"": ""70861"", ""bus_fault_reason"": """", ""period_us"": ""9997.197000"", ""max_abs_jitter_us"": ""35977.843000"", ""read_us"": ""4.634000"", ""write_us"": ""4.009000"", ""overruns"": ""72"", ""limited_commands"": ""2"", ""timing_dropped"": ""0""}"
5,b'\x00',can_mock,Active,"{""fault_code"": ""0"", ""cycles"": ""70871"", ""bus_fault_reason"": """", ""period_us"": ""10174.976000"", ""max_abs_jitter_us"": ""35977.843000"", ""read_us"": ""17.302000"", ""write_us"": ""3.355000"", ""overruns"": ""72"", ""limited_commands"": ""2"", ""timing_dropped"": ""0""}"
5,b'\x00',can_mock,Active,"{""fault_code"": ""0"", ""cycles"": ""70881"", ""bus_fault_reason"": """", ""period_us"": ""10002.479000"", ""max_abs_jitter_us"": ""35977.843000"", ""read_us"": ""6.121000"", ""write_us"": ""3.172000"", ""overruns"": ""72"", ""limited_commands"": ""2"", ""timing_dropped"": ""0""}"
5,b'\x00',can_mock,Active,"{""fault_code"": ""0"", ""cycles"": ""70891"", ""bus_fault_reason"": """", ""period_us"": ""10315.787000"", ""max_abs_jitter_us"": ""35977.843000"", ""read_us"": ""9.410000"", ""write_us"": ""4.531000"", ""overruns"": ""72"", ""limited_commands"": ""2"", ""timing_dropped"": ""0""}"
5,b'\x00',can_mock,Active,"{""fault_code"": ""0"", ""cycles"": ""70901"", ""bus_fault_reason"": """", ""period_us"": ""9980.142000"", ""max_abs_jitter_us"": ""35977.843000"", ""read_us"": ""7.597000"", ""write_us"": ""3.719000"", ""overruns"": ""72"", ""limited_commands"": ""2"", ""timing_dropped"": ""0""}"
5,b'\x00',can_mock,Active,"{""fault_code"": ""0"", ""cycles"": ""70911"", ""bus_fault_reason"": """", ""period_us"": ""10008.546000"", ""max_abs_jitter_us"": ""35977.843000"", ""read_us"": ""6.350000"", ""write_us"": ""4.061000"", ""overruns"": ""72"", ""limited_commands"": ""2"", ""timing_dropped"": ""0""}"
5,b'\x00',can_mock,Active,"{""fault_code"": ""0"", ""cycles"": ""70921"", ""bus_fault_reason"": """", ""period_us"": ""10053.176000"", ""max_abs_jitter_us"": ""35977.843000"", ""read_us"": ""14.936000"", ""write_us"": ""3.387000"", ""overruns"": ""72"", ""limited_commands"": ""2"", ""timing_dropped"": ""0""}"
5,b'\x00',can_mock,Active,"{""fault_code"": ""0"", ""cycles"": ""70931"", ""bus_fault_reason"": """", ""period_us"": ""10181.191000"", ""max_abs_jitter_us"": ""35977.843000"", ""read_us"": ""5.668000"", ""write_us"": ""4.150000"", ""overruns"": ""72"", ""limited_commands"": ""2"", ""timing_dropped"": ""0""}"
5,b'\x00',can_mock,Active,"{""fault_code"": ""0"", ""cycles"": ""70941"", ""bus_fault_reason"": """", ""period_us"": ""9892.428000"", ""max_abs_jitter_us"": ""35977.843000"", ""read_us"": ""7.009000"", ""write_us"": ""4.972000"", ""overruns"": ""72"", ""limited_commands"": ""2"", ""timing_dropped"": ""0""}"
5,b'\x00',can_mock,Active,"{""fault_code"": ""0"", ""cycles"": ""70951"", ""bus_fault_reason"": """", ""period_us"": ""9503.199000"", ""max_abs_jitter_us"": ""35977.843000"", ""read_us"": ""6.096000"", ""write_us"": ""4.180000"", ""overruns"": ""72"", ""limited_commands"": ""2"", ""timing_dropped"": ""0""}"
5,b'\x00',can_mock,Active,"{""fault_code"": ""0"", ""cycles"": ""70961"", ""bus_fault_reason"": """", ""period_us"": ""9936.919000"", ""max_abs_jitter_us"": ""35977.843000"", ""read_us"": ""6.541000"", ""write_us"": ""3.722000"", ""overruns"": ""72"", ""limited_commands"": ""2"", ""timing_dropped"": ""0""}"
5,b'\x00',can_mock,Active,"{""fault_code"": ""0"", ""cycles"": ""70971"", ""bus_fault_reason"": """", ""period_us"": ""11114.571000"", ""max_abs_jitter_us"": ""35977.843000"", ""read_us"": ""4.423000"", ""write_us"": ""2.229000"", ""overruns"": ""72"", ""limited_commands"": ""2"", ""timing_dropped"": ""0""}"
5,b'\x00',can_mock,Active,"{""fault_code"": ""0"", ""cycles"": ""70981"", ""bus_fault_reason"": """", ""period_us"": ""10556.334000"", ""max_abs_jitter_us"": ""35977.843000"", ""read_us"": ""39.721000"", ""write_us"": ""3.002000"", ""overruns"": ""72"", ""limited_commands"": ""2"", ""timing_dropped"": ""0""}"
5,b'\x00',can_mock,Active,"{""fault_code"": ""0"", ""cycles"": ""70991"", ""bus_fault_reason"": """", ""period_us"": ""10248.159000"", ""max_abs_jitter_us"": ""35977.843000"", ""read_us"": ""7.647000"", ""write_us"": ""4.777000"", ""overruns"": ""72"", ""limited_commands"": ""2"", ""timing_dropped"": ""0""}"
5,b'\x00',can_mock,Active,"{""fault_code"": ""0"", ""cycles"": ""71001"", ""bus_fault_reason"": """", ""period_us"": ""11320.644000"", ""max_abs_jitter_us"": ""35977.843000"", ""read_us"": ""23.868000"", ""write_us"": ""5.379000"", ""overruns"": ""72"", ""limited_commands"": ""2"", ""timing_dropped"": ""0""}"
5,b'\x00',can_mock,Active,"{""fault_code"": ""0"", ""cycles"": ""71011"", ""bus_fault_reason"": """", ""period_us"": ""10336.923000"", ""max_abs_jitter_us"": ""35977.843000"", ""read_us"": ""8.840000"", ""write_us"": ""15.732000"", ""overruns"": ""72"", ""limited_commands"": ""2"", ""timing_dropped"": ""0""}"
5,b'\x00',can_mock,Active,"{""fault_code"": ""0"", ""cycles"": ""71021"", ""bus_fault_reason"": """", ""period_us"": ""8414.373000"", ""max_abs_jitter_us"": ""35977.843000"", ""read_us"": ""6.936000"", ""write_us"": ""3.393000"", ""overruns"": ""72"", ""limited_commands"": ""2"", ""timing_dropped"": ""0""}"
5,b'\x00',can_mock,Active,"{""fault_code"": ""0"", ""cycles"": ""71031"", ""bus_fault_reason"": """", ""period_us"": ""9809.517000"", ""max_abs_jitter_us"": ""35977.843000"", ""read_us"": ""6.622000"", ""write_us"": ""1.748000"", ""overruns"": ""72"", ""limited_commands"": ""2"", ""timing_dropped"": ""0""}"
5,b'\x00',can_mock,Active,"{""fault_code"": ""0"", ""cycles"": ""71041"", ""bus_fault_reason"": """", ""period_us"": ""9635.367000"", ""max_abs_jitter_us"": ""35977.843000"", ""read_us"": ""5.407000"", ""write_us"": ""2.617000"", ""overruns"": ""72"", ""limited_commands"": ""2"", ""timing_dropped"": ""0""}"
5,b'\x00',can_mock,Active,"{""fault_code"": ""0"", ""cycles"": ""71051"", ""bus_fault_reason"": """", ""period_us"": ""9910.317000"", ""max_abs_jitter_us"": ""35977.843000"", ""read_us"": ""5.757000"", ""write_us"": ""2.183000"", ""overruns"": ""72"", ""limited_commands"": ""2"", ""timing_dropped"": ""0""}"
5,b'\x00',can_mock,Active,"{""fault_code"": ""0"", ""cycles"": ""71061"", ""bus_fault_reason"": """", ""period_us"": ""8111.686000"", ""max_abs_jitter_us"": ""35977.843000"", ""read_us"": ""5.096000"", ""write_us"": ""2.472000"", ""overruns"": ""72"", ""limited_commands"": ""2"", ""timing_dropped"": ""0""}"
5,b'\x00',can_mock,Active,"{""fault_code"": ""0"", ""cycles"": ""71069"", ""bus_fault_reason"": """", ""period_us"": ""9994.701000"", ""max_abs_jitter_us"": ""35977.843000"", ""read_us"": ""5.901000"", ""write_us"": ""2.925000"", ""overruns"": ""74"", ""limited_commands"": ""2"", ""timing_dropped"": ""0""}"
5,b'\x00',can_mock,Active,"{""fault_code"": ""0"", ""cycles"": ""71079"", ""bus_fault_reason"": """", ""period_us"": ""10062.089000"", ""max_abs_jitter_us"": ""35977.843000"", ""read_us"": ""5.887000"", ""write_us"": ""8.983000"", ""overruns"": ""74"", ""limited_commands"": ""2"", ""timing_dropped"": ""0""}"
5,b'\x00',can_mock,Active,"{""fault_code"": ""0"", ""cycles"": ""71089"", ""bus_fault_reason"": """", ""period_us"": ""10063.224000"", ""max_abs_jitter_us"": ""35977.843000"", ""read_us"": ""5.755000"", ""write_us"": ""8.068000"", ""overruns"": ""74"", ""limited_commands"": ""2"", ""timing_dropped"": ""0""}"
5,b'\x00',can_mock,Active,"{""fault_code"": ""0"", ""cycles"": ""71099"", ""bus_fault_reason"": """", ""period_us"": ""10096.364000"", ""max_abs_jitter_us"": ""35977.843000"", ""read_us"": ""6.676000"", ""write_us"": ""2.818000"", ""overruns"": ""74"", ""limited_commands"": ""2"", ""timing_dropped"": ""0""}"
5,b'\x00',can_mock,Active,"{""fault_code"": ""0"", ""cycles"": ""71109"", ""bus_fault_reason"": """", ""period_us"": ""10406.422000"", ""max_abs_jitter_us"": ""35977.843000"", ""read_us"": ""8.649000"", ""write_us"": ""5.376000"", ""overruns"": ""74"", ""limited_commands"": ""2"", ""timing_dropped"": ""0""}"
5,b'\x00',can_mock,Active,"{""fault_code"": ""0"", ""cycles"": ""71119"", ""bus_fault_reason"": """", ""period_us"": ""9940.536000"", ""max_abs_jitter_us"": ""35977.843000"", ""read_us"": ""31.479000"", ""write_us"": ""12.810000"", ""overruns"": ""74"", ""limited_commands"": ""2"", ""timing_dropped"": ""0""}"
5,b'\x00',can_mock,Active,"{""fault_code"": ""0"", ""cycles"": ""71129"", ""bus_fault_reason"": """", ""period_us"": ""9586.205000"", ""max_abs_jitter_us"": ""35977.843000"", ""read_us"": ""7.187000"", ""write_us"": ""5.834000"", ""overruns"": ""74"", ""limited_commands"": ""2"", ""timing_dropped"": ""0""}"
5,b'\x00',can_mock,Active,"{""fault_code"": ""0"", ""cycles"": ""71139"", ""bus_fault_reason"": """", ""period_us"": ""9872.381000"", ""max_abs_jitter_us"": ""35977.843000"", ""read_us"": ""8.345000"", ""write_us"": ""4.200000"", ""overruns"": ""74"", ""limited_commands"": ""2"", ""timing_dropped"": ""0""}"
5,b'\x00',can_mock,Active,"{""fault_code"": ""0"", ""cycles"": ""71149"", ""bus_fault_reason"": """", ""period_us"": ""9393.984000"", ""max_abs_jitter_us"": ""35977.843000"", ""read_us"": ""5.584000"", ""write_us"": ""2.957000"", ""overruns"": ""74"", ""limited_commands"": ""2"", ""timing_dropped"": ""0""}"
5,b'\x00',can_mock,Active,"{""fault_code"": ""0"", ""cycles"": ""71159"", ""bus_fault_reason"": """", ""period_us"": ""9942.738000"", ""max_abs_jitter_us"": ""35977.843000"", ""read_us"": ""9.342000"", ""write_us"": ""5.280000"", ""overruns"": ""74"", ""limited_commands"": ""2"", ""timing_dropped"": ""0""}"
5,b'\x00',can_mock,Active,"{""fault_code"": ""0"", ""cycles"": ""71169"", ""bus_fault_reason"": """", ""period_us"": ""10134.048000"", ""max_abs_jitter_us"": ""35977.843000"", ""read_us"": ""4.020000"", ""write_us"": ""2.342000"", ""overruns"": ""74"", ""limited_commands"": ""2"", ""timing_dropped"": ""0""}"
5,b'\x00',can_mock,Active,"{""fault_code"": ""0"", ""cycles"": ""71179"", ""bus_fault_reason"": """", ""period_us"": ""9869.388000"", ""max_abs_jitter_us"": ""35977.843000"", ""read_us"": ""4.920000"", ""write_us"": ""20.707000"", ""overruns"": ""74"", ""limited_commands"": ""2"", ""timing_dropped"": ""0""}"
5,b'\x00',can_mock,Active,"{""fault_code"": ""0"", ""cycles"": ""71189"", ""bus_fault_reason"": """", ""period_us"": ""10224.362000"", ""max_abs_jitter_us"": ""35977.843000"", ""read_us"": ""38.697000"", ""write_us"": ""5.155000"", ""overruns"": ""74"", ""limited_commands"": ""2"", ""timing_dropped"": ""0""}"
5,b'\x00',can_mock,Active,"{""fault_code"": ""0"", ""cycles"": ""71199"", ""bus_fault_reason"": """", ""period_us"": ""10153.799000"", ""max_abs_jitter_us"": ""35977.843000"", ""read_us"": ""10.539000"", ""write_us"": ""6.314000"", ""overruns"": ""74"", ""limited_commands"": ""2"", ""timing_dropped"": ""0""}"
5,b'\x00',can_mock,Active,"{""fault_code"": ""0"", ""cycles"": ""71209"", ""bus_fault_reason"": """", ""period_us"": ""9913.146000"", ""max_abs_jitter_us"": ""35977.843000"", ""read_us"": ""5.599000"", ""write_us"": ""2.921000"", ""overruns"": ""74"", ""limited_commands"": ""2"", ""timing_dropped"": ""0""}"
5,b'\x00',can_mock,Active,"{""fault_code"": ""0"", ""cycles"": ""71219"", ""bus_fault_reason"": """", ""period_us"": ""10115.976000"", ""max_abs_jitter_us"": ""35977.843000"", ""read_us"": ""34.553000"", ""write_us"": ""13.167000"", ""overruns"": ""74"", ""limited_commands"": ""2"", ""timing_dropped"": ""0""}"
5,b'\x00',can_mock,Active,"{""fault_code"": ""0"", ""cycles"": ""71229"", ""bus_fault_reason"": """", ""period_us"": ""10056.131000"", ""max_abs_jitter_us"": ""35977.843000"", ""read_us"": ""6.431000"", ""write_us"": ""3.318000"", ""overruns"": ""74"", ""limited_commands"": ""2"", ""timing_dropped"": ""0""}"
5,b'\x00',can_mock,Active,"{""fault_code"": ""0"", ""cycles"": ""71239"", ""bus_fault_reason"": """", ""period_us"": ""10017.817000"", ""max_abs_jitter_us"": ""35977.843000"", ""read_us"": ""6.438000"", ""write_us"": ""3.440000"", ""overruns"": ""74"", ""limited_commands"": ""2"", ""timing_dropped"": ""0""}"
5,b'\x00',can_mock,Active,"{""fault_code"": ""0"", ""cycles"": ""71249"", ""bus_fault_reason"": """", ""period_us"": ""11918.457000"", ""max_abs_jitter_us"": ""35977.843000"", ""read_us"": ""4.389000"", ""write_us"": ""1.893000"", ""overruns"": ""74"", ""limited_commands"": ""2"", ""timing_dropped"": ""0""}"
5,b'\x00',can_mock,Active,"{""fault_code"": ""0"", ""cycles"": ""71259"", ""bus_fault_reason"": """", ""period_us"": ""9773.030000"", ""max_abs_jitter_us"": ""35977.843000"", ""read_us"": ""4.667000"", ""write_us"": ""2.265000"", ""overruns"": ""74"", ""limited_commands"": ""2"", ""timing_dropped"": ""0""}"
5,b'\x00',can_mock,Active,"{""fault_code"": ""0"", ""cycles"": ""71269"", ""bus_fault_reason"": """", ""period_us"": ""10195.899000"", ""max_abs_jitter_us"": ""35977.843000"", ""read_us"": ""39.796000"", ""write_us"": ""15.665000"", ""overruns"": ""74"", ""limited_commands"": ""2"", ""timing_dropped"": ""0""}"
5,b'\x00',can_mock,Active,"{""fault_code"": ""0"", ""cycles"": ""71279"", ""bus_fault_reason"": """", ""period_us"": ""9491.333000"", ""max_abs_jitter_us"": ""35977.843000"", ""read_us"": ""6.279000"", ""write_us"": ""26.960000"", ""overruns"": ""74"", ""limited_commands"": ""2"", ""timing_dropped"": ""0""}"
5,b'\x00',can_mock,Active,"{""fault_code"": ""0"", ""cycles"": ""71289"", ""bus_fault_reason"": """", ""period_us"": ""11869.080000"", ""max_abs_jitter_us"": ""35977.843000"", ""read_us"": ""43.249000"", ""write_us"": ""14.951000"", ""overruns"": ""74"", ""limited_commands"": ""2"", ""timing_dropped"": ""0""}"
5,b'\x00',can_mock,Active,"{""fault_code"": ""0"", ""cycles"": ""71299"", ""bus_fault_reason"": """", ""period_us"": ""10067.563000"", ""max_abs_jitter_us"": ""35977.843000"", ""read_us"": ""5.857000"", ""write_us"": ""4.525000"", ""overruns"": ""74"", ""limited_commands"": ""2"", ""timing_dropped"": ""0""}"
5,b'\x00',can_mock,Active,"{""fault_code"": ""0"", ""cycles"": ""71309"", ""bus_fault_reason"": """", ""period_us"": ""10293.826000"", ""max_abs_jitter_us"": ""35977.843000"", ""read_us"": ""49.061000"", ""write_us"": ""3.940000"", ""overruns"": ""74"", ""limited_commands"": ""2"", ""timing_dropped"": ""0""}"
5,b'\x00',can_mock,Active,"{""fault_code"": ""0"", ""cycles"": ""71319"", ""bus_fault_reason"": """", ""period_us"": ""9815.687000"", ""max_abs_jitter_us"": ""35977.843000"", ""read_us"": ""4.891000"", ""write_us"": ""4.006000"", ""overruns"": ""74"", ""limited_commands"": ""2"", ""timing_dropped"": ""0""}"
5,b'\x00',can_mock,Active,"{""fault_code"": ""0"", ""cycles"": ""71329"", ""bus_fault_reason"": """", ""period_us"": ""9853.609000"", ""max_abs_jitter_us"": ""35977.843000"", ""read_us"": ""6.796000"", ""write_us"": ""3.989000"", ""overruns"": ""74"", ""limited_commands"": ""2"", ""timing_dropped"": ""0""}"
5,b'\x00',can_mock,Active,"{""fault_code"": ""0"", ""cycles"": ""71339"", ""bus_fault_reason"": """", ""period_us"": ""10013.912000"", ""max_abs_jitter_us"": ""35977.843000"", ""read_us"": ""5.002000"", ""write_us"": ""4.348000"", ""overruns"": ""74"", ""limited_commands"": ""2"", ""timing_dropped"": ""0""}"
5,b'\x00',can_mock,Active,"{""fault_code"": ""0"", ""cycles"": ""71349"", ""bus_fault_reason"": """", ""period_us"": ""9715.482000"", ""max_abs_jitter_us"": ""35977.843000"", ""read_us"": ""5.826000"", ""write_us"": ""4.595000"", ""overruns"": ""74"", ""limited_commands"": ""2"", ""timing_dropped"": ""0""}"
5,b'\x00',can_mock,Active,"{""fault_code"": ""0"", ""cycles"": ""71359"", ""bus_fault_reason"": """", ""period_us"": ""9887.037000"", ""max_abs_jitter_us"": ""35977.843000"", ""read_us"": ""6.471000"", ""write_us"": ""4.186000"", ""overruns"": ""74"", ""limited_commands"": ""2"", ""timing_dropped"": ""0""}"
5,b'\x00',can_mock,Active,"{""fault_code"": ""0"", ""cycles"": ""71369"", ""bus_fault_reason"": """", ""period_us"": ""12310.948000"", ""max_abs_jitter_us"": ""35977.843000"", ""read_us"": ""36.549000"", ""write_us"": ""23.198000"", ""overruns"": ""74"", ""limited_commands"": ""2"", ""timing_dropped"": ""0""}"
5,b'\x00',can_mock,Active,"{""fault_code"": ""0"", ""cycles"": ""71379"", ""bus_fault_reason"": """", ""period_us"": ""10081.272000"", ""max_abs_jitter_us"": ""35977.843000"", ""read_us"": ""7.782000"", ""write_us"": ""2.256000"", ""overruns"": ""74"", ""limited_commands"": ""2"", ""timing_dropped"": ""0""}"
5,b'\x00',can_mock,Active,"{""fault_code"": ""0"", ""cycles"": ""71389"", ""bus_fault_reason"": """", ""period_us"": ""9238.974000"", ""max_abs_jitter_us"": ""35977.843000"", ""read_us"": ""50.529000"", ""write_us"": ""2.928000"", ""overruns"": ""74"", ""limited_commands"": ""2"", ""timing_dropped"": ""0""}"
5,b'\x00',can_mock,Active,"{""fault_code"": ""0"", ""cycles"": ""71399"", ""bus_fault_reason"": """", ""period_us"": ""10025.612000"", ""max_abs_jitter_us"": ""35977.843000"", ""read_us"": ""5.821000"", ""write_us"": ""3.340000"", ""overruns"": ""74"", ""limited_commands"": ""2"", ""timing_dropped"": ""0""}"
5,b'\x00',can_mock,Active,"{""fault_code"": ""0"", ""cycles"": ""71409"", ""bus_fault_reason"": """", ""period_us"": ""9865.805000"", ""max_abs_jitter_us"": ""35977.843000"", ""read_us"": ""8.836000"", ""write_us"": ""4.868000"", ""overruns"": ""74"", ""limited_commands"": ""2"", ""timing_dropped"": ""0""}"
5,b'\x00',can_mock,Active,"{""fault_code"": ""0"", ""cycles"": ""71419"", ""bus_fault_reason"": """", ""period_us"": ""9809.440000"", ""max_abs_jitter_us"": ""35977.843000"", ""read_us"": ""8.487000"", ""write_us"": ""5.094000"", ""overruns"": ""74"", ""limited_commands"": ""2"", ""timing_dropped"": ""0""}"
5,b'\x00',can_mock,Active,"{""fault_code"": ""0"", ""cycles"": ""71429"", ""bus_fault_reason"": """", ""period_us"": ""9952.773000"", ""max_abs_jitter_us"": ""35977.843000"", ""read_us"": ""6.604000"", ""write_us"": ""5.018000"", ""overruns"": ""74"", ""limited_commands"": ""2"", ""timing_dropped"": ""0""}"
5,b'\x00',can_mock,Active,"{""fault_code"": ""0"", ""cycles"": ""71439"", ""bus_fault_reason"": """", ""period_us"": ""9838.465000"", ""max_abs_jitter_us"": ""35977.843000"", ""read_us"": ""4.019000"", ""write_us"": ""1.221000"", ""overruns"": ""74"", ""limited_commands"": ""2"", ""timing_dropped"": ""0""}"
5,b'\x00',can_mock,Active,"{""fault_code"": ""0"", ""cycles"": ""71449"", ""bus_fault_reason"": """", ""period_us"": ""10327.034000"", ""max_abs_jitter_us"": ""35977.843000"", ""read_us"": ""7.784000"", ""write_us"": ""4.580000"", ""overruns"": ""74"", ""limited_commands"": ""2"", ""timing_dropped"": ""0""}"
5,b'\x00',can_mock,Active,"{""fault_code"": ""0"", ""cycles"": ""71459"", ""bus_fault_reason"": """", ""period_us"": ""10366.828000"", ""max_abs_jitter_us"": ""35977.843000"", ""read_us"": ""4.676000"", ""write_us"": ""2.491000"", ""overruns"": ""74"", ""limited_commands"": ""2"", ""timing_dropped"": ""0""}"
5,b'\x00',can_mock,Active,"{""fault_code"": ""0"", ""cycles"": ""71469"", ""bus_fault_reason"": """", ""period_us"": ""9987.593000"", ""max_abs_jitter_us"": ""35977.843000"", ""read_us"": ""20.820000"", ""write_us"": ""5.285000"", ""overruns"": ""74"", ""limited_commands"": ""2"", ""timing_dropped"": ""0""}"
5,b'\x00',can_mock,Active,"{""fault_code"": ""0"", ""cycles"": ""71479"", ""bus_fault_reason"": """", ""period_us"": ""10024.246000"", ""max_abs_jitter_us"": ""35977.843000"", ""read_us"": ""26.899000"", ""write_us"": ""4.136000"", ""overruns"": ""74"", ""limited_commands"": ""2"", ""timing_dropped"": ""0""}"
5,b'\x00',can_mock,Active,"{""fault_code"": ""0"", ""cycles"": ""71489"", ""bus_fault_reason"": """", ""period_us"": ""10361.952000"", ""max_abs_jitter_us"": ""35977.843000"", ""read_us"": ""88.883000"", ""write_us"": ""5.029000"", ""overruns"": ""74"", ""limited_commands"": ""2"", ""timing_dropped"": ""0""}"
5,b'\x00',can_mock,Active,"{""fault_code"": ""0"", ""cycles"": ""71499"", ""bus_fault_reason"": """", ""period_us"": ""10228.187000"", ""max_abs_jitter_us"": ""35977.843000"", ""read_us"": ""7.431000"", ""write_us"": ""3.258000"", ""overruns"": ""74"", ""limited_commands"": ""2"", ""timing_dropped"": ""0""}"
5,b'\x00',can_mock,Active,"{""fault_code"": ""0"", ""cycles"": ""71509"", ""bus_fault_reason"": """", ""period_us"": ""11508.358000"", ""max_abs_jitter_us"": ""35977.843000"", ""read_us"": ""6.395000"", ""write_us"": ""4.601000"", ""overruns"": ""74"", ""limited_commands"": ""2"", ""timing_dropped"": ""0""}"
5,b'\x00',can_mock,Active,"{""fault_code"": ""0"", ""cycles"": ""71519"", ""bus_fault_reason"": """", ""period_us"": ""10134.393000"", ""max_abs_jitter_us"": ""35977.843000"", ""read_us"": ""8.389000"", ""write_us"": ""4.717000"", ""overruns"": ""74"", ""limited_commands"": ""2"", ""timing_dropped"": ""0""}"
5,b'\x00',can_mock,Active,"{""fault_code"": ""0"", ""cycles"": ""71529"", ""bus_fault_reason"": """", ""period_us"": ""9968.715000"", ""max_abs_jitter_us"": ""35977.843000"", ""read_us"": ""6.324000"", ""write_us"": ""1.934000"", ""overruns"": ""74"", ""limited_commands"": ""2"", ""timing_dropped"": ""0""}"
5,b'\x00',can_mock,Active,"{""fault_code"": ""0"", ""cycles"": ""71539"", ""bus_fault_reason"": """", ""period_us"": ""9965.347000"", ""max_abs_jitter_us"": ""35977.843000"", ""read_us"": ""6.079000"", ""write_us"": ""2.619000"", ""overruns"": ""74"", ""limited_commands"": ""2"", ""timing_dropped"": ""0""}"
5,b'\x00',can_mock,Active,"{""fault_code"": ""0"", ""cycles"": ""71549"", ""bus_fault_reason"": """", ""period_us"": ""10104.376000"", ""max_abs_jitter_us"": ""35977.843000"", ""read_us"": ""5.480000"", ""write_us"": ""3.488000"", ""overruns"": ""74"", ""limited_commands"": ""2"", ""timing_dropped"": ""0""}"
5,b'\x00',can_mock,Active,"{""fault_code"": ""0"", ""cycles"": ""71559"", ""bus_fault_reason"": """", ""period_us"": ""10102.409000"", ""max_abs_jitter_us"": ""35977.843000"", ""read_us"": ""7.765000"", ""write_us"": ""6.600000"", ""overruns"": ""74"", ""limited_commands"": ""2"", ""timing_dropped"": ""0""}"
5,b'\x00',can_mock,Active,"{""fault_code"": ""0"", ""cycles"": ""71569"", ""bus_fault_reason"": """", ""period_us"": ""9952.804000"", ""max_abs_jitter_us"": ""35977.843000"", ""read_us"": ""6.053000"", ""write_us"": ""7.878000"", ""overruns"": ""74"", ""limited_commands"": ""2"", ""timing_dropped"": ""0""}"
5,b'\x00',can_mock,Active,"{""fault_code"": ""0"", ""cycles"": ""71579"", ""bus_fault_reason"": """", ""period_us"": ""8502.320000"", ""max_abs_jitter_us"": ""35977.843000"", ""read_us"": ""5.707000"", ""write_us"": ""2.889000"", ""overruns"": ""75"", ""limited_commands"": ""2"", ""timing_dropped"": ""0""}"
5,b'\x00',can_mock,Active,"{""fault_code"": ""0"", ""cycles"": ""71589"", ""bus_fault_reason"": """", ""period_us"": ""9925.757000"", ""max_abs_jitter_us"": ""35977.843000"", ""read_us"": ""5.335000"", ""write_us"": ""2.208000"", ""overruns"": ""75"", ""limited_commands"": ""2"", ""timing_dropped"": ""0""}"
5,b'\x00',can_mock,Active,"{""fault_code"": ""0"", ""cycles"": ""71599"", ""bus_fault_reason"": """", ""period_us"": ""9969.908000"", ""max_abs_jitter_us"": ""35977.843000"", ""read_us"": ""10.005000"", ""write_us"": ""4.981000"", ""overruns"": ""75"", ""limited_commands"": ""2"", ""timing_dropped"": ""0""}"
5,b'\x00',can_mock,Active,"{""fault_code"": ""0"", ""cycles"": ""71609"", ""bus_fault_reason"": """", ""period_us"": ""10282.007000"", ""max_abs_jitter_us"": ""35977.843000"", ""read_us"": ""11.027000"", ""write_us"": ""2.083000"", ""overruns"": ""75"", ""limited_commands"": ""2"", ""timing_dropped"": ""0""}"
5,b'\x00',can_mock,Active,"{""fault_code"": ""0"", ""cycles"": ""71619"", ""bus_fault_reason"": """", ""period_us"": ""10001.856000"", ""max_abs_jitter_us"": ""35977.843000"", ""read_us"": ""7.870000"", ""write_us"": ""8.365000"", ""overruns"": ""75"", ""limited_commands"": ""2"", ""timing_dropped"": ""0""}"
5,b'\x00',can_mock,Active,"{""fault_code"": ""0"", ""cycles"": ""71629"", ""bus_fault_reason"": """", ""period_us"": ""9319.053000"", ""max_abs_jitter_us"": ""35977.843000"", ""read_us"": ""110.097000"", ""write_us"": ""3.952000"", ""overruns"": ""75"", ""limited_commands"": ""2"", ""timing_dropped"": ""0""}"
5,b'\x00',can_mock,Active,"{""fault_code"": ""0"", ""cycles"": ""71639"", ""bus_fault_reason"": """", ""period_us"": ""10013.032000"", ""max_abs_jitter_us"": ""35977.843000"", ""read_us"": ""4.910000"", ""write_us"": ""2.789000"", ""overruns"": ""75"", ""limited_commands"": ""2"", ""timing_dropped"": ""0""}"
5,b'\x00',can_mock,Active,"{""fault_code"": ""0"", ""cycles"": ""71649"", ""bus_fault_reason"": """", ""period_us"": ""10389.898000"", ""max_abs_jitter_us"": ""35977.843000"", ""read_us"": ""5.429000"", ""write_us"": ""8.823000"", ""overruns"": ""75"", ""limited_commands"": ""2"", ""timing_dropped"": ""0""}"
5,b'\x00',can_mock,Active,"{""fault_code"": ""0"", ""cycles"": ""71659"", ""bus_fault_reason"": """", ""period_us"": ""10004.686000"", ""max_abs_jitter_us"": ""35977.843000"", ""read_us"": ""6.054000"", ""write_us"": ""3.404000"", ""overruns"": ""75"", ""limited_commands"": ""2"", ""timing_dropped"": ""0""}"
5,b'\x00',can_mock,Active,"{""fault_code"": ""0"", ""cycles"": ""71669"", ""bus_fault_reason"": """", ""period_us"": ""9759.284000"", ""max_abs_jitter_us"": ""35977.843000"", ""read_us"": ""7.180000"", ""write_us"": ""4.136000"", ""overruns"": ""75"", ""limited_commands"": ""2"", ""timing_dropped"": ""0""}"
5,b'\x00',can_mock,Active,"{""fault_code"": ""0"", ""cycles"": ""71679"", ""bus_fault_reason"": """", ""period_us"": ""11074.061000"", ""max_abs_jitter_us"": ""35977.843000"", ""read_us"": ""50.524000"", ""write_us"": ""4.792000"", ""overruns"": ""75"", ""limited_commands"": ""2"", ""timing_dropped"": ""0""}"
5,b'\x00',can_mock,Active,"{""fault_code"": ""0"", ""cycles"": ""71689"", ""bus_fault_reason"": """", ""period_us"": ""9947.518000"", ""max_abs_jitter_us"": ""35977.843000"", ""read_us"": ""3.782000"", ""write_us"": ""3.375000"", ""overruns"": ""75"", ""limited_commands"": ""2"", ""timing_dropped"": ""0""}"
5,b'\x00',can_mock,Active,"{""fault_code"": ""0"", ""cycles"": ""71699"", ""bus_fault_reason"": """", ""period_us"": ""8769.121000"", ""max_abs_jitter_us"": ""35977.843000"", ""read_us"": ""5.620000"", ""write_us"": ""4.155000"", ""overruns"": ""75"", ""limited_commands"": ""2"", ""timing_dropped"": ""0""}"
5,b'\x00',can_mock,Active,"{""fault_code"": ""0"", ""cycles"": ""71709"", ""bus_fault_reason"": """", ""period_us"": ""9784.695000"", ""max_abs_jitter_us"": ""35977.843000"", ""read_us"": ""10.703000"", ""write_us"": ""3.061000"", ""overruns"": ""75"", ""limited_commands"": ""2"", ""timing_dropped"": ""0""}"
5,b'\x00',can_mock,Active,"{""fault_code"": ""0"", ""cycles"": ""71719"", ""bus_fault_reason"": """", ""period_us"": ""10084.103000"", ""max_abs_jitter_us"": ""35977.843000"", ""read_us"": ""5.151000"", ""write_us"": ""3.579000"", ""overruns"": ""75"", ""limited_commands"": ""2"", ""timing_dropped"": ""0""}"
5,b'\x00',can_mock,Active,"{""fault_code"": ""0"", ""cycles"": ""71729"", ""bus_fault_reason"": """", ""period_us"": ""10850.043000"", ""max_abs_jitter_us"": ""35977.843000"", ""read_us"": ""3.771000"", ""write_us"": ""2.110000"", ""overruns"": ""75"", ""limited_commands"": ""2"", ""timing_dropped"": ""0""}"
6,b'\x00',can_mock,Active,"{""fault_code"": ""0"", ""cycles"": ""71739"", ""bus_fault_reason"": """", ""period_us"": ""10170.422000"", ""max_abs_jitter_us"": ""35977.843000"", ""read_us"": ""38.856000"", ""write_us"": ""2.688000"", ""overruns"": ""75"", ""limited_commands"": ""2"", ""timing_dropped"": ""0""}"
6,b'\x00',can_mock,Active,"{""fault_code"": ""0"", ""cycles"": ""71749"", ""bus_fault_reason"": """", ""period_us"": ""10092.614000"", ""max_abs_jitter_us"": ""35977.843000"", ""read_us"": ""5.263000"", ""write_us"": ""3.564000"", ""overruns"": ""75"", ""limited_commands"": ""2"", ""timing_dropped"": ""0""}"
6,b'\x00',can_mock,Active,"{""fault_code"": ""0"", ""cycles"": ""71759"", ""bus_fault_reason"": """", ""period_us"": ""11238.089000"", ""max_abs_jitter_us"": ""35977.843000"", ""read_us"": ""4.340000"", ""write_us"": ""3.738000"", ""overruns"": ""75"", ""limited_commands"": ""2"", ""timing_dropped"": ""0""}"
6,b'\x00',can_mock,Active,"{""fault_code"": ""0"", ""cycles"": ""71769"", ""bus_fault_reason"": """", ""period_us"": ""10292.898000"", ""max_abs_jitter_us"": ""35977.843000"", ""read_us"": ""3.791000"", ""write_us"": ""1.815000"", ""overruns"": ""75"", ""limited_commands"": ""2"", ""timing_dropped"": ""0""}"
6,b'\x00',can_mock,Active,"{""fault_code"": ""0"", ""cycles"": ""71779"", ""bus_fault_reason"": """", ""period_us"": ""9222.718000"", ""max_abs_jitter_us"": ""35977.843000"", ""read_us"": ""5.813000"", ""write_us"": ""3.767000"", ""overruns"": ""75"", ""limited_commands"": ""2"", ""timing_dropped"": ""0""}"
6,b'\x00',can_mock,Active,"{""fault_code"": ""0"", ""cycles"": ""71789"", ""bus_fault_reason"": """", ""period_us"": ""10082.888000"", ""max_abs_jitter_us"": ""35977.843000"", ""read_us"": ""6.929000"", ""write_us"": ""3.507000"", ""overruns"": ""75"", ""limited_commands"": ""2"", ""timing_dropped"": ""0""}"
6,b'\x00',can_mock,Active,"{""fault_code"": ""0"", ""cycles"": ""71799"", ""bus_fault_reason"": """", ""period_us"": ""9923.745000"", ""max_abs_jitter_us"": ""35977.843000"", ""read_us"": ""8.785000"", ""write_us"": ""3.794000"", ""overruns"": ""75"", ""limited_commands"": ""2"", ""timing_dropped"": ""0""}"
6,b'\x00',can_mock,Active,"{""fault_code"": ""0"", ""cycles"": ""71809"", ""bus_fault_reason"": """", ""period_us"": ""10145.231000"", ""max_abs_jitter_us"": ""35977.843000"", ""read_us"": ""6.369000"", ""write_us"": ""3.448000"", ""overruns"": ""75"", ""limited_commands"": ""2"", ""timing_dropped"": ""0""}"
6,b'\x00',can_mock,Active,"{""fault_code"": ""0"", ""cycles"": ""71819"", ""bus_fault_reason"": """", ""period_us"": ""9922.453000"", ""max_abs_jitter_us"": ""35977.843000"", ""read_us"": ""6.384000"", ""write_us"": ""5.158000"", ""overruns"": ""75"", ""limited_commands"": ""2"", ""timing_dropped"": ""0""}"
6,b'\x00',can_mock,Active,"{""fault_code"": ""0"", ""cycles"": ""71829"", ""bus_fault_reason"": """", ""period_us"": ""10101.724000"", ""max_abs_jitter_us"": ""35977.843000"", ""read_us"": ""9.691000"", ""write_us"": ""4.494000"", ""overruns"": ""75"", ""limited_commands"": ""2"", ""timing_dropped"": ""0""}"
6,b'\x00',can_mock,Active,"{""fault_code"": ""0"", ""cycles"": ""71839"", ""bus_fault_reason"": """", ""period_us"": ""9993.176000"", ""max_abs_jitter_us"": ""35977.843000"", ""read_us"": ""15.885000"", ""write_us"": ""5.717000"", ""overruns"": ""75"", ""limited_commands"": ""2"", ""timing_dropped"": ""0""}"
6,b'\x00',can_mock,Active,"{""fault_code"": ""0"", ""cycles"": ""71849"", ""bus_fault_reason"": """", ""period_us"": ""9986.895000"", ""max_abs_jitter_us"": ""35977.843000"", ""read_us"": ""9.166000"", ""write_us"": ""9.913000"", ""overruns"": ""75"", ""limited_commands"": ""2"", ""timing_dropped"": ""0""}"
6,b'\x00',can_mock,Active,"{""fault_code"": ""0"", ""cycles"": ""71859"", ""bus_fault_reason"": """", ""period_us"": ""9994.164000"", ""max_abs_jitter_us"": ""35977.843000"", ""read_us"": ""5.355000"", ""write_us"": ""1.875000"", ""overruns"": ""75"", ""limited_commands"": ""2"", ""timing_dropped"": ""0""}"
6,b'\x00',can_mock,Active,"{""fault_code"": ""0"", ""cycles"": ""71869"", ""bus_fault_reason"": """", ""period_us"": ""9811.984000"", ""max_abs_jitter_us"": ""35977.843000"", ""read_us"": ""5.310000"", ""write_us"": ""3.569000"", ""overruns"": ""75"", ""limited_commands"": ""2"", ""timing_dropped"": ""0""}"
6,b'\x00',can_mock,Active,"{""fault_code"": ""0"", ""cycles"": ""71879"", ""bus_fault_reason"": """", ""period_us"": ""10032.559000"", ""max_abs_jitter_us"": ""35977.843000"", ""read_us"": ""5.625000"", ""write_us"": ""3.819000"", ""overruns"": ""75"", ""limited_commands"": ""2"", ""timing_dropped"": ""0""}"
6,b'\x00',can_mock,Active,"{""fault_code"": ""0"", ""cycles"": ""71889"", ""bus_fault_reason"": """", ""period_us"": ""9774.158000"", ""max_abs_jitter_us"": ""35977.843000"", ""read_us"": ""5.689000"", ""write_us"": ""2.677000"", ""overruns"": ""75"", ""limited_commands"": ""2"", ""timing_dropped"": ""0""}"
6,b'\x00',can_mock,Active,"{""fault_code"": ""0"", ""cycles"": ""71899"", ""bus_fault_reason"": """", ""period_us"": ""10125.495000"", ""max_abs_jitter_us"": ""35977.843000"", ""read_us"": ""7.025000"", ""write_us"": ""5.015000"", ""overruns"": ""75"", ""limited_commands"": ""2"", ""timing_dropped"": ""0""}"
6,b'\x00',can_mock,Active,"{""fault_code"": ""0"", ""cycles"": ""71909"", ""bus_fault_reason"": """", ""period_us"": ""10411.478000"", ""max_abs_jitter_us"": ""35977.843000"", ""read_us"": ""3.743000"", ""write_us"": ""1.835000"", ""overruns"": ""75"", ""limited_commands"": ""2"", ""timing_dropped"": ""0""}"
6,b'\x00',can_mock,Active,"{""fault_code"": ""0"", ""cycles"": ""71919"", ""bus_fault_reason"": """", ""period_us"": ""10336.796000"", ""max_abs_jitter_us"": ""35977.843000"", ""read_us"": ""36.098000"", ""write_us"": ""34.098000"", ""overruns"": ""75"", ""limited_commands"": ""2"", ""timing_dropped"": ""0""}"
6,b'\x00',can_mock,Active,"{""fault_code"": ""0"", ""cycles"": ""71929"", ""bus_fault_reason"": """", ""period_us"": ""10006.686000"", ""max_abs_jitter_us"": ""35977.843000"", ""read_us"": ""5.373000"", ""write_us"": ""3.122000"", ""overruns"": ""75"", ""limited_commands"": ""2"", ""timing_dropped"": ""0""}"
6,b'\x00',can_mock,Active,"{""fault_code"": ""0"", ""cycles"": ""71939"", ""bus_fault_reason"": """", ""period_us"": ""9884.560000"", ""max_abs_jitter_us"": ""35977.843000"", ""read_us"": ""47.343000"", ""write_us"": ""5.066000"", ""overruns"": ""75"", ""limited_commands"": ""2"", ""timing_dropped"": ""0""}"
6,b'\x00',can_mock,Active,"{""fault_code"": ""0"", ""cycles"": ""71949"", ""bus_fault_reason"": """", ""period_us"": ""9968.138000"", ""max_abs_jitter_us"": ""35977.843000"", ""read_us"": ""5.552000"", ""write_us"": ""3.412000"", ""overruns"": ""75"", ""limited_commands"": ""2"", ""timing_dropped"": ""0""}"
6,b'\x00',can_mock,Active,"{""fault_code"": ""0"", ""cycles"": ""71959"", ""bus_fault_reason"": """", ""period_us"": ""10007.770000"", ""max_abs_jitter_us"": ""35977.843000"", ""read_us"": ""6.627000"", ""write_us"": ""2.815000"", ""overruns"": ""75"", ""limited_commands"": ""2"", ""timing_dropped"": ""0""}"
6,b'\x00',can_mock,Active,"{""fault_code"": ""0"", ""cycles"": ""71969"", ""bus_fault_reason"": """", ""period_us"": ""9441.862000"", ""max_abs_jitter_us"": ""35977.843000"", ""read_us"": ""41.723000"", ""write_us"": ""6.857000"", ""overruns"": ""75"", ""limited_commands"": ""2"", ""timing_dropped"": ""0""}"
6,b'\x00',can_mock,Active,"{""fault_code"": ""0"", ""cycles"": ""71979"", ""bus_fault_reason"": """", ""period_us"": ""9895.412000"", ""max_abs_jitter_us"": ""35977.843000"", ""read_us"": ""3.695000"", ""write_us"": ""2.037000"", ""overruns"": ""75"", ""limited_commands"": ""2"", ""timing_dropped"": ""0""}"
6,b'\x00',can_mock,Active,"{""fault_code"": ""0"", ""cycles"": ""71989"", ""bus_fault_reason"": """", ""period_us"": ""10037.004000"", ""max_abs_jitter_us"": ""35977.843000"", ""read_us"": ""7.798000"", ""write_us"": ""3.677000"", ""overruns"": ""75"", ""limited_commands"": ""2"", ""timing_dropped"": ""0""}"
6,b'\x00',can_mock,Active,"{""fault_code"": ""0"", ""cycles"": ""71999"", ""bus_fault_reason"": """", ""period_us"": ""11673.552000"", ""max_abs_jitter_us"": ""35977.843000"", ""read_us"": ""6.063000"", ""write_us"": ""5.223000"", ""overruns"": ""75"", ""limited_commands"": ""2"", ""timing_dropped"": ""0""}"
6,b'\x00',can_mock,Active,"{""fault_code"": ""0"", ""cycles"": ""72008"", ""bus_fault_reason"": """", ""period_us"": ""8869.703000"", ""max_abs_jitter_us"": ""35977.843000"", ""read_us"": ""8.551000"", ""write_us"": ""12.411000"", ""overruns"": ""75"", ""limited_commands"": ""2"", ""timing_dropped"": ""0""}"
6,b'\x00',can_mock,Active,"{""fault_code"": ""0"", ""cycles"": ""72018"", ""bus_fault_reason"": """", ""period_us"": ""10043.155000"", ""max_abs_jitter_us"": ""35977.843000"", ""read_us"": ""5.048000"", ""write_us"": ""2.748000"", ""overruns"": ""76"", ""limited_commands"": ""2"", ""timing_dropped"": ""0""}"
6,b'\x00',can_mock,Active,"{""fault_code"": ""0"", ""cycles"": ""72028"", ""bus_fault_reason"": """", ""period_us"": ""10213.587000"", ""max_abs_jitter_us"": ""35977.843000"", ""read_us"": ""8.248000"", ""write_us"": ""17.472000"", ""overruns"": ""76"", ""limited_commands"": ""2"", ""timing_dropped"": ""0""}"
6,b'\x00',can_mock,Active,"{""fault_code"": ""0"", ""cycles"": ""72038"", ""bus_fault_reason"": """", ""period_us"": ""10146.006000"", ""max_abs_jitter_us"": ""35977.843000"", ""read_us"": ""32.359000"", ""write_us"": ""3.419000"", ""overruns"": ""76"", ""limited_commands"": ""2"", ""timing_dropped"": ""0""}"
6,b'\x00',can_mock,Active,"{""fault_code"": ""0"", ""cycles"": ""72048"", ""bus_fault_reason"": """", ""period_us"": ""10031.515000"", ""max_abs_jitter_us"": ""35977.843000"", ""read_us"": ""4.682000"", ""write_us"": ""3.892000"", ""overruns"": ""76"", ""limited_commands"": ""2"", ""timing_dropped"": ""0""}"
6,b'\x00',can_mock,Active,"{""fault_code"": ""0"", ""cycles"": ""72058"", ""bus_fault_reason"": """", ""period_us"": ""10640.326000"", ""max_abs_jitter_us"": ""35977.843000"", ""read_us"": ""7.148000"", ""write_us"": ""6.159000"", ""overruns"": ""76"", ""limited_commands"": ""2"", ""timing_dropped"": ""0""}"
6,b'\x00',can_mock,Active,"{""fault_code"": ""0"", ""cycles"": ""72068"", ""bus_fault_reason"": """", ""period_us"": ""9792.593000"", ""max_abs_jitter_us"": ""35977.843000"", ""read_us"": ""5.515000"", ""write_us"": ""2.734000"", ""overruns"": ""76"", ""limited_commands"": ""2"", ""timing_dropped"": ""0""}"
6,b'\x00',can_mock,Active,"{""fault_code"": ""0"", ""cycles"": ""72078"", ""bus_fault_reason"": """", ""period_us"": ""9498.382000"", ""max_abs_jitter_us"": ""35977.843000"", ""read_us"": ""17.346000"", ""write_us"": ""18.418000"", ""overruns"": ""76"", ""limited_commands"": ""2"", ""timing_dropped"": ""0""}"
6,b'\x00',can_mock,Active,"{""fault_code"": ""0"", ""cycles"": ""72088"", ""bus_fault_reason"": """", ""period_us"": ""10175.295000"", ""max_abs_jitter_us"": ""35977.843000"", ""read_us"": ""14.776000"", ""write_us"": ""3.594000"", ""overruns"": ""76"", ""limited_commands"": ""2"", ""timing_dropped"": ""0""}"
6,b'\x00',can_mock,Active,"{""fault_code"": ""0"", ""cycles"": ""72098"", ""bus_fault_reason"": """", ""period_us"": ""9689.347000"", ""max_abs_jitter_us"": ""35977.843000"", ""read_us"": ""7.434000"", ""write_us"": ""15.003000"", ""overruns"": ""76"", ""limited_commands"": ""2"", ""timing_dropped"": ""0""}"
6,b'\x00',can_mock,Active,"{""fault_code"": ""0"", ""cycles"": ""72108"", ""bus_fault_reason"": """", ""period_us"": ""9855.781000"", ""max_abs_jitter_us"": ""35977.843000"", ""read_us"": ""7.331000"", ""write_us"": ""4.013000"", ""overruns"": ""76"", ""limited_commands"": ""2"", ""timing_dropped"": ""0""}"
6,b'\x00',can_mock,Active,"{""fault_code"": ""0"", ""cycles"": ""72118"", ""bus_fault_reason"": """", ""period_us"": ""9972.212000"", ""max_abs_jitter_us"": ""35977.843000"", ""read_us"": ""7.323000"", ""write_us"": ""15.328000"", ""overruns"": ""76"", ""limited_commands"": ""2"", ""timing_dropped"": ""0""}"
6,b'\x00',can_mock,Active,"{""fault_code"": ""0"", ""cycles"": ""72128"", ""bus_fault_reason"": """", ""period_us"": ""9896.274000"", ""max_abs_jitter_us"": ""35977.843000"", ""read_us"": ""7.504000"", ""write_us"": ""4.055000"", ""overruns"": ""76"", ""limited_commands"": ""2"", ""timing_dropped"": ""0""}"
6,b'\x00',can_mock,Active,"{""fault_code"": ""0"", ""cycles"": ""72138"", ""bus_fault_reason"": """", ""period_us"": ""8738.451000"", ""max_abs_jitter_us"": ""35977.843000"", ""read_us"": ""7.058000"", ""write_us"": ""7.691000"", ""overruns"": ""76"", ""limited_commands"": ""2"", ""timing_dropped"": ""0""}"
6,b'\x00',can_mock,Active,"{""fault_code"": ""0"", ""cycles"": ""72148"", ""bus_fault_reason"": """", ""period_us"": ""10155.386000"", ""max_abs_jitter_us"": ""35977.843000"", ""read_us"": ""5.142000"", ""write_us"": ""3.467000"", ""overruns"": ""76"", ""limited_commands"": ""2"", ""timing_dropped"": ""0""}"
6,b'\x00',can_mock,Active,"{""fault_code"": ""0"", ""cycles"": ""72158"", ""bus_fault_reason"": """", ""period_us"": ""9857.366000"", ""max_abs_jitter_us"": ""35977.843000"", ""read_us"": ""8.161000"", ""write_us"": ""12.786000"", ""overruns"": ""76"", ""limited_commands"": ""2"", ""timing_dropped"": ""0""}"
6,b'\x00',can_mock,Active,"{""fault_code"": ""0"", ""cycles"": ""72168"", ""bus_fault_reason"": """", ""period_us"": ""10016.216000"", ""max_abs_jitter_us"": ""35977.843000"", ""read_us"": ""9.618000"", ""write_us"": ""7.627000"", ""overruns"": ""76"", ""limited_commands"": ""2"", ""timing_dropped"": ""0""}"
6,b'\x00',can_mock,Active,"{""fault_code"": ""0"", ""cycles"": ""72178"", ""bus_fault_reason"": """", ""period_us"": ""10234.937000"", ""max_abs_jitter_us"": ""35977.843000"", ""read_us"": ""26.249000"", ""write_us"": ""24.791000"", ""overruns"": ""76"", ""limited_commands"": ""2"", ""timing_dropped"": ""0""}"
6,b'\x00',can_mock,Active,"{""fault_code"": ""0"", ""cycles"": ""72188"", ""bus_fault_reason"": """", ""period_us"": ""10217.815000"", ""max_abs_jitter_us"": ""35977.843000"", ""read_us"": ""13.884000"", ""write_us"": ""9.602000"", ""overruns"": ""76"", ""limited_commands"": ""2"", ""timing_dropped"": ""0""}"
6,b'\x00',can_mock,Active,"{""fault_code"": ""0"", ""cycles"": ""72198"", ""bus_fault_reason"": """", ""period_us"": ""10137.671000"", ""max_abs_jitter_us"": ""35977.843000"", ""read_us"": ""3.598000"", ""write_us"": ""1.372000"", ""overruns"": ""76"", ""limited_commands"": ""2"", ""timing_dropped"": ""0""}"
6,b'\x00',can_mock,Active,"{""fault_code"": ""0"", ""cycles"": ""72208"", ""bus_fault_reason"": """", ""period_us"": ""10369.607000"", ""max_abs_jitter_us"": ""35977.843000"", ""read_us"": ""5.030000"", ""write_us"": ""2.821000"", ""overruns"": ""76"", ""limited_commands"": ""2"", ""timing_dropped"": ""0""}"
6,b'\x00',can_mock,Active,"{""fault_code"": ""0"", ""cycles"": ""72218"", ""bus_fault_reason"": """", ""period_us"": ""9937.350000"", ""max_abs_jitter_us"": ""35977.843000"", ""read_us"": ""6.864000"", ""write_us"": ""7.511000"", ""overruns"": ""76"", ""limited_commands"": ""2"", ""timing_dropped"": ""0""}"
6,b'\x00',can_mock,Active,"{""fault_code"": ""0"", ""cycles"": ""72228"", ""bus_fault_reason"": """", ""period_us"": ""11162.436000"", ""max_abs_jitter_us"": ""35977.843000"", ""read_us"": ""6.121000"", ""write_us"": ""2.420000"", ""overruns"": ""76"", ""limited_commands"": ""2"", ""timing_dropped"": ""0""}"
6,b'\x00',can_mock,Active,"{""fault_code"": ""0"", ""cycles"": ""72238"", ""bus_fault_reason"": """", ""period_us"": ""10191.643000"", ""max_abs_jitter_us"": ""35977.843000"", ""read_us"": ""5.465000"", ""write_us"": ""3.480000"", ""overruns"": ""76"", ""limited_commands"": ""2"", ""timing_dropped"": ""0""}"
6,b'\x00',can_mock,Active,"{""fault_code"": ""0"", ""cycles"": ""72248"", ""bus_fault_reason"": """", ""period_us"": ""10349.945000"", ""max_abs_jitter_us"": ""35977.843000"", ""read_us"": ""6.253000"", ""write_us"": ""3.257000"", ""overruns"": ""76"", ""limited_commands"": ""2"", ""timing_dropped"": ""0""}"
6,b'\x00',can_mock,Active,"{""fault_code"": ""0"", ""cycles"": ""72258"", ""bus_fault_reason"": """", ""period_us"": ""10126.156000"", ""max_abs_jitter_us"": ""35977.843000"", ""read_us"": ""8.617000"", ""write_us"": ""3.228000"", ""overruns"": ""76"", ""limited_commands"": ""2"", ""timing_dropped"": ""0""}"
6,b'\x00',can_mock,Active,"{""fault_code"": ""0"", ""cycles"": ""72268"", ""bus_fault_reason"": """", ""period_us"": ""10501.240000"", ""max_abs_jitter_us"": ""35977.843000"", ""read_us"": ""32.799000"", ""write_us"": ""2.289000"", ""overruns"": ""76"", ""limited_commands"": ""2"", ""timing_dropped"": ""0""}"
6,b'\x00',can_mock,Active,"{""fault_code"": ""0"", ""cycles"": ""72278"", ""bus_fault_reason"": """", ""period_us"": ""10254.095000"", ""max_abs_jitter_us"": ""35977.843000"", ""read_us"": ""23.902000"", ""write_us"": ""4.766000"", ""overruns"": ""76"", ""limited_commands"": ""2"", ""timing_dropped"": ""0""}"
6,b'\x00',can_mock,Active,"{""fault_code"": ""0"", ""cycles"": ""72288"", ""bus_fault_reason"": """", ""period_us"": ""11093.448000"", ""max_abs_jitter_us"": ""35977.843000"", ""read_us"": ""4.186000"", ""write_us"": ""2.695000"", ""overruns"": ""76"", ""limited_commands"": ""2"", ""timing_dropped"": ""0""}"
6,b'\x00',can_mock,Active,"{""fault_code"": ""0"", ""cycles"": ""72298"", ""bus_fault_reason"": """", ""period_us"": ""9936.475000"", ""max_abs_jitter_us"": ""35977.843000"", ""read_us"": ""6.178000"", ""write_us"": ""5.093000"", ""overruns"": ""76"", ""limited_commands"": ""2"", ""timing_dropped"": ""0""}"
6,b'\x00',can_mock,Active,"{""fault_code"": ""0"", ""cycles"": ""72308"", ""bus_fault_reason"": """", ""period_us"": ""10074.214000"", ""max_abs_jitter_us"": ""35977.843000"", ""read_us"": ""5.957000"", ""write_us"": ""4.251000"", ""overruns"": ""76"", ""limited_commands"": ""2"", ""timing_dropped"": ""0""}"
6,b'\x00',can_mock,Active,"{""fault_code"": ""0"", ""cycles"": ""72318"", ""bus_fault_reason"": """", ""period_us"": ""10081.867000"", ""max_abs_jitter_us"": ""35977.843000"", ""read_us"": ""4.604000"", ""write_us"": ""2.754000"", ""overruns"": ""76"", ""limited_commands"": ""2"", ""timing_dropped"": ""0""}"
6,b'\x00',can_mock,Active,"{""fault_code"": ""0"", ""cycles"": ""72328"", ""bus_fault_reason"": """", ""period_us"": ""10233.951000"", ""max_abs_jitter_us"": ""35977.843000"", ""read_us"": ""40.219000"", ""write_us"": ""60.672000"", ""overruns"": ""76"", ""limited_commands"": ""2"", ""timing_dropped"": ""0""}"
6,b'\x00',can_mock,Active,"{""fault_code"": ""0"", ""cycles"": ""72338"", ""bus_fault_reason"": """", ""period_us"": ""9990.064000"", ""max_abs_jitter_us"": ""35977.843000"", ""read_us"": ""5.147000"", ""write_us"": ""2.898000"", ""overruns"": ""76"", ""limited_commands"": ""2"", ""timing_dropped"": ""0""}"
6,b'\x00',can_mock,Active,"{""fault_code"": ""0"", ""cycles"": ""72348"", ""bus_fault_reason"": """", ""period_us"": ""10086.607000"", ""max_abs_jitter_us"": ""35977.843000"", ""read_us"": ""4.468000"", ""write_us"": ""2.784000"", ""overruns"": ""76"", ""limited_commands"": ""2"", ""timing_dropped"": ""0""}"
6,b'\x00',can_mock,Active,"{""fault_code"": ""0"", ""cycles"": ""72358"", ""bus_fault_reason"": """", ""period_us"": ""10103.162000"", ""max_abs_jitter_us"": ""35977.843000"", ""read_us"": ""6.835000"", ""write_us"": ""1.622000"", ""overruns"": ""76"", ""limited_commands"": ""2"", ""timing_dropped"": ""0""}"
6,b'\x00',can_mock,Active,"{""fault_code"": ""0"", ""cycles"": ""72368"", ""bus_fault_reason"": """", ""period_us"": ""10347.751000"", ""max_abs_jitter_us"": ""35977.843000"", ""read_us"": ""9.413000"", ""write_us"": ""5.842000"", ""overruns"": ""76"", ""limited_commands"": ""2"", ""timing_dropped"": ""0""}"
6,b'\x00',can_mock,Active,"{""fault_code"": ""0"", ""cycles"": ""72378"", ""bus_fault_reason"": """", ""period_us"": ""9911.115000"", ""max_abs_jitter_us"": ""35977.843000"", ""read_us"": ""4.571000"", ""write_us"": ""2.601000"", ""overruns"": ""76"", ""limited_commands"": ""2"", ""timing_dropped"": ""0""}"
6,b'\x00',can_mock,Active,"{""fault_code"": ""0"", ""cycles"": ""72388"", ""bus_fault_reason"": """", ""period_us"": ""11038.361000"", ""max_abs_jitter_us"": ""35977.843000"", ""read_us"": ""6.255000"", ""write_us"": ""2.731000"", ""overruns"": ""76"", ""limited_commands"": ""2"", ""timing_dropped"": ""0""}"
6,b'\x00',can_mock,Active,"{""fault_code"": ""0"", ""cycles"": ""72398"", ""bus_fault_reason"": """", ""period_us"": ""10017.903000"", ""max_abs_jitter_us"": ""35977.843000"", ""read_us"": ""16.416000"", ""write_us"": ""5.801000"", ""overruns"": ""76"", ""limited_commands"": ""2"", ""timing_dropped"": ""0""}"
6,b'\x00',can_mock,Active,"{""fault_code"": ""0"", ""cycles"": ""72408"", ""bus_fault_reason"": """", ""period_us"": ""10073.845000"", ""max_abs_jitter_us"": ""35977.843000"", ""read_us"": ""15.951000"", ""write_us"": ""5.424000"", ""overruns"": ""76"", ""limited_commands"": ""2"", ""timing_dropped"": ""0""}"
6,b'\x00',can_mock,Active,"{""fault_code"": ""0"", ""cycles"": ""72418"", ""bus_fault_reason"": """", ""period_us"": ""8778.178000"", ""max_abs_jitter_us"": ""35977.843000"", ""read_us"": ""4.619000"", ""write_us"": ""1.852000"", ""overruns"": ""76"", ""limited_commands"": ""2"", ""timing_dropped"": ""0""}"
6,b'\x00',can_mock,Active,"{""fault_code"": ""0"", ""cycles"": ""72428"", ""bus_fault_reason"": """", ""period_us"": ""8427.132000"", ""max_abs_jitter_us"": ""35977.843000"", ""read_us"": ""34.421000"", ""write_us"": ""7.355000"", ""overruns"": ""76"", ""limited_commands"": ""2"", ""timing_dropped"": ""0""}"
6,b'\x00',can_mock,Active,"{""fault_code"": ""0"", ""cycles"": ""72438"", ""bus_fault_reason"": """", ""period_us"": ""10057.932000"", ""max_abs_jitter_us"": ""35977.843000"", ""read_us"": ""5.617000"", ""write_us"": ""3.021000"", ""overruns"": ""76"", ""limited_commands"": ""2"", ""timing_dropped"": ""0""}"
6,b'\x00',can_mock,Active,"{""fault_code"": ""0"", ""cycles"": ""72448"", ""bus_fault_reason"": """", ""period_us"": ""9964.623000"", ""max_abs_jitter_us"": ""35977.843000"", ""read_us"": ""4.478000"", ""write_us"": ""6.126000"", ""overruns"": ""76"", ""limited_commands"": ""2"", ""timing_dropped"": ""0""}"
6,b'\x00',can_mock,Active,"{""fault_code"": ""0"", ""cycles"": ""72458"", ""bus_fault_reason"": """", ""period_us"": ""10065.416000"", ""max_abs_jitter_us"": ""35977.843000"", ""read_us"": ""11.341000"", ""write_us"": ""15.906000"", ""overruns"": ""76"", ""limited_commands"": ""2"", ""timing_dropped"": ""0""}"
6,b'\x00',can_mock,Active,"{""fault_code"": ""0"", ""cycles"": ""72468"", ""bus_fault_reason"": """", ""period_us"": ""10563.730000"", ""max_abs_jitter_us"": ""35977.843000"", ""read_us"": ""6.064000"", ""write_us"": ""2.729000"", ""overruns"": ""76"", ""limited_commands"": ""2"", ""timing_dropped"": ""0""}"
6,b'\x00',can_mock,Active,"{""fault_code"": ""0"", ""cycles"": ""72478"", ""bus_fault_reason"": """", ""period_us"": ""11058.460000"", ""max_abs_jitter_us"": ""35977.843000"", ""read_us"": ""5.209000"", ""write_us"": ""3.396000"", ""overruns"": ""76"", ""limited_commands"": ""2"", ""timing_dropped"": ""0""}"
6,b'\x00',can_mock,Active,"{""fault_code"": ""0"", ""cycles"": ""72488"", ""bus_fault_reason"": """", ""period_us"": ""9528.639000"", ""max_abs_jitter_us"": ""35977.843000"", ""read_us"": ""6.341000"", ""write_us"": ""3.507000"", ""overruns"": ""76"", ""limited_commands"": ""2"", ""timing_dropped"": ""0""}"
6,b'\x00',can_mock,Active,"{""fault_code"": ""0"", ""cycles"": ""72498"", ""bus_fault_reason"": """", ""period_us"": ""10260.044000"", ""max_abs_jitter_us"": ""35977.843000"", ""read_us"": ""7.198000"", ""write_us"": ""5.489000"", ""overruns"": ""76"", ""limited_commands"": ""2"", ""timing_dropped"": ""0""}"
6,b'\x00',can_mock,Active,"{""fault_code"": ""0"", ""cycles"": ""72508"", ""bus_fault_reason"": """", ""period_us"": ""9894.452000"", ""max_abs_jitter_us"": ""35977.843000"", ""read_us"": ""6.948000"", ""write_us"": ""3.228000"", ""overruns"": ""76"", ""limited_commands"": ""2"", ""timing_dropped"": ""0""}"
6,b'\x00',can_mock,Active,"{""fault_code"": ""0"", ""cycles"": ""72518"", ""bus_fault_reason"": """", ""period_us"": ""10376.402000"", ""max_abs_jitter_us"": ""35977.843000"", ""read_us"": ""35.106000"", ""write_us"": ""10.428000"", ""overruns"": ""76"", ""limited_commands"": ""2"", ""timing_dropped"": ""0""}"
6,b'\x00',can_mock,Active,"{""fault_code"": ""0"", ""cycles"": ""72528"", ""bus_fault_reason"": """", ""period_us"": ""11952.194000"", ""max_abs_jitter_us"": ""35977.843000"", ""read_us"": ""3.170000"", ""write_us"": ""1.926000"", ""overruns"": ""76"", ""limited_commands"": ""2"", ""timing_dropped"": ""0""}"
6,b'\x00',can_mock,Active,"{""fault_code"": ""0"", ""cycles"": ""72538"", ""bus_fault_reason"": """", ""period_us"": ""9963.768000"", ""max_abs_jitter_us"": ""35977.843000"", ""read_us"": ""5.425000"", ""write_us"": ""2.903000"", ""overruns"": ""76"", ""limited_commands"": ""2"", ""timing_dropped"": ""0""}"
6,b'\x00',can_mock,Active,"{""fault_code"": ""0"", ""cycles"": ""72548"", ""bus_fault_reason"": """", ""period_us"": ""9866.153000"", ""max_abs_jitter_us"": ""35977.843000"", ""read_us"": ""37.364000"", ""write_us"": ""3.601000"", ""overruns"": ""76"", ""limited_commands"": ""2"", ""timing_dropped"": ""0""}"
6,b'\x00',can_mock,Active,"{""fault_code"": ""0"", ""cycles"": ""72558"", ""bus_fault_reason"": """", ""period_us"": ""10199.067000"", ""max_abs_jitter_us"": ""35977.843000"", ""read_us"": ""23.648000"", ""write_us"": ""23.017000"", ""overruns"": ""76"", ""limited_commands"": ""2"", ""timing_dropped"": ""0""}"
6,b'\x00',can_mock,Active,"{""fault_code"": ""0"", ""cycles"": ""72568"", ""bus_fault_reason"": """", ""period_us"": ""10093.566000"", ""max_abs_jitter_us"": ""35977.843000"", ""read_us"": ""5.036000"", ""write_us"": ""4.638000"", ""overruns"": ""76"", ""limited_commands"": ""2"", ""timing_dropped"": ""0""}"
6,b'\x00',can_mock,Active,"{""fault_code"": ""0"", ""cycles"": ""72578"", ""bus_fault_reason"": """", ""period_us"": ""9994.172000"", ""max_abs_jitter_us"": ""35977.843000"", ""read_us"": ""4.510000"", ""write_us"": ""6.029000"", ""overruns"": ""76"", ""limited_commands"": ""2"", ""timing_dropped"": ""0""}"
6,b'\x00',can_mock,Active,"{""fault_code"": ""0"", ""cycles"": ""72588"", ""bus_fault_reason"": """", ""period_us"": ""9973.186000"", ""max_abs_jitter_us"": ""35977.843000"", ""read_us"": ""4.761000"", ""write_us"": ""2.320000"", ""overruns"": ""76"", ""limited_commands"": ""2"", ""timing_dropped"": ""0""}"
6,b'\x00',can_mock,Active,"{""fault_code"": ""0"", ""cycles"": ""72598"", ""bus_fault_reason"": """", ""period_us"": ""10975.744000"", ""max_abs_jitter_us"": ""35977.843000"", ""read_us"": ""79.827000"", ""write_us"": ""25.071000"", ""overruns"": ""76"", ""limited_commands"": ""2"", ""timing_dropped"": ""0""}"
6,b'\x00',can_mock,Active,"{""fault_code"": ""0"", ""cycles"": ""72608"", ""bus_fault_reason"": """", ""period_us"": ""9926.451000"", ""max_abs_jitter_us"": ""35977.843000"", ""read_us"": ""107.597000"", ""write_us"": ""3.485000"", ""overruns"": ""76"", ""limited_commands"": ""2"", ""timing_dropped"": ""0""}"
6,b'\x00',can_mock,Active,"{""fault_code"": ""0"", ""cycles"": ""72618"", ""bus_fault_reason"": """", ""period_us"": ""9997.897000"", ""max_abs_jitter_us"": ""35977.843000"", ""read_us"": ""4.798000"", ""write_us"": ""2.308000"", ""overruns"": ""76"", ""limited_commands"": ""2"", ""timing_dropped"": ""0""}"
6,b'\x00',can_mock,Active,"{""fault_code"": ""0"", ""cycles"": ""72628"", ""bus_fault_reason"": """", ""period_us"": ""16252.008000"", ""max_abs_jitter_us"": ""35977.843000"", ""read_us"": ""5.683000"", ""write_us"": ""3.172000"", ""overruns"": ""77"", ""limited_commands"": ""2"", ""timing_dropped"": ""0""}"
6,b'\x00',can_mock,Active,"{""fault_code"": ""0"", ""cycles"": ""72638"", ""bus_fault_reason"": """", ""period_us"": ""10305.882000"", ""max_abs_jitter_us"": ""35977.843000"", ""read_us"": ""30.664000"", ""write_us"": ""4.664000"", ""overruns"": ""77"", ""limited_commands"": ""2"", ""timing_dropped"": ""0""}"
6,b'\x00',can_mock,Active,"{""fault_code"": ""0"", ""cycles"": ""72648"", ""bus_fault_reason"": """", ""period_us"": ""10065.841000"", ""max_abs_jitter_us"": ""35977.843000"", ""read_us"": ""6.263000"", ""write_us"": ""4.899000"", ""overruns"": ""77"", ""limited_commands"": ""2"", ""timing_dropped"": ""0""}"
6,b'\x00',can_mock,Active,"{""fault_code"": ""0"", ""cycles"": ""72658"", ""bus_fault_reason"": """", ""period_us"": ""9923.750000"", ""max_abs_jitter_us"": ""35977.843000"", ""read_us"": ""5.664000"", ""write_us"": ""2.822000"", ""overruns"": ""77"", ""limited_commands"": ""2"", ""timing_dropped"": ""0""}"
6,b'\x00',can_mock,Active,"{""fault_code"": ""0"", ""cycles"": ""72668"", ""bus_fault_reason"": """", ""period_us"": ""9688.948000"", ""max_abs_jitter_us"": ""35977.843000"", ""read_us"": ""5.602000"", ""write_us"": ""2.480000"", ""overruns"": ""77"", ""limited_commands"": ""2"", ""timing_dropped"": ""0""}"
6,b'\x00',can_mock,Active,"{""fault_code"": ""0"", ""cycles"": ""72678"", ""bus_fault_reason"": """", ""period_us"": ""8106.409000"", ""max_abs_jitter_us"": ""35977.843000"", ""read_us"": ""5.525000"", ""write_us"": ""3.064000"", ""overruns"": ""77"", ""limited_commands"": ""2"", ""timing_dropped"": ""0""}"
6,b'\x00',can_mock,Active,"{""fault_code"": ""0"", ""cycles"": ""72688"", ""bus_fault_reason"": """", ""period_us"": ""9840.874000"", ""max_abs_jitter_us"": ""35977.843000"", ""read_us"": ""4.651000"", ""write_us"": ""4.553000"", ""overruns"": ""77"", ""limited_commands"": ""2"", ""timing_dropped"": ""0""}"
6,b'\x00',can_mock,Active,"{""fault_code"": ""0"", ""cycles"": ""72698"", ""bus_fault_reason"": """", ""period_us"": ""12047.339000"", ""max_abs_jitter_us"": ""35977.843000"", ""read_us"": ""5.095000"", ""write_us"": ""2.263000"", ""overruns"": ""77"", ""limited_commands"": ""2"", ""timing_dropped"": ""0""}"
6,b'\x00',can_mock,Active,"{""fault_code"": ""0"", ""cycles"": ""72708"", ""bus_fault_reason"": """", ""period_us"": ""11163.027000"", ""max_abs_jitter_us"": ""35977.843000"", ""read_us"": ""7.010000"", ""write_us"": ""4.859000"", ""overruns"": ""77"", ""limited_commands"": ""2"", ""timing_dropped"": ""0""}"
6,b'\x00',can_mock,Active,"{""fault_code"": ""0"", ""cycles"": ""72718"", ""bus_fault_reason"": """", ""period_us"": ""10272.446000"", ""max_abs_jitter_us"": ""35977.843000"", ""read_us"": ""7.724000"", ""write_us"": ""7.208000"", ""overruns"": ""77"", ""limited_commands"": ""2"", ""timing_dropped"": ""0""}"
6,b'\x00',can_mock,Active,"{""fault_code"": ""0"", ""cycles"": ""72728"", ""bus_fault_reason"": """", ""period_us"": ""9924.831000"", ""max_abs_jitter_us"": ""35977.843000"", ""read_us"": ""10.101000"", ""write_us"": ""6.882000"", ""overruns"": ""77"", ""limited_commands"": ""2"", ""timing_dropped"": ""0""}"
6,b'\x00',can_mock,Active,"{""fault_code"": ""0"", ""cycles"": ""72738"", ""bus_fault_reason"": """", ""period_us"": ""10002.337000"", ""max_abs_jitter_us"": ""35977.843000"", ""read_us"": ""4.802000"", ""write_us"": ""4.332000"", ""overruns"": ""77"", ""limited_commands"": ""2"", ""timing_dropped"": ""0""}"
6,b'\x00',can_mock,Active,"{""fault_code"": ""0"", ""cycles"": ""72748"", ""bus_fault_reason"": """", ""period_us"": ""12226.796000"", ""max_abs_jitter_us"": ""35977.843000"", ""read_us"": ""5.513000"", ""write_us"": ""2.644000"", ""overruns"": ""77"", ""limited_commands"": ""2"", ""timing_dropped"": ""0""}"
6,b'\x00',can_mock,Active,"{""fault_code"": ""0"", ""cycles"": ""72758"", ""bus_fault_reason"": """", ""period_us"": ""10409.916000"", ""max_abs_jitter_us"": ""35977.843000"", ""read_us"": ""7.293000"", ""write_us"": ""3.748000"", ""overruns"": ""77"", ""limited_commands"": ""2"", ""timing_dropped"": ""0""}"
6,b'\x00',can_mock,Active,"{""fault_code"": ""0"", ""cycles"": ""72768"", ""bus_fault_reason"": """", ""period_us"": ""10001.461000"", ""max_abs_jitter_us"": ""35977.843000"", ""read_us"": ""5.083000"", ""write_us"": ""2.762000"", ""overruns"": ""77"", ""limited_commands"": ""2"", ""timing_dropped"": ""0""}"
6,b'\x00',can_mock,Active,"{""fault_code"": ""0"", ""cycles"": ""72778"", ""bus_fault_reason"": """", ""period_us"": ""9892.005000"", ""max_abs_jitter_us"": ""35977.843000"", ""read_us"": ""4.409000"", ""write_us"": ""2.210000"", ""overruns"": ""77"", ""limited_commands"": ""2"", ""timing_dropped"": ""0""}"
6,b'\x00',can_mock,Active,"{""fault_code"": ""0"", ""cycles"": ""72788"", ""bus_fault_reason"": """", ""period_us"": ""10868.579000"", ""max_abs_jitter_us"": ""35977.843000"", ""read_us"": ""3.753000"", ""write_us"": ""1.389000"", ""overruns"": ""77"", ""limited_commands"": ""2"", ""timing_dropped"": ""0""}"
6,b'\x00',can_mock,Active,"{""fault_code"": ""0"", ""cycles"": ""72798"", ""bus_fault_reason"": """", ""period_us"": ""14019.755000"", ""max_abs_jitter_us"": ""35977.843000"", ""read_us"": ""5.420000"", ""write_us"": ""3.317000"", ""overruns"": ""77"", ""limited_commands"": ""2"", ""timing_dropped"": ""0""}"
6,b'\x00',can_mock,Active,"{""fault_code"": ""0"", ""cycles"": ""72808"", ""bus_fault_reason"": """", ""period_us"": ""10728.903000"", ""max_abs_jitter_us"": ""35977.843000"", ""read_us"": ""4.139000"", ""write_us"": ""2.743000"", ""overruns"": ""77"", ""limited_commands"": ""2"", ""timing_dropped"": ""0""}"
6,b'\x00',can_mock,Active,"{""fault_code"": ""0"", ""cycles"": ""72818"", ""bus_fault_reason"": """", ""period_us"": ""10022.558000"", ""max_abs_jitter_us"": ""35977.843000"", ""read_us"": ""41.683000"", ""write_us"": ""3.183000"", ""overruns"": ""77"", ""limited_commands"": ""2"", ""timing_dropped"": ""0""}"
6,b'\x00',can_mock,Active,"{""fault_code"": ""0"", ""cycles"": ""72828"", ""bus_fault_reason"": """", ""period_us"": ""9920.346000"", ""max_abs_jitter_us"": ""35977.843000"", ""read_us"": ""16.235000"", ""write_us"": ""9.416000"", ""overruns"": ""77"", ""limited_commands"": ""2"", ""timing_dropped"": ""0""}"
6,b'\x00',can_mock,Active,"{""fault_code"": ""0"", ""cycles"": ""72838"", ""bus_fault_reason"": """", ""period_us"": ""9971.912000"", ""max_abs_jitter_us"": ""35977.843000"", ""read_us"": ""5.670000"", ""write_us"": ""3.405000"", ""overruns"": ""77"", ""limited_commands"": ""2"", ""timing_dropped"": ""0""}"
6,b'\x00',can_mock,Active,"{""fault_code"": ""0"", ""cycles"": ""72848"", ""bus_fault_reason"": """", ""period_us"": ""9825.277000"", ""max_abs_jitter_us"": ""35977.843000"", ""read_us"": ""6.053000"", ""write_us"": ""14.979000"", ""overruns"": ""77"", ""limited_commands"": ""2"", ""timing_dropped"": ""0""}"
6,b'\x00',can_mock,Active,"{""fault_code"": ""0"", ""cycles"": ""72858"", ""bus_fault_reason"": """", ""period_us"": ""10627.347000"", ""max_abs_jitter_us"": ""35977.843000"", ""read_us"": ""7.034000"", ""write_us"": ""2.862000"", ""overruns"": ""77"", ""limited_commands"": ""2"", ""timing_dropped"": ""0""}"
6,b'\x00',can_mock,Active,"{""fault_code"": ""0"", ""cycles"": ""72868"", ""bus_fault_reason"": """", ""period_us"": ""11276.133000"", ""max_abs_jitter_us"": ""35977.843000"", ""read_us"": ""4.962000"", ""write_us"": ""2.410000"", ""overruns"": ""77"", ""limited_commands"": ""2"", ""timing_dropped"": ""0""}"
6,b'\x00',can_mock,Active,"{""fault_code"": ""0"", ""cycles"": ""72878"", ""bus_fault_reason"": """", ""period_us"": ""10076.557000"", ""max_abs_jitter_us"": ""35977.843000"", ""read_us"": ""6.256000"", ""write_us"": ""5.155000"", ""overruns"": ""77"", ""limited_commands"": ""2"", ""timing_dropped"": ""0""}"
6,b'\x00',can_mock,Active,"{""fault_code"": ""0"", ""cycles"": ""72888"", ""bus_fault_reason"": """", ""period_us"": ""9990.772000"", ""max_abs_jitter_us"": ""35977.843000"", ""read_us"": ""7.022000"", ""write_us"": ""4.207000"", ""overruns"": ""77"", ""limited_commands"": ""2"", ""timing_dropped"": ""0""}"
6,b'\x00',can_mock,Active,"{""fault_code"": ""0"", ""cycles"": ""72898"", ""bus_fault_reason"": """", ""period_us"": ""10033.288000"", ""max_abs_jitter_us"": ""35977.843000"", ""read_us"": ""5.644000"", ""write_us"": ""3.319000"", ""overruns"": ""77"", ""limited_commands"": ""2"", ""timing_dropped"": ""0""}"
6,b'\x00',can_mock,Active,"{""fault_code"": ""0"", ""cycles"": ""72908"", ""bus_fault_reason"": """", ""period_us"": ""10581.335000"", ""max_abs_jitter_us"": ""35977.843000"", ""read_us"": ""6.509000"", ""write_us"": ""4.762000"", ""overruns"": ""77"", ""limited_commands"": ""2"", ""timing_dropped"": ""0""}"
6,b'\x00',can_mock,Active,"{""fault_code"": ""0"", ""cycles"": ""72918"", ""bus_fault_reason"": """", ""period_us"": ""9991.943000"", ""max_abs_jitter_us"": ""35977.843000"", ""read_us"": ""5.255000"", ""write_us"": ""3.152000"", ""overruns"": ""77"", ""limited_commands"": ""2"", ""timing_dropped"": ""0""}"
6,b'\x00',can_mock,Active,"{""fault_code"": ""0"", ""cycles"": ""72928"", ""bus_fault_reason"": """", ""period_us"": ""10231.302000"", ""max_abs_jitter_us"": ""35977.843000"", ""read_us"": ""5.658000"", ""write_us"": ""4.494000"", ""overruns"": ""77"", ""limited_commands"": ""2"", ""timing_dropped"": ""0""}"
6,b'\x00',can_mock,Active,"{""fault_code"": ""0"", ""cycles"": ""72938"", ""bus_fault_reason"": """", ""period_us"": ""10066.988000"", ""max_abs_jitter_us"": ""35977.843000"", ""read_us"": ""8.090000"", ""write_us"": ""4.049000"", ""overruns"": ""77"", ""limited_commands"": ""2"", ""timing_dropped"": ""0""}"
6,b'\x00',can_mock,Active,"{""fault_code"": ""0"", ""cycles"": ""72948"", ""bus_fault_reason"": """", ""period_us"": ""10494.361000"", ""max_abs_jitter_us"": ""35977.843000"", ""read_us"": ""4.747000"", ""write_us"": ""2.578000"", ""overruns"": ""77"", ""limited_commands"": ""2"", ""timing_dropped"": ""0""}"
6,b'\x00',can_mock,Active,"{""fault_code"": ""0"", ""cycles"": ""72958"", ""bus_fault_reason"": """", ""period_us"": ""9857.946000"", ""max_abs_jitter_us"": ""35977.843000"", ""read_us"": ""6.873000"", ""write_us"": ""2.748000"", ""overruns"": ""77"", ""limited_commands"": ""2"", ""timing_dropped"": ""0""}"
6,b'\x00',can_mock,Active,"{""fault_code"": ""0"", ""cycles"": ""72968"", ""bus_fault_reason"": """", ""period_us"": ""11705.073000"", ""max_abs_jitter_us"": ""35977.843000"", ""read_us"": ""6.241000"", ""write_us"": ""3.797000"", ""overruns"": ""77"", ""limited_commands"": ""2"", ""timing_dropped"": ""0""}"
6,b'\x00',can_mock,Active,"{""fault_code"": ""0"", ""cycles"": ""72978"", ""bus_fault_reason"": """", ""period_us"": ""10006.555000"", ""max_abs_jitter_us"": ""35977.843000"", ""read_us"": ""5.336000"", ""write_us"": ""3.311000"", ""overruns"": ""77"", ""limited_commands"": ""2"", ""timing_dropped"": ""0""}"
6,b'\x00',can_mock,Active,"{""fault_code"": ""0"", ""cycles"": ""72988"", ""bus_fault_reason"": """", ""period_us"": ""10053.280000"", ""max_abs_jitter_us"": ""35977.843000"", ""read_us"": ""5.916000"", ""write_us"": ""3.174000"", ""overruns"": ""77"", ""limited_commands"": ""2"", ""timing_dropped"": ""0""}"
6,b'\x00',can_mock,Active,"{""fault_code"": ""0"", ""cycles"": ""72998"", ""bus_fault_reason"": """", ""period_us"": ""10382.959000"", ""max_abs_jitter_us"": ""35977.843000"", ""read_us"": ""7.093000"", ""write_us"": ""5.229000"", ""overruns"": ""77"", ""limited_commands"": ""2"", ""timing_dropped"": ""0""}"
7,b'\x00',can_mock,Active,"{""fault_code"": ""0"", ""cycles"": ""73008"", ""bus_fault_reason"": """", ""period_us"": ""10069.345000"", ""max_abs_jitter_us"": ""35977.843000"", ""read_us"": ""3.675000"", ""write_us"": ""1.544000"", ""overruns"": ""77"", ""limited_commands"": ""2"", ""timing_dropped"": ""0""}"
7,b'\x00',can_mock,Active,"{""fault_code"": ""0"", ""cycles"": ""73018"", ""bus_fault_reason"": """", ""period_us"": ""10017.107000"", ""max_abs_jitter_us"": ""35977.843000"", ""read_us"": ""7.147000"", ""write_us"": ""3.427000"", ""overruns"": ""77"", ""limited_commands"": ""2"", ""timing_dropped"": ""0""}"
7,b'\x00',can_mock,Active,"{""fault_code"": ""0"", ""cycles"": ""73028"", ""bus_fault_reason"": """", ""period_us"": ""9985.865000"", ""max_abs_jitter_us"": ""35977.843000"", ""read_us"": ""5.611000"", ""write_us"": ""4.507000"", ""overruns"": ""77"", ""limited_commands"": ""2"", ""timing_dropped"": ""0""}"
7,b'\x00',can_mock,Active,"{""fault_code"": ""0"", ""cycles"": ""73038"", ""bus_fault_reason"": """", ""period_us"": ""10014.987000"", ""max_abs_jitter_us"": ""35977.843000"", ""read_us"": ""7.127000"", ""write_us"": ""4.290000"", ""overruns"": ""77"", ""limited_commands"": ""2"", ""timing_dropped"": ""0""}"
7,b'\x00',can_mock,Active,"{""fault_code"": ""0"", ""cycles"": ""73048"", ""bus_fault_reason"": """", ""period_us"": ""10037.382000"", ""max_abs_jitter_us"": ""35977.843000"", ""read_us"": ""4.994000"", ""write_us"": ""1.985000"", ""overruns"": ""77"", ""limited_commands"": ""2"", ""timing_dropped"": ""0""}"
7,b'\x00',can_mock,Active,"{""fault_code"": ""0"", ""cycles"": ""73058"", ""bus_fault_reason"": """", ""period_us"": ""10079.846000"", ""max_abs_jitter_us"": ""35977.843000"", ""read_us"": ""5.643000"", ""write_us"": ""2.530000"", ""overruns"": ""77"", ""limited_commands"": ""2"", ""timing_dropped"": ""0""}"
7,b'\x00',can_mock,Active,"{""fault_code"": ""0"", ""cycles"": ""73068"", ""bus_fault_reason"": """", ""period_us"": ""10287.034000"", ""max_abs_jitter_us"": ""35977.843000"", ""read_us"": ""149.586000"", ""write_us"": ""10.625000"", ""overruns"": ""77"", ""limited_commands"": ""2"", ""timing_dropped"": ""0""}"
7,b'\x00',can_mock,Active,"{""fault_code"": ""0"", ""cycles"": ""73078"", ""bus_fault_reason"": """", ""period_us"": ""10111.290000"", ""max_abs_jitter_us"": ""35977.843000"", ""read_us"": ""30.602000"", ""write_us"": ""2.559000"", ""overruns"": ""77"", ""limited_commands"": ""2"", ""timing_dropped"": ""0""}"
7,b'\x00',can_mock,Active,"{""fault_code"": ""0"", ""cycles"": ""73088"", ""bus_fault_reason"": """", ""period_us"": ""9973.674000"", ""max_abs_jitter_us"": ""35977.843000"", ""read_us"": ""6.229000"", ""write_us"": ""6.358000"", ""overruns"": ""77"", ""limited_commands"": ""2"", ""timing_dropped"": ""0""}"
7,b'\x00',can_mock,Active,"{""fault_code"": ""0"", ""cycles"": ""73098"", ""bus_fault_reason"": """", ""period_us"": ""10137.476000"", ""max_abs_jitter_us"": ""35977.843000"", ""read_us"": ""6.263000"", ""write_us"": ""2.845000"", ""overruns"": ""77"", ""limited_commands"": ""2"", ""timing_dropped"": ""0""}"
7,b'\x00',can_mock,Active,"{""fault_code"": ""0"", ""cycles"": ""73108"", ""bus_fault_reason"": """", ""period_us"": ""10051.251000"", ""max_abs_jitter_us"": ""35977.843000"", ""read_us"": ""6.754000"", ""write_us"": ""2.935000"", ""overruns"": ""77"", ""limited_commands"": ""2"", ""timing_dropped"": ""0""}"
7,b'\x00',can_mock,Active,"{""fault_code"": ""0"", ""cycles"": ""73118"", ""bus_fault_reason"": """", ""period_us"": ""10136.428000"", ""max_abs_jitter_us"": ""35977.843000"", ""read_us"": ""6.847000"", ""write_us"": ""3.373000"", ""overruns"": ""77"", ""limited_commands"": ""2"", ""timing_dropped"": ""0""}"
7,b'\x00',can_mock,Active,"{""fault_code"": ""0"", ""cycles"": ""73128"", ""bus_fault_reason"": """", ""period_us"": ""9900.693000"", ""max_abs_jitter_us"": ""35977.843000"", ""read_us"": ""9.421000"", ""write_us"": ""6.058000"", ""overruns"": ""77"", ""limited_commands"": ""2"", ""timing_dropped"": ""0""}"
7,b'\x00',can_mock,Active,"{""fault_code"": ""0"", ""cycles"": ""73138"", ""bus_fault_reason"": """", ""period_us"": ""10110.992000"", ""max_abs_jitter_us"": ""35977.843000"", ""read_us"": ""9.689000"", ""write_us"": ""3.455000"", ""overruns"": ""77"", ""limited_commands"": ""2"", ""timing_dropped"": ""0""}"
7,b'\x00',can_mock,Active,"{""fault_code"": ""0"", ""cycles"": ""73148"", ""bus_fault_reason"": """", ""period_us"": ""10267.575000"", ""max_abs_jitter_us"": ""35977.843000"", ""read_us"": ""41.116000"", ""write_us"": ""3.713000"", ""overruns"": ""77"", ""limited_commands"": ""2"", ""timing_dropped"": ""0""}"
7,b'\x00',can_mock,Active,"{""fault_code"": ""0"", ""cycles"": ""73158"", ""bus_fault_reason"": """", ""period_us"": ""10291.099000"", ""max_abs_jitter_us"": ""35977.843000"", ""read_us"": ""5.637000"", ""write_us"": ""3.143000"", ""overruns"": ""77"", ""limited_commands"": ""2"", ""timing_dropped"": ""0""}"
7,b'\x00',can_mock,Active,"{""fault_code"": ""0"", ""cycles"": ""73168"", ""bus_fault_reason"": """", ""period_us"": ""9937.361000"", ""max_abs_jitter_us"": ""35977.843000"", ""read_us"": ""4.963000"", ""write_us"": ""3.664000"", ""overruns"": ""77"", ""limited_commands"": ""2"", ""timing_dropped"": ""0""}"
7,b'\x00',can_mock,Active,"{""fault_code"": ""0"", ""cycles"": ""73178"", ""bus_fault_reason"": """", ""period_us"": ""10066.693000"", ""max_abs_jitter_us"": ""35977.843000"", ""read_us"": ""6.080000"", ""write_us"": ""5.721000"", ""overruns"": ""77"", ""limited_commands"": ""2"", ""timing_dropped"": ""0""}"
7,b'\x00',can_mock,Active,"{""fault_code"": ""0"", ""cycles"": ""73188"", ""bus_fault_reason"": """", ""period_us"": ""10080.435000"", ""max_abs_jitter_us"": ""35977.843000"", ""read_us"": ""5.090000"", ""write_us"": ""2.671000"", ""overruns"": ""77"", ""limited_commands"": ""2"", ""timing_dropped"": ""0""}"
7,b'\x00',can_mock,Active,"{""fault_code"": ""0"", ""cycles"": ""73198"", ""bus_fault_reason"": """", ""period_us"": ""10113.369000"", ""max_abs_jitter_us"": ""35977.843000"", ""read_us"": ""5.701000"", ""write_us"": ""3.206000"", ""overruns"": ""77"", ""limited_commands"": ""2"", ""timing_dropped"": ""0""}"
7,b'\x00',can_mock,Active,"{""fault_code"": ""0"", ""cycles"": ""73208"", ""bus_fault_reason"": """", ""period_us"": ""10165.050000"", ""max_abs_jitter_us"": ""35977.843000"", ""read_us"": ""38.244000"", ""write_us"": ""15.384000"", ""overruns"": ""77"", ""limited_commands"": ""2"", ""timing_dropped"": ""0""}"
7,b'\x00',can_mock,Active,"{""fault_code"": ""0"", ""cycles"": ""73218"", ""bus_fault_reason"": """", ""period_us"": ""10075.287000"", ""max_abs_jitter_us"": ""35977.843000"", ""read_us"": ""36.310000"", ""write_us"": ""4.669000"", ""overruns"": ""77"", ""limited_commands"": ""2"", ""timing_dropped"": ""0""}"
7,b'\x00',can_mock,Active,"{""fault_code"": ""0"", ""cycles"": ""73228"", ""bus_fault_reason"": """", ""period_us"": ""8944.787000"", ""max_abs_jitter_us"": ""35977.843000"", ""read_us"": ""7.581000"", ""write_us"": ""12.607000"", ""overruns"": ""77"", ""limited_commands"": ""2"", ""timing_dropped"": ""0""}"
7,b'\x00',can_mock,Active,"{""fault_code"": ""0"", ""cycles"": ""73238"", ""bus_fault_reason"": """", ""period_us"": ""10081.485000"", ""max_abs_jitter_us"": ""35977.843000"", ""read_us"": ""4.912000"", ""write_us"": ""3.730000"", ""overruns"": ""77"", ""limited_commands"": ""2"", ""timing_dropped"": ""0""}"
7,b'\x00',can_mock,Active,"{""fault_code"": ""0"", ""cycles"": ""73248"", ""bus_fault_reason"": """", ""period_us"": ""9948.763000"", ""max_abs_jitter_us"": ""35977.843000"", ""read_us"": ""6.838000"", ""write_us"": ""3.815000"", ""overruns"": ""77"", ""limited_commands"": ""2"", ""timing_dropped"": ""0""}"
7,b'\x00',can_mock,Active,"{""fault_code"": ""0"", ""cycles"": ""73258"", ""bus_fault_reason"": """", ""period_us"": ""10034.233000"", ""max_abs_jitter_us"": ""35977.843000"", ""read_us"": ""73.260000"", ""write_us"": ""9.002000"", ""overruns"": ""77"", ""limited_commands"": ""2"", ""timing_dropped"": ""0""}"
7,b'\x00',can_mock,Active,"{""fault_code"": ""0"", ""cycles"": ""73268"", ""bus_fault_reason"": """", ""period_us"": ""10027.941000"", ""max_abs_jitter_us"": ""35977.843000"", ""read_us"": ""6.154000"", ""write_us"": ""4.817000"", ""overruns"": ""77"", ""limited_commands"": ""2"", ""timing_dropped"": ""0""}"
7,b'\x00',can_mock,Active,"{""fault_code"": ""0"", ""cycles"": ""73278"", ""bus_fault_reason"": """", ""period_us"": ""11622.664000"", ""max_abs_jitter_us"": ""35977.843000"", ""read_us"": ""7.788000"", ""write_us"": ""9.182000"", ""overruns"": ""77"", ""limited_commands"": ""2"", ""timing_dropped"": ""0""}"
7,b'\x00',can_mock,Active,"{""fault_code"": ""0"", ""cycles"": ""73288"", ""bus_fault_reason"": """", ""period_us"": ""9986.849000"", ""max_abs_jitter_us"": ""35977.843000"", ""read_us"": ""6.069000"", ""write_us"": ""2.754000"", ""overruns"": ""77"", ""limited_commands"": ""2"", ""timing_dropped"": ""0""}"
7,b'\x00',can_mock,Active,"{""fault_code"": ""0"", ""cycles"": ""73298"", ""bus_fault_reason"": """", ""period_us"": ""9913.174000"", ""max_abs_jitter_us"": ""35977.843000"", ""read_us"": ""4.202000"", ""write_us"": ""3.680000"", ""overruns"": ""77"", ""limited_commands"": ""2"", ""timing_dropped"": ""0""}"
7,b'\x00',can_mock,Active,"{""fault_code"": ""0"", ""cycles"": ""73308"", ""bus_fault_reason"": """", ""period_us"": ""10246.558000"", ""max_abs_jitter_us"": ""35977.843000"", ""read_us"": ""33.797000"", ""write_us"": ""5.179000"", ""overruns"": ""77"", ""limited_commands"": ""2"", ""timing_dropped"": ""0""}"
7,b'\x00',can_mock,Active,"{""fault_code"": ""0"", ""cycles"": ""73318"", ""bus_fault_reason"": """", ""period_us"": ""11101.371000"", ""max_abs_jitter_us"": ""35977.843000"", ""read_us"": ""26.750000"", ""write_us"": ""22.230000"", ""overruns"": ""77"", ""limited_commands"": ""2"", ""timing_dropped"": ""0""}"
7,b'\x00',can_mock,Active,"{""fault_code"": ""0"", ""cycles"": ""73328"", ""bus_fault_reason"": """", ""period_us"": ""9556.479000"", ""max_abs_jitter_us"": ""35977.843000"", ""read_us"": ""4.251000"", ""write_us"": ""4.448000"", ""overruns"": ""77"", ""limited_commands"": ""2"", ""timing_dropped"": ""0""}"
7,b'\x00',can_mock,Active,"{""fault_code"": ""0"", ""cycles"": ""73338"", ""bus_fault_reason"": """", ""period_us"": ""9597.215000"", ""max_abs_jitter_us"": ""35977.843000"", ""read_us"": ""41.973000"", ""write_us"": ""18.831000"", ""overruns"": ""77"", ""limited_commands"": ""2"", ""timing_dropped"": ""0""}"
7,b'\x00',can_mock,Active,"{""fault_code"": ""0"", ""cycles"": ""73348"", ""bus_fault_reason"": """", ""period_us"": ""10038.161000"", ""max_abs_jitter_us"": ""35977.843000"", ""read_us"": ""41.375000"", ""write_us"": ""2.527000"", ""overruns"": ""77"", ""limited_commands"": ""2"", ""timing_dropped"": ""0""}"
7,b'\x00',can_mock,Active,"{""fault_code"": ""0"", ""cycles"": ""73358"", ""bus_fault_reason"": """", ""period_us"": ""10695.191000"", ""max_abs_jitter_us"": ""35977.843000"", ""read_us"": ""34.127000"", ""write_us"": ""3.187000"", ""overruns"": ""77"", ""limited_commands"": ""2"", ""timing_dropped"": ""0""}"
7,b'\x00',can_mock,Active,"{""fault_code"": ""0"", ""cycles"": ""73368"", ""bus_fault_reason"": """", ""period_us"": ""9975.289000"", ""max_abs_jitter_us"": ""35977.843000"", ""read_us"": ""4.657000"", ""write_us"": ""1.840000"", ""overruns"": ""77"", ""limited_commands"": ""2"", ""timing_dropped"": ""0""}"
7,b'\x00',can_mock,Active,"{""fault_code"": ""0"", ""cycles"": ""73378"", ""bus_fault_reason"": """", ""period_us"": ""9954.795000"", ""max_abs_jitter_us"": ""35977.843000"", ""read_us"": ""5.343000"", ""write_us"": ""2.992000"", ""overruns"": ""77"", ""limited_commands"": ""2"", ""timing_dropped"": ""0""}"
7,b'\x00',can_mock,Active,"{""fault_code"": ""0"", ""cycles"": ""73388"", ""bus_fault_reason"": """", ""period_us"": ""10016.154000"", ""max_abs_jitter_us"": ""35977.843000"", ""read_us"": ""28.405000"", ""write_us"": ""7.913000"", ""overruns"": ""77"", ""limited_commands"": ""2"", ""timing_dropped"": ""0""}"
7,b'\x00',can_mock,Active,"{""fault_code"": ""0"", ""cycles"": ""73398"", ""bus_fault_reason"": """", ""period_us"": ""9942.099000"", ""max_abs_jitter_us"": ""35977.843000"", ""read_us"": ""44.428000"", ""write_us"": ""18.538000"", ""overruns"": ""77"", ""limited_commands"": ""2"", ""timing_dropped"": ""0""}"
7,b'\x00',can_mock,Active,"{""fault_code"": ""0"", ""cycles"": ""73408"", ""bus_fault_reason"": """", ""period_us"": ""10089.666000"", ""max_abs_jitter_us"": ""35977.843000"", ""read_us"": ""8.092000"", ""write_us"": ""3.628000"", ""overruns"": ""77"", ""limited_commands"": ""2"", ""timing_dropped"": ""0""}"
7,b'\x00',can_mock,Active,"{""fault_code"": ""0"", ""cycles"": ""73418"", ""bus_fault_reason"": """", ""period_us"": ""9740.185000"", ""max_abs_jitter_us"": ""35977.843000"", ""read_us"": ""4.557000"", ""write_us"": ""4.472000"", ""overruns"": ""77"", ""limited_commands"": ""2"", ""timing_dropped"": ""0""}"
7,b'\x00',can_mock,Active,"{""fault_code"": ""0"", ""cycles"": ""73428"", ""bus_fault_reason"": """", ""period_us"": ""10373.478000"", ""max_abs_jitter_us"": ""35977.843000"", ""read_us"": ""6.286000"", ""write_us"": ""2.212000"", ""overruns"": ""77"", ""limited_commands"": ""2"", ""timing_dropped"": ""0""}"
7,b'\x00',can_mock,Active,"{""fault_code"": ""0"", ""cycles"": ""73438"", ""bus_fault_reason"": """", ""period_us"": ""10015.317000"", ""max_abs_jitter_us"": ""35977.843000"", ""read_us"": ""7.980000"", ""write_us"": ""4.751000"", ""overruns"": ""77"", ""limited_commands"": ""2"", ""timing_dropped"": ""0""}"
7,b'\x00',can_mock,Active,"{""fault_code"": ""0"", ""cycles"": ""73448"", ""bus_fault_reason"": """", ""period_us"": ""9993.090000"", ""max_abs_jitter_us"": ""35977.843000"", ""read_us"": ""6.536000"", ""write_us"": ""3.093000"", ""overruns"": ""77"", ""limited_commands"": ""2"", ""timing_dropped"": ""0""}"
7,b'\x00',can_mock,Active,"{""fault_code"": ""0"", ""cycles"": ""73458"", ""bus_fault_reason"": """", ""period_us"": ""9991.747000"", ""max_abs_jitter_us"": ""35977.843000"", ""read_us"": ""5.513000"", ""write_us"": ""5.159000"", ""overruns"": ""77"", ""limited_commands"": ""2"", ""timing_dropped"": ""0""}"
7,b'\x00',can_mock,Active,"{""fault_code"": ""0"", ""cycles"": ""73468"", ""bus_fault_reason"": """", ""period_us"": ""9900.952000"", ""max_abs_jitter_us"": ""35977.843000"", ""read_us"": ""5.905000"", ""write_us"": ""2.541000"", ""overruns"": ""77"", ""limited_commands"": ""2"", ""timing_dropped"": ""0""}"
7,b'\x00',can_mock,Active,"{""fault_code"": ""0"", ""cycles"": ""73478"", ""bus_fault_reason"": """", ""period_us"": ""9818.880000"", ""max_abs_jitter_us"": ""35977.843000"", ""read_us"": ""5.753000"", ""write_us"": ""4.345000"", ""overruns"": ""77"", ""limited_commands"": ""2"", ""timing_dropped"": ""0""}"
7,b'\x00',can_mock,Active,"{""fault_code"": ""0"", ""cycles"": ""73488"", ""bus_fault_reason"": """", ""period_us"": ""9800.818000"", ""max_abs_jitter_us"": ""35977.843000"", ""read_us"": ""4.256000"", ""write_us"": ""3.547000"", ""overruns"": ""77"", ""limited_commands"": ""2"", ""timing_dropped"": ""0""}"
7,b'\x00',can_mock,Active,"{""fault_code"": ""0"", ""cycles"": ""73498"", ""bus_fault_reason"": """", ""period_us"": ""9989.944000"", ""max_abs_jitter_us"": ""35977.843000"", ""read_us"": ""4.580000"", ""write_us"": ""1.509000"", ""overruns"": ""77"", ""limited_commands"": ""2"", ""timing_dropped"": ""0""}"
7,b'\x00',can_mock,Active,"{""fault_code"": ""0"", ""cycles"": ""73508"", ""bus_fault_reason"": """", ""period_us"": ""10152.376000"", ""max_abs_jitter_us"": ""35977.843000"", ""read_us"": ""12.590000"", ""write_us"": ""2.995000"", ""overruns"": ""77"", ""limited_commands"": ""2"", ""timing_dropped"": ""0""}"
7,b'\x00',can_mock,Active,"{""fault_code"": ""0"", ""cycles"": ""73518"", ""bus_fault_reason"": """", ""period_us"": ""9973.918000"", ""max_abs_jitter_us"": ""35977.843000"", ""read_us"": ""6.142000"", ""write_us"": ""3.118000"", ""overruns"": ""77"", ""limited_commands"": ""2"", ""timing_dropped"": ""0""}"
7,b'\x00',can_mock,Active,"{""fault_code"": ""0"", ""cycles"": ""73528"", ""bus_fault_reason"": """", ""period_us"": ""8949.313000"", ""max_abs_jitter_us"": ""35977.843000"", ""read_us"": ""7.585000"", ""write_us"": ""33.196000"", ""overruns"": ""77"", ""limited_commands"": ""2"", ""timing_dropped"": ""0""}"
7,b'\x00',can_mock,Active,"{""fault_code"": ""0"", ""cycles"": ""73538"", ""bus_fault_reason"": """", ""period_us"": ""10087.203000"", ""max_abs_jitter_us"": ""35977.843000"", ""read_us"": ""8.678000"", ""write_us"": ""5.771000"", ""overruns"": ""77"", ""limited_commands"": ""2"", ""timing_dropped"": ""0""}"
7,b'\x00',can_mock,Active,"{""fault_code"": ""0"", ""cycles"": ""73548"", ""bus_fault_reason"": """", ""period_us"": ""9992.168000"", ""max_abs_jitter_us"": ""35977.843000"", ""read_us"": ""5.189000"", ""write_us"": ""3.029000"", ""overruns"": ""77"", ""limited_commands"": ""2"", ""timing_dropped"": ""0""}"
7,b'\x00',can_mock,Active,"{""fault_code"": ""0"", ""cycles"": ""73558"", ""bus_fault_reason"": """", ""period_us"": ""10453.755000"", ""max_abs_jitter_us"": ""35977.843000"", ""read_us"": ""40.367000"", ""write_us"": ""4.324000"", ""overruns"": ""77"", ""limited_commands"": ""2"", ""timing_dropped"": ""0""}"
7,b'\x00',can_mock,Active,"{""fault_code"": ""0"", ""cycles"": ""73568"", ""bus_fault_reason"": """", ""period_us"": ""9983.808000"", ""max_abs_jitter_us"": ""35977.843000"", ""read_us"": ""5.685000"", ""write_us"": ""2.717000"", ""overruns"": ""77"", ""limited_commands"": ""2"", ""timing_dropped"": ""0""}"
7,b'\x00',can_mock,Active,"{""fault_code"": ""0"", ""cycles"": ""73578"", ""bus_fault_reason"": """", ""period_us"": ""10141.026000"", ""max_abs_jitter_us"": ""35977.843000"", ""read_us"": ""5.660000"", ""write_us"": ""3.606000"", ""overruns"": ""77"", ""limited_commands"": ""2"", ""timing_dropped"": ""0""}"
7,b'\x00',can_mock,Active,"{""fault_code"": ""0"", ""cycles"": ""73588"", ""bus_fault_reason"": """", ""period_us"": ""10102.338000"", ""max_abs_jitter_us"": ""35977.843000"", ""read_us"": ""16.562000"", ""write_us"": ""7.798000"", ""overruns"": ""77"", ""limited_commands"": ""2"", ""timing_dropped"": ""0""}"
7,b'\x00',can_mock,Active,"{""fault_code"": ""0"", ""cycles"": ""73598"", ""bus_fault_reason"": """", ""period_us"": ""9721.213000"", ""max_abs_jitter_us"": ""35977.843000"", ""read_us"": ""3.589000"", ""write_us"": ""2.197000"", ""overruns"": ""77"", ""limited_commands"": ""2"", ""timing_dropped"": ""0""}"
7,b'\x00',can_mock,Active,"{""fault_code"": ""0"", ""cycles"": ""73608"", ""bus_fault_reason"": """", ""period_us"": ""11369.704000"", ""max_abs_jitter_us"": ""35977.843000"", ""read_us"": ""5.217000"", ""write_us"": ""3.552000"", ""overruns"": ""77"", ""limited_commands"": ""2"", ""timing_dropped"": ""0""}"
7,b'\x00',can_mock,Active,"{""fault_code"": ""0"", ""cycles"": ""73618"", ""bus_fault_reason"": """", ""period_us"": ""9954.257000"", ""max_abs_jitter_us"": ""35977.843000"", ""read_us"": ""4.932000"", ""write_us"": ""3.118000"", ""overruns"": ""77"", ""limited_commands"": ""2"", ""timing_dropped"": ""0""}"
7,b'\x00',can_mock,Active,"{""fault_code"": ""0"", ""cycles"": ""73628"", ""bus_fault_reason"": """", ""period_us"": ""9969.179000"", ""max_abs_jitter_us"": ""35977.843000"", ""read_us"": ""5.317000"", ""write_us"": ""3.415000"", ""overruns"": ""77"", ""limited_commands"": ""2"", ""timing_dropped"": ""0""}"
7,b'\x00',can_mock,Active,"{""fault_code"": ""0"", ""cycles"": ""73638"", ""bus_fault_reason"": """", ""period_us"": ""9748.567000"", ""max_abs_jitter_us"": ""35977.843000"", ""read_us"": ""16.081000"", ""write_us"": ""8.375000"", ""overruns"": ""77"", ""limited_commands"": ""2"", ""timing_dropped"": ""0""}"
7,b'\x00',can_mock,Active,"{""fault_code"": ""0"", ""cycles"": ""73648"", ""bus_fault_reason"": """", ""period_us"": ""10082.713000"", ""max_abs_jitter_us"": ""35977.843000"", ""read_us"": ""5.684000"", ""write_us"": ""3.600000"", ""overruns"": ""77"", ""limited_commands"": ""2"", ""timing_dropped"": ""0""}"
7,b'\x00',can_mock,Active,"{""fault_code"": ""0"", ""cycles"": ""73658"", ""bus_fault_reason"": """", ""period_us"": ""9827.139000"", ""max_abs_jitter_us"": ""35977.843000"", ""read_us"": ""6.988000"", ""write_us"": ""4.232000"", ""overruns"": ""77"", ""limited_commands"": ""2"", ""timing_dropped"": ""0""}"
7,b'\x00',can_mock,Active,"{""fault_code"": ""0"", ""cycles"": ""73668"", ""bus_fault_reason"": """", ""period_us"": ""9992.950000"", ""max_abs_jitter_us"": ""35977.843000"", ""read_us"": ""6.946000"", ""write_us"": ""3.754000"", ""overruns"": ""77"", ""limited_commands"": ""2"", ""timing_dropped"": ""0""}"
7,b'\x00',can_mock,Active,"{""fault_code"": ""0"", ""cycles"": ""73678"", ""bus_fault_reason"": """", ""period_us"": ""10410.625000"", ""max_abs_jitter_us"": ""35977.843000"", ""read_us"": ""53.861000"", ""write_us"": ""4.541000"", ""overruns"": ""77"", ""limited_commands"": ""2"", ""timing_dropped"": ""0""}"
7,b'\x00',can_mock,Active,"{""fault_code"": ""0"", ""cycles"": ""73688"", ""bus_fault_reason"": """", ""period_us"": ""13415.626000"", ""max_abs_jitter_us"": ""35977.843000"", ""read_us"": ""5.913000"", ""write_us"": ""4.053000"", ""overruns"": ""77"", ""limited_commands"": ""2"", ""timing_dropped"": ""0""}"
7,b'\x00',can_mock,Active,"{""fault_code"": ""0"", ""cycles"": ""73698"", ""bus_fault_reason"": """", ""period_us"": ""7885.224000"", ""max_abs_jitter_us"": ""35977.843000"", ""read_us"": ""6.467000"", ""write_us"": ""2.028000"", ""overruns"": ""77"", ""limited_commands"": ""2"", ""timing_dropped"": ""0""}"
7,b'\x00',can_mock,Active,"{""fault_code"": ""0"", ""cycles"": ""73708"", ""bus_fault_reason"": """", ""period_us"": ""8828.341000"", ""max_abs_jitter_us"": ""35977.843000"", ""read_us"": ""6.094000"", ""write_us"": ""3.569000"", ""overruns"": ""77"", ""limited_commands"": ""2"", ""timing_dropped"": ""0""}"
7,b'\x00',can_mock,Active,"{""fault_code"": ""0"", ""cycles"": ""73718"", ""bus_fault_reason"": """", ""period_us"": ""10185.487000"", ""max_abs_jitter_us"": ""35977.843000"", ""read_us"": ""33.014000"", ""write_us"": ""2.311000"", ""overruns"": ""77"", ""limited_commands"": ""2"", ""timing_dropped"": ""0""}"
7,b'\x00',can_mock,Active,"{""fault_code"": ""0"", ""cycles"": ""73728"", ""bus_fault_reason"": """", ""period_us"": ""9376.632000"", ""max_abs_jitter_us"": ""35977.843000"", ""read_us"": ""5.112000"", ""write_us"": ""3.094000"", ""overruns"": ""77"", ""limited_commands"": ""2"", ""timing_dropped"": ""0""}"
7,b'\x00',can_mock,Active,"{""fault_code"": ""0"", ""cycles"": ""73738"", ""bus_fault_reason"": """", ""period_us"": ""9993.116000"", ""max_abs_jitter_us"": ""35977.843000"", ""read_us"": ""3.411000"", ""write_us"": ""2.008000"", ""overruns"": ""77"", ""limited_commands"": ""2"", ""timing_dropped"": ""0""}"
7,b'\x00',can_mock,Active,"{""fault_code"": ""0"", ""cycles"": ""73748"", ""bus_fault_reason"": """", ""period_us"": ""10158.066000"", ""max_abs_jitter_us"": ""35977.843000"", ""read_us"": ""46.027000"", ""write_us"": ""4.210000"", ""overruns"": ""77"", ""limited_commands"": ""2"", ""timing_dropped"": ""0""}"
7,b'\x00',can_mock,Active,"{""fault_code"": ""0"", ""cycles"": ""73758"", ""bus_fault_reason"": """", ""period_us"": ""11269.001000"", ""max_abs_jitter_us"": ""35977.843000"", ""read_us"": ""12.687000"", ""write_us"": ""6.291000"", ""overruns"": ""77"", ""limited_commands"": ""2"", ""timing_dropped"": ""0""}"
7,b'\x00',can_mock,Active,"{""fault_code"": ""0"", ""cycles"": ""73768"", ""bus_fault_reason"": """", ""period_us"": ""12860.148000"", ""max_abs_jitter_us"": ""35977.843000"", ""read_us"": ""5.350000"", ""write_us"": ""6.710000"", ""overruns"": ""77"", ""limited_commands"": ""2"", ""timing_dropped"": ""0""}"
7,b'\x00',can_mock,Active,"{""fault_code"": ""0"", ""cycles"": ""73778"", ""bus_fault_reason"": """", ""period_us"": ""9999.158000"", ""max_abs_jitter_us"": ""35977.843000"", ""read_us"": ""6.646000"", ""write_us"": ""2.862000"", ""overruns"": ""77"", ""limited_commands"": ""2"", ""timing_dropped"": ""0""}"
7,b'\x00',can_mock,Active,"{""fault_code"": ""0"", ""cycles"": ""73788"", ""bus_fault_reason"": """", ""period_us"": ""8150.455000"", ""max_abs_jitter_us"": ""35977.843000"", ""read_us"": ""7.900000"", ""write_us"": ""3.428000"", ""overruns"": ""77"", ""limited_commands"": ""2"", ""timing_dropped"": ""0""}"
7,b'\x00',can_mock,Active,"{""fault_code"": ""0"", ""cycles"": ""73798"", ""bus_fault_reason"": """", ""period_us"": ""9949.712000"", ""max_abs_jitter_us"": ""35977.843000"", ""read_us"": ""3.845000"", ""write_us"": ""414.652000"", ""overruns"": ""77"", ""limited_commands"": ""2"", ""timing_dropped"": ""0""}"
7,b'\x00',can_mock,Active,"{""fault_code"": ""0"", ""cycles"": ""73808"", ""bus_fault_reason"": """", ""period_us"": ""10343.542000"", ""max_abs_jitter_us"": ""35977.843000"", ""read_us"": ""7.233000"", ""write_us"": ""5.292000"", ""overruns"": ""77"", ""limited_commands"": ""2"", ""timing_dropped"": ""0""}"
7,b'\x00',can_mock,Active,"{""fault_code"": ""0"", ""cycles"": ""73818"", ""bus_fault_reason"": """", ""period_us"": ""9884.792000"", ""max_abs_jitter_us"": ""35977.843000"", ""read_us"": ""6.189000"", ""write_us"": ""3.539000"", ""overruns"": ""77"", ""limited_commands"": ""2"", ""timing_dropped"": ""0""}"
7,b'\x00',can_mock,Active,"{""fault_code"": ""0"", ""cycles"": ""73828"", ""bus_fault_reason"": """", ""period_us"": ""10086.702000"", ""max_abs_jitter_us"": ""35977.843000"", ""read_us"": ""9.319000"", ""write_us"": ""4.524000"", ""overruns"": ""77"", ""limited_commands"": ""2"", ""timing_dropped"": ""0""}"
7,b'\x00',can_mock,Active,"{""fault_code"": ""0"", ""cycles"": ""73838"", ""bus_fault_reason"": """", ""period_us"": ""9900.615000"", ""max_abs_jitter_us"": ""35977.843000"", ""read_us"": ""3.793000"", ""write_us"": ""1.755000"", ""overruns"": ""77"", ""limited_commands"": ""2"", ""timing_dropped"": ""0""}"
7,b'\x00',can_mock,Active,"{""fault_code"": ""0"", ""cycles"": ""73848"", ""bus_fault_reason"": """", ""period_us"": ""9883.879000"", ""max_abs_jitter_us"": ""35977.843000"", ""read_us"": ""9.439000"", ""write_us"": ""2.951000"", ""overruns"": ""77"", ""limited_commands"": ""2"", ""timing_dropped"": ""0""}"
7,b'\x00',can_mock,Active,"{""fault_code"": ""0"", ""cycles"": ""73858"", ""bus_fault_reason"": """", ""period_us"": ""9703.438000"", ""max_abs_jitter_us"": ""35977.843000"", ""read_us"": ""5.507000"", ""write_us"": ""6.169000"", ""overruns"": ""77"", ""limited_commands"": ""2"", ""timing_dropped"": ""0""}"
7,b'\x00',can_mock,Active,"{""fault_code"": ""0"", ""cycles"": ""73868"", ""bus_fault_reason"": """", ""period_us"": ""9988.757000"", ""max_abs_jitter_us"": ""35977.843000"", ""read_us"": ""4.438000"", ""write_us"": ""2.933000"", ""overruns"": ""77"", ""limited_commands"": ""2"", ""timing_dropped"": ""0""}"
7,b'\x00',can_mock,Active,"{""fault_code"": ""0"", ""cycles"": ""73878"", ""bus_fault_reason"": """", ""period_us"": ""10413.766000"", ""max_abs_jitter_us"": ""35977.843000"", ""read_us"": ""48.025000"", ""write_us"": ""4.611000"", ""overruns"": ""77"", ""limited_commands"": ""2"", ""timing_dropped"": ""0""}"
7,b'\x00',can_mock,Active,"{""fault_code"": ""0"", ""cycles"": ""73888"", ""bus_fault_reason"": """", ""period_us"": ""9924.027000"", ""max_abs_jitter_us"": ""35977.843000"", ""read_us"": ""11.431000"", ""write_us"": ""3.782000"", ""overruns"": ""77"", ""limited_commands"": ""2"", ""timing_dropped"": ""0""}"
7,b'\x00',can_mock,Active,"{""fault_code"": ""0"", ""cycles"": ""73898"", ""bus_fault_reason"": """", ""period_us"": ""9485.392000"", ""max_abs_jitter_us"": ""35977.843000"", ""read_us"": ""5.560000"", ""write_us"": ""2.312000"", ""overruns"": ""77"", ""limited_commands"": ""2"", ""timing_dropped"": ""0""}"
7,b'\x00',can_mock,Active,"{""fault_code"": ""0"", ""cycles"": ""73908"", ""bus_fault_reason"": """", ""period_us"": ""10073.785000"", ""max_abs_jitter_us"": ""35977.843000"", ""read_us"": ""5.549000"", ""write_us"": ""2.805000"", ""overruns"": ""77"", ""limited_commands"": ""2"", ""timing_dropped"": ""0""}"
7,b'\x00',can_mock,Active,"{""fault_code"": ""0"", ""cycles"": ""73918"", ""bus_fault_reason"": """", ""period_us"": ""10057.060000"", ""max_abs_jitter_us"": ""35977.843000"", ""read_us"": ""11.134000"", ""write_us"": ""3.661000"", ""overruns"": ""77"", ""limited_commands"": ""2"", ""timing_dropped"": ""0""}"
7,b'\x00',can_mock,Active,"{""fault_code"": ""0"", ""cycles"": ""73928"", ""bus_fault_reason"": """", ""period_us"": ""9909.070000"", ""max_abs_jitter_us"": ""35977.843000"", ""read_us"": ""4.485000"", ""write_us"": ""2.464000"", ""overruns"": ""77"", ""limited_commands"": ""2"", ""timing_dropped"": ""0""}"
7,b'\x00',can_mock,Active,"{""fault_code"": ""0"", ""cycles"": ""73938"", ""bus_fault_reason"": """", ""period_us"": ""10260.683000"", ""max_abs_jitter_us"": ""35977.843000"", ""read_us"": ""5.416000"", ""write_us"": ""3.449000"", ""overruns"": ""77"", ""limited_commands"": ""2"", ""timing_dropped"": ""0""}"
7,b'\x00',can_mock,Active,"{""fault_code"": ""0"", ""cycles"": ""73948"", ""bus_fault_reason"": """", ""period_us"": ""10006.379000"", ""max_abs_jitter_us"": ""35977.843000"", ""read_us"": ""7.576000"", ""write_us"": ""31.439000"", ""overruns"": ""77"", ""limited_commands"": ""2"", ""timing_dropped"": ""0""}"
7,b'\x00',can_mock,Active,"{""fault_code"": ""0"", ""cycles"": ""73958"", ""bus_fault_reason"": """", ""period_us"": ""9722.022000"", ""max_abs_jitter_us"": ""35977.843000"", ""read_us"": ""21.115000"", ""write_us"": ""6.043000"", ""overruns"": ""77"", ""limited_commands"": ""2"", ""timing_dropped"": ""0""}"
7,b'\x00',can_mock,Active,"{""fault_code"": ""0"", ""cycles"": ""73968"", ""bus_fault_reason"": """", ""period_us"": ""10205.162000"", ""max_abs_jitter_us"": ""35977.843000"", ""read_us"": ""15.186000"", ""write_us"": ""4.300000"", ""overruns"": ""77"", ""limited_commands"": ""2"", ""timing_dropped"": ""0""}"
7,b'\x00',can_mock,Active,"{""fault_code"": ""0"", ""cycles"": ""73978"", ""bus_fault_reason"": """", ""period_us"": ""10005.485000"", ""max_abs_jitter_us"": ""35977.843000"", ""read_us"": ""212.919000"", ""write_us"": ""2.765000"", ""overruns"": ""77"", ""limited_commands"": ""2"", ""timing_dropped"": ""0""}"
7,b'\x00',can_mock,Active,"{""fault_code"": ""0"", ""cycles"": ""73988"", ""bus_fault_reason"": """", ""period_us"": ""9913.207000"", ""max_abs_jitter_us"": ""35977.843000"", ""read_us"": ""3.786000"", ""write_us"": ""3.296000"", ""overruns"": ""77"", ""limited_commands"": ""2"", ""timing_dropped"": ""0""}"
7,b'\x00',can_mock,Active,"{""fault_code"": ""0"", ""cycles"": ""73998"", ""bus_fault_reason"": """", ""period_us"": ""10039.212000"", ""max_abs_jitter_us"": ""35977.843000"", ""read_us"": ""4.035000"", ""write_us"": ""2.354000"", ""overruns"": ""77"", ""limited_commands"": ""2"", ""timing_dropped"": ""0""}"
7,b'\x00',can_mock,Active,"{""fault_code"": ""0"", ""cycles"": ""74008"", ""bus_fault_reason"": """", ""period_us"": ""9793.603000"", ""max_abs_jitter_us"": ""35977.843000"", ""read_us"": ""4.059000"", ""write_us"": ""4.220000"", ""overruns"": ""77"", ""limited_commands"": ""2"", ""timing_dropped"": ""0""}"
7,b'\x00',can_mock,Active,"{""fault_code"": ""0"", ""cycles"": ""74018"", ""bus_fault_reason"": """", ""period_us"": ""10296.727000"", ""max_abs_jitter_us"": ""35977.843000"", ""read_us"": ""8.197000"", ""write_us"": ""5.571000"", ""overruns"": ""77"", ""limited_commands"": ""2"", ""timing_dropped"": ""0""}"
7,b'\x00',can_mock,Active,"{""fault_code"": ""0"", ""cycles"": ""74028"", ""bus_fault_reason"": """", ""period_us"": ""9979.031000"", ""max_abs_jitter_us"": ""35977.843000"", ""read_us"": ""6.334000"", ""write_us"": ""37.980000"", ""overruns"": ""77"", ""limited_commands"": ""2"", ""timing_dropped"": ""0""}"
7,b'\x00',can_mock,Active,"{""fault_code"": ""0"", ""cycles"": ""74038"", ""bus_fault_reason"": """", ""period_us"": ""9871.600000"", ""max_abs_jitter_us"": ""35977.843000"", ""read_us"": ""15.928000"", ""write_us"": ""5.563000"", ""overruns"": ""77"", ""limited_commands"": ""2"", ""timing_dropped"": ""0""}"
7,b'\x00',can_mock,Active,"{""fault_code"": ""0"", ""cycles"": ""74048"", ""bus_fault_reason"": """", ""period_us"": ""9658.597000"", ""max_abs_jitter_us"": ""35977.843000"", ""read_us"": ""6.703000"", ""write_us"": ""6.985000"", ""overruns"": ""77"", ""limited_commands"": ""2"", ""timing_dropped"": ""0""}"
7,b'\x00',can_mock,Active,"{""fault_code"": ""0"", ""cycles"": ""74058"", ""bus_fault_reason"": """", ""period_us"": ""9967.426000"", ""max_abs_jitter_us"": ""35977.843000"", ""read_us"": ""4.006000"", ""write_us"": ""2.529000"", ""overruns"": ""77"", ""limited_commands"": ""2"", ""timing_dropped"": ""0""}"
7,b'\x00',can_mock,Active,"{""fault_code"": ""0"", ""cycles"": ""74068"", ""bus_fault_reason"": """", ""period_us"": ""10095.546000"", ""max_abs_jitter_us"": ""35977.843000"", ""read_us"": ""35.279000"", ""write_us"": ""3.914000"", ""overruns"": ""77"", ""limited_commands"": ""2"", ""timing_dropped"": ""0""}"
7,b'\x00',can_mock,Active,"{""fault_code"": ""0"", ""cycles"": ""74078"", ""bus_fault_reason"": """", ""period_us"": ""10080.898000"", ""max_abs_jitter_us"": ""35977.843000"", ""read_us"": ""8.157000"", ""write_us"": ""2.696000"", ""overruns"": ""77"", ""limited_commands"": ""2"", ""timing_dropped"": ""0""}"
7,b'\x00',can_mock,Active,"{""fault_code"": ""0"", ""cycles"": ""74088"", ""bus_fault_reason"": """", ""period_us"": ""10966.777000"", ""max_abs_jitter_us"": ""35977.843000"", ""read_us"": ""5.856000"", ""write_us"": ""2.983000"", ""overruns"": ""77"", ""limited_commands"": ""2"", ""timing_dropped"": ""0""}"
7,b'\x00',can_mock,Active,"{""fault_code"": ""0"", ""cycles"": ""74098"", ""bus_fault_reason"": """", ""period_us"": ""10025.930000"", ""max_abs_jitter_us"": ""35977.843000"", ""read_us"": ""8.045000"", ""write_us"": ""3.169000"", ""overruns"": ""77"", ""limited_commands"": ""2"", ""timing_dropped"": ""0""}"
7,b'\x00',can_mock,Active,"{""fault_code"": ""0"", ""cycles"": ""74108"", ""bus_fault_reason"": """", ""period_us"": ""10148.756000"", ""max_abs_jitter_us"": ""35977.843000"", ""read_us"": ""7.996000"", ""write_us"": ""5.305000"", ""overruns"": ""77"", ""limited_commands"": ""2"", ""timing_dropped"": ""0""}"
7,b'\x00',can_mock,Active,"{""fault_code"": ""0"", ""cycles"": ""74118"", ""bus_fault_reason"": """", ""period_us"": ""9774.888000"", ""max_abs_jitter_us"": ""35977.843000"", ""read_us"": ""9.576000"", ""write_us"": ""3.626000"", ""overruns"": ""77"", ""limited_commands"": ""2"", ""timing_dropped"": ""0""}"
7,b'\x00',can_mock,Active,"{""fault_code"": ""0"", ""cycles"": ""74128"", ""bus_fault_reason"": """", ""period_us"": ""10005.684000"", ""max_abs_jitter_us"": ""35977.843000"", ""read_us"": ""6.020000"", ""write_us"": ""1.983000"", ""overruns"": ""77"", ""limited_commands"": ""2"", ""timing_dropped"": ""0""}"
7,b'\x00',can_mock,Active,"{""fault_code"": ""0"", ""cycles"": ""74138"", ""bus_fault_reason"": """", ""period_us"": ""10302.331000"", ""max_abs_jitter_us"": ""35977.843000"", ""read_us"": ""8.777000"", ""write_us"": ""8.901000"", ""overruns"": ""77"", ""limited_commands"": ""2"", ""timing_dropped"": ""0""}"
7,b'\x00',can_mock,Active,"{""fault_code"": ""0"", ""cycles"": ""74148"", ""bus_fault_reason"": """", ""period_us"": ""9797.884000"", ""max_abs_jitter_us"": ""35977.843000"", ""read_us"": ""4.586000"", ""write_us"": ""2.345000"", ""overruns"": ""77"", ""limited_commands"": ""2"", ""timing_dropped"": ""0""}"
7,b'\x00',can_mock,Active,"{""fault_code"": ""0"", ""cycles"": ""74158"", ""bus_fault_reason"": """", ""period_us"": ""10015.966000"", ""max_abs_jitter_us"": ""35977.843000"", ""read_us"": ""5.716000"", ""write_us"": ""3.592000"", ""overruns"": ""77"", ""limited_commands"": ""2"", ""timing_dropped"": ""0""}"
7,b'\x00',can_mock,Active,"{""fault_code"": ""0"", ""cycles"": ""74168"", ""bus_fault_reason"": """", ""period_us"": ""9944.148000"", ""max_abs_jitter_us"": ""35977.843000"", ""read_us"": ""5.302000"", ""write_us"": ""3.082000"", ""overruns"": ""77"", ""limited_commands"": ""2"", ""timing_dropped"": ""0""}"
7,b'\x00',can_mock,Active,"{""fault_code"": ""0"", ""cycles"": ""74178"", ""bus_fault_reason"": """", ""period_us"": ""9914.166000"", ""max_abs_jitter_us"": ""35977.843000"", ""read_us"": ""6.051000"", ""write_us"": ""10.640000"", ""overruns"": ""77"", ""limited_commands"": ""2"", ""timing_dropped"": ""0""}"
7,b'\x00',can_mock,Active,"{""fault_code"": ""0"", ""cycles"": ""74188"", ""bus_fault_reason"": """", ""period_us"": ""9976.921000"", ""max_abs_jitter_us"": ""35977.843000"", ""read_us"": ""6.416000"", ""write_us"": ""7.602000"", ""overruns"": ""77"", ""limited_commands"": ""2"", ""timing_dropped"": ""0""}"
7,b'\x00',can_mock,Active,"{""fault_code"": ""0"", ""cycles"": ""74198"", ""bus_fault_reason"": """", ""period_us"": ""9956.501000"", ""max_abs_jitter_us"": ""35977.843000"", ""read_us"": ""4.945000"", ""write_us"": ""3.184000"", ""overruns"": ""77"", ""limited_commands"": ""2"", ""timing_dropped"": ""0""}"
7,b'\x00',can_mock,Active,"{""fault_code"": ""0"", ""cycles"": ""74208"", ""bus_fault_reason"": """", ""period_us"": ""9967.397000"", ""max_abs_jitter_us"": ""35977.843000"", ""read_us"": ""7.654000"", ""write_us"": ""5.165000"", ""overruns"": ""77"", ""limited_commands"": ""2"", ""timing_dropped"": ""0""}"
7,b'\x00',can_mock,Active,"{""fault_code"": ""0"", ""cycles"": ""74218"", ""bus_fault_reason"": """", ""period_us"": ""10165.700000"", ""max_abs_jitter_us"": ""35977.843000"", ""read_us"": ""8.104000"", ""write_us"": ""4.802000"", ""overruns"": ""77"", ""limited_commands"": ""2"", ""timing_dropped"": ""0""}"
7,b'\x00',can_mock,Active,"{""fault_code"": ""0"", ""cycles"": ""74228"", ""bus_fault_reason"": """", ""period_us"": ""10035.006000"", ""max_abs_jitter_us"": ""35977.843000"", ""read_us"": ""6.960000"", ""write_us"": ""5.193000"", ""overruns"": ""77"", ""limited_commands"": ""2"", ""timing_dropped"": ""0""}"
7,b'\x00',can_mock,Active,"{""fault_code"": ""0"", ""cycles"": ""74238"", ""bus_fault_reason"": """", ""period_us"": ""9944.678000"", ""max_abs_jitter_us"": ""35977.843000"", ""read_us"": ""5.480000"", ""write_us"": ""2.681000"", ""overruns"": ""77"", ""limited_commands"": ""2"", ""timing_dropped"": ""0""}"
7,b'\x00',can_mock,Active,"{""fault_code"": ""0"", ""cycles"": ""74248"", ""bus_fault_reason"": """", ""period_us"": ""9740.878000"", ""max_abs_jitter_us"": ""35977.843000"", ""read_us"": ""4.810000"", ""write_us"": ""1.838000"", ""overruns"": ""77"", ""limited_commands"": ""2"", ""timing_dropped"": ""0""}"
7,b'\x00',can_mock,Active,"{""fault_code"": ""0"", ""cycles"": ""74258"", ""bus_fault_reason"": """", ""period_us"": ""9993.216000"", ""max_abs_jitter_us"": ""35977.843000"", ""read_us"": ""7.152000"", ""write_us"": ""5.627000"", ""overruns"": ""77"", ""limited_commands"": ""2"", ""timing_dropped"": ""0""}"
7,b'\x00',can_mock,Active,"{""fault_code"": ""0"", ""cycles"": ""74268"", ""bus_fault_reason"": """", ""period_us"": ""9990.318000"", ""max_abs_jitter_us"": ""35977.843000"", ""read_us"": ""4.653000"", ""write_us"": ""3.396000"", ""overruns"": ""77"", ""limited_commands"": ""2"", ""timing_dropped"": ""0""}"
8,b'\x00',can_mock,Active,"{""fault_code"": ""0"", ""cycles"": ""74278"", ""bus_fault_reason"": """", ""period_us"": ""9830.529000"", ""max_abs_jitter_us"": ""35977.843000"", ""read_us"": ""5.438000"", ""write_us"": ""2.775000"", ""overruns"": ""77"", ""limited_commands"": ""2"", ""timing_dropped"": ""0""}"
8,b'\x00',can_mock,Active,"{""fault_code"": ""0"", ""cycles"": ""74288"", ""bus_fault_reason"": """", ""period_us"": ""9597.161000"", ""max_abs_jitter_us"": ""35977.843000"", ""read_us"": ""4.477000"", ""write_us"": ""2.998000"", ""overruns"": ""77"", ""limited_commands"": ""2"", ""timing_dropped"": ""0""}"
8,b'\x00',can_mock,Active,"{""fault_code"": ""0"", ""cycles"": ""74298"", ""bus_fault_reason"": """", ""period_us"": ""10010.658000"", ""max_abs_jitter_us"": ""35977.843000"", ""read_us"": ""5.928000"", ""write_us"": ""4.022000"", ""overruns"": ""77"", ""limited_commands"": ""2"", ""timing_dropped"": ""0""}"
8,b'\x00',can_mock,Active,"{""fault_code"": ""0"", ""cycles"": ""74308"", ""bus_fault_reason"": """", ""period_us"": ""9712.375000"", ""max_abs_jitter_us"": ""35977.843000"", ""read_us"": ""8.074000"", ""write_us"": ""4.461000"", ""overruns"": ""77"", ""limited_commands"": ""2"", ""timing_dropped"": ""0""}"
8,b'\x00',can_mock,Active,"{""fault_code"": ""0"", ""cycles"": ""74318"", ""bus_fault_reason"": """", ""period_us"": ""10009.947000"", ""max_abs_jitter_us"": ""35977.843000"", ""read_us"": ""19.990000"", ""write_us"": ""3.614000"", ""overruns"": ""77"", ""limited_commands"": ""2"", ""timing_dropped"": ""0""}"
8,b'\x00',can_mock,Active,"{""fault_code"": ""0"", ""cycles"": ""74328"", ""bus_fault_reason"": """", ""period_us"": ""10134.411000"", ""max_abs_jitter_us"": ""35977.843000"", ""read_us"": ""7.122000"", ""write_us"": ""4.671000"", ""overruns"": ""77"", ""limited_commands"": ""2"", ""timing_dropped"": ""0""}"
8,b'\x00',can_mock,Active,"{""fault_code"": ""0"", ""cycles"": ""74338"", ""bus_fault_reason"": """", ""period_us"": ""10050.995000"", ""max_abs_jitter_us"": ""35977.843000"", ""read_us"": ""5.980000"", ""write_us"": ""2.665000"", ""overruns"": ""77"", ""limited_commands"": ""2"", ""timing_dropped"": ""0""}"
8,b'\x00',can_mock,Active,"{""fault_code"": ""0"", ""cycles"": ""74348"", ""bus_fault_reason"": """", ""period_us"": ""10206.841000"", ""max_abs_jitter_us"": ""35977.843000"", ""read_us"": ""5.729000"", ""write_us"": ""3.431000"", ""overruns"": ""77"", ""limited_commands"": ""2"", ""timing_dropped"": ""0""}"
8,b'\x00',can_mock,Active,"{""fault_code"": ""0"", ""cycles"": ""74358"", ""bus_fault_reason"": """", ""period_us"": ""10076.663000"", ""max_abs_jitter_us"": ""35977.843000"", ""read_us"": ""4.507000"", ""write_us"": ""2.788000"", ""overruns"": ""77"", ""limited_commands"": ""2"", ""timing_dropped"": ""0""}"
8,b'\x00',can_mock,Active,"{""fault_code"": ""0"", ""cycles"": ""74368"", ""bus_fault_reason"": """", ""period_us"": ""10057.564000"", ""max_abs_jitter_us"": ""35977.843000"", ""read_us"": ""38.745000"", ""write_us"": ""5.266000"", ""overruns"": ""77"", ""limited_commands"": ""2"", ""timing_dropped"": ""0""}"
8,b'\x00',can_mock,Active,"{""fault_code"": ""0"", ""cycles"": ""74378"", ""bus_fault_reason"": """", ""period_us"": ""9862.441000"", ""max_abs_jitter_us"": ""35977.843000"", ""read_us"": ""6.588000"", ""write_us"": ""3.826000"", ""overruns"": ""77"", ""limited_commands"": ""2"", ""timing_dropped"": ""0""}"
8,b'\x00',can_mock,Active,"{""fault_code"": ""0"", ""cycles"": ""74388"", ""bus_fault_reason"": """", ""period_us"": ""9945.652000"", ""max_abs_jitter_us"": ""35977.843000"", ""read_us"": ""5.231000"", ""write_us"": ""3.158000"", ""overruns"": ""77"", ""limited_commands"": ""2"", ""timing_dropped"": ""0""}"
8,b'\x00',can_mock,Active,"{""fault_code"": ""0"", ""cycles"": ""74398"", ""bus_fault_reason"": """", ""period_us"": ""11168.852000"", ""max_abs_jitter_us"": ""35977.843000"", ""read_us"": ""6.068000"", ""write_us"": ""4.344000"", ""overruns"": ""77"", ""limited_commands"": ""2"", ""timing_dropped"": ""0""}"
8,b'\x00',can_mock,Active,"{""fault_code"": ""0"", ""cycles"": ""74408"", ""bus_fault_reason"": """", ""period_us"": ""9898.819000"", ""max_abs_jitter_us"": ""35977.843000"", ""read_us"": ""10.799000"", ""write_us"": ""6.778000"", ""overruns"": ""77"", ""limited_commands"": ""2"", ""timing_dropped"": ""0""}"
8,b'\x00',can_mock,Active,"{""fault_code"": ""0"", ""cycles"": ""74418"", ""bus_fault_reason"": """", ""period_us"": ""10025.841000"", ""max_abs_jitter_us"": ""35977.843000"", ""read_us"": ""5.996000"", ""write_us"": ""3.094000"", ""overruns"": ""77"", ""limited_commands"": ""2"", ""timing_dropped"": ""0""}"
8,b'\x00',can_mock,Active,"{""fault_code"": ""0"", ""cycles"": ""74428"", ""bus_fault_reason"": """", ""period_us"": ""10065.289000"", ""max_abs_jitter_us"": ""35977.843000"", ""read_us"": ""5.457000"", ""write_us"": ""4.105000"", ""overruns"": ""77"", ""limited_commands"": ""2"", ""timing_dropped"": ""0""}"
8,b'\x00',can_mock,Active,"{""fault_code"": ""0"", ""cycles"": ""74438"", ""bus_fault_reason"": """", ""period_us"": ""9979.906000"", ""max_abs_jitter_us"": ""35977.843000"", ""read_us"": ""4.974000"", ""write_us"": ""4.719000"", ""overruns"": ""77"", ""limited_commands"": ""2"", ""timing_dropped"": ""0""}"
8,b'\x00',can_mock,Active,"{""fault_code"": ""0"", ""cycles"": ""74448"", ""bus_fault_reason"": """", ""period_us"": ""10020.647000"", ""max_abs_jitter_us"": ""35977.843000"", ""read_us"": ""5.795000"", ""write_us"": ""2.583000"", ""overruns"": ""77"", ""limited_commands"": ""2"", ""timing_dropped"": ""0""}"
8,b'\x00',can_mock,Active,"{""fault_code"": ""0"", ""cycles"": ""74458"", ""bus_fault_reason"": """", ""period_us"": ""9992.481000"", ""max_abs_jitter_us"": ""35977.843000"", ""read_us"": ""7.165000"", ""write_us"": ""7.895000"", ""overruns"": ""77"", ""limited_commands"": ""2"", ""timing_dropped"": ""0""}"
8,b'\x00',can_mock,Active,"{""fault_code"": ""0"", ""cycles"": ""74468"", ""bus_fault_reason"": """", ""period_us"": ""9988.940000"", ""max_abs_jitter_us"": ""35977.843000"", ""read_us"": ""5.572000"", ""write_us"": ""3.089000"", ""overruns"": ""77"", ""limited_commands"": ""2"", ""timing_dropped"": ""0""}"
8,b'\x00',can_mock,Active,"{""fault_code"": ""0"", ""cycles"": ""74478"", ""bus_fault_reason"": """", ""period_us"": ""9946.089000"", ""max_abs_jitter_us"": ""35977.843000"", ""read_us"": ""6.974000"", ""write_us"": ""2.563000"", ""overruns"": ""77"", ""limited_commands"": ""2"", ""timing_dropped"": ""0""}"
8,b'\x00',can_mock,Active,"{""fault_code"": ""0"", ""cycles"": ""74488"", ""bus_fault_reason"": """", ""period_us"": ""10760.991000"", ""max_abs_jitter_us"": ""35977.843000"", ""read_us"": ""5.663000"", ""write_us"": ""2.973000"", ""overruns"": ""77"", ""limited_commands"": ""2"", ""timing_dropped"": ""0""}"
8,b'\x00',can_mock,Active,"{""fault_code"": ""0"", ""cycles"": ""74498"", ""bus_fault_reason"": """", ""period_us"": ""10119.112000"", ""max_abs_jitter_us"": ""35977.843000"", ""read_us"": ""15.131000"", ""write_us"": ""8.619000"", ""overruns"": ""77"", ""limited_commands"": ""2"", ""timing_dropped"": ""0""}"
8,b'\x00',can_mock,Active,"{""fault_code"": ""0"", ""cycles"": ""74508"", ""bus_fault_reason"": """", ""period_us"": ""10029.640000"", ""max_abs_jitter_us"": ""35977.843000"", ""read_us"": ""6.185000"", ""write_us"": ""2.586000"", ""overruns"": ""77"", ""limited_commands"": ""2"", ""timing_dropped"": ""0""}"
8,b'\x00',can_mock,Active,"{""fault_code"": ""0"", ""cycles"": ""74518"", ""bus_fault_reason"": """", ""period_us"": ""10023.496000"", ""max_abs_jitter_us"": ""35977.843000"", ""read_us"": ""14.123000"", ""write_us"": ""13.846000"", ""overruns"": ""77"", ""limited_commands"": ""2"", ""timing_dropped"": ""0""}"
8,b'\x00',can_mock,Active,"{""fault_code"": ""0"", ""cycles"": ""74528"", ""bus_fault_reason"": """", ""period_us"": ""10011.906000"", ""max_abs_jitter_us"": ""35977.843000"", ""read_us"": ""4.078000"", ""write_us"": ""2.048000"", ""overruns"": ""77"", ""limited_commands"": ""2"", ""timing_dropped"": ""0""}"
8,b'\x00',can_mock,Active,"{""fault_code"": ""0"", ""cycles"": ""74538"", ""bus_fault_reason"": """", ""period_us"": ""9965.544000"", ""max_abs_jitter_us"": ""35977.843000"", ""read_us"": ""6.623000"", ""write_us"": ""2.418000"", ""overruns"": ""77"", ""limited_commands"": ""2"", ""timing_dropped"": ""0""}"
8,b'\x00',can_mock,Active,"{""fault_code"": ""0"", ""cycles"": ""74548"", ""bus_fault_reason"": """", ""period_us"": ""10278.625000"", ""max_abs_jitter_us"": ""35977.843000"", ""read_us"": ""11.929000"", ""write_us"": ""3.710000"", ""overruns"": ""77"", ""limited_commands"": ""2"", ""timing_dropped"": ""0""}"
8,b'\x00',can_mock,Active,"{""fault_code"": ""0"", ""cycles"": ""74558"", ""bus_fault_reason"": """", ""period_us"": ""10010.281000"", ""max_abs_jitter_us"": ""35977.843000"", ""read_us"": ""3.747000"", ""write_us"": ""5.916000"", ""overruns"": ""77"", ""limited_commands"": ""2"", ""timing_dropped"": ""0""}"
8,b'\x00',can_mock,Active,"{""fault_code"": ""0"", ""cycles"": ""74568"", ""bus_fault_reason"": """", ""period_us"": ""10362.148000"", ""max_abs_jitter_us"": ""35977.843000"", ""read_us"": ""44.705000"", ""write_us"": ""3.843000"", ""overruns"": ""77"", ""limited_commands"": ""2"", ""timing_dropped"": ""0""}"
8,b'\x00',can_mock,Active,"{""fault_code"": ""0"", ""cycles"": ""74578"", ""bus_fault_reason"": """", ""period_us"": ""9963.809000"", ""max_abs_jitter_us"": ""35977.843000"", ""read_us"": ""48.640000"", ""write_us"": ""3.939000"", ""overruns"": ""77"", ""limited_commands"": ""2"", ""timing_dropped"": ""0""}"
8,b'\x00',can_mock,Active,"{""fault_code"": ""0"", ""cycles"": ""74588"", ""bus_fault_reason"": """", ""period_us"": ""12140.668000"", ""max_abs_jitter_us"": ""35977.843000"", ""read_us"": ""11.663000"", ""write_us"": ""3.820000"", ""overruns"": ""77"", ""limited_commands"": ""2"", ""timing_dropped"": ""0""}"
8,b'\x00',can_mock,Active,"{""fault_code"": ""0"", ""cycles"": ""74598"", ""bus_fault_reason"": """", ""period_us"": ""9095.734000"", ""max_abs_jitter_us"": ""35977.843000"", ""read_us"": ""17.099000"", ""write_us"": ""20.554000"", ""overruns"": ""77"", ""limited_commands"": ""2"", ""timing_dropped"": ""0""}"
8,b'\x00',can_mock,Active,"{""fault_code"": ""0"", ""cycles"": ""74608"", ""bus_fault_reason"": """", ""period_us"": ""9720.509000"", ""max_abs_jitter_us"": ""35977.843000"", ""read_us"": ""6.767000"", ""write_us"": ""4.800000"", ""overruns"": ""77"", ""limited_commands"": ""2"", ""timing_dropped"": ""0""}"
8,b'\x00',can_mock,Active,"{""fault_code"": ""0"", ""cycles"": ""74618"", ""bus_fault_reason"": """", ""period_us"": ""10001.603000"", ""max_abs_jitter_us"": ""35977.843000"", ""read_us"": ""44.758000"", ""write_us"": ""3.229000"", ""overruns"": ""77"", ""limited_commands"": ""2"", ""timing_dropped"": ""0""}"
8,b'\x00',can_mock,Active,"{""fault_code"": ""0"", ""cycles"": ""74628"", ""bus_fault_reason"": """", ""period_us"": ""10011.323000"", ""max_abs_jitter_us"": ""35977.843000"", ""read_us"": ""6.216000"", ""write_us"": ""4.716000"", ""overruns"": ""77"", ""limited_commands"": ""2"", ""timing_dropped"": ""0""}"
8,b'\x00',can_mock,Active,"{""fault_code"": ""0"", ""cycles"": ""74638"", ""bus_fault_reason"": """", ""period_us"": ""9903.820000"", ""max_abs_jitter_us"": ""35977.843000"", ""read_us"": ""5.016000"", ""write_us"": ""2.826000"", ""overruns"": ""77"", ""limited_commands"": ""2"", ""timing_dropped"": ""0""}"
8,b'\x00',can_mock,Active,"{""fault_code"": ""0"", ""cycles"": ""74648"", ""bus_fault_reason"": """", ""period_us"": ""10044.140000"", ""max_abs_jitter_us"": ""35977.843000"", ""read_us"": ""6.275000"", ""write_us"": ""3.740000"", ""overruns"": ""77"", ""limited_commands"": ""2"", ""timing_dropped"": ""0""}"
8,b'\x00',can_mock,Active,"{""fault_code"": ""0"", ""cycles"": ""74658"", ""bus_fault_reason"": """", ""period_us"": ""12268.906000"", ""max_abs_jitter_us"": ""35977.843000"", ""read_us"": ""5.631000"", ""write_us"": ""2.787000"", ""overruns"": ""77"", ""limited_commands"": ""2"", ""timing_dropped"": ""0""}"
8,b'\x00',can_mock,Active,"{""fault_code"": ""0"", ""cycles"": ""74668"", ""bus_fault_reason"": """", ""period_us"": ""10039.189000"", ""max_abs_jitter_us"": ""35977.843000"", ""read_us"": ""5.585000"", ""write_us"": ""2.727000"", ""overruns"": ""77"", ""limited_commands"": ""2"", ""timing_dropped"": ""0""}"
8,b'\x00',can_mock,Active,"{""fault_code"": ""0"", ""cycles"": ""74678"", ""bus_fault_reason"": """", ""period_us"": ""9924.459000"", ""max_abs_jitter_us"": ""35977.843000"", ""read_us"": ""38.737000"", ""write_us"": ""5.209000"", ""overruns"": ""77"", ""limited_commands"": ""2"", ""timing_dropped"": ""0""}"
8,b'\x00',can_mock,Active,"{""fault_code"": ""0"", ""cycles"": ""74688"", ""bus_fault_reason"": """", ""period_us"": ""10417.041000"", ""max_abs_jitter_us"": ""35977.843000"", ""read_us"": ""6.068000"", ""write_us"": ""6.440000"", ""overruns"": ""77"", ""limited_commands"": ""2"", ""timing_dropped"": ""0""}"
8,b'\x00',can_mock,Active,"{""fault_code"": ""0"", ""cycles"": ""74698"", ""bus_fault_reason"": """", ""period_us"": ""11267.756000"", ""max_abs_jitter_us"": ""35977.843000"", ""read_us"": ""9.824000"", ""write_us"": ""8.015000"", ""overruns"": ""77"", ""limited_commands"": ""2"", ""timing_dropped"": ""0""}"
8,b'\x00',can_mock,Active,"{""fault_code"": ""0"", ""cycles"": ""74708"", ""bus_fault_reason"": """", ""period_us"": ""9979.092000"", ""max_abs_jitter_us"": ""35977.843000"", ""read_us"": ""3.992000"", ""write_us"": ""1.548000"", ""overruns"": ""77"", ""limited_commands"": ""2"", ""timing_dropped"": ""0""}"
8,b'\x00',can_mock,Active,"{""fault_code"": ""0"", ""cycles"": ""74718"", ""bus_fault_reason"": """", ""period_us"": ""9789.924000"", ""max_abs_jitter_us"": ""35977.843000"", ""read_us"": ""6.205000"", ""write_us"": ""3.830000"", ""overruns"": ""77"", ""limited_commands"": ""2"", ""timing_dropped"": ""0""}"
8,b'\x00',can_mock,Active,"{""fault_code"": ""0"", ""cycles"": ""74728"", ""bus_fault_reason"": """", ""period_us"": ""10329.880000"", ""max_abs_jitter_us"": ""35977.843000"", ""read_us"": ""7.185000"", ""write_us"": ""4.277000"", ""overruns"": ""77"", ""limited_commands"": ""2"", ""timing_dropped"": ""0""}"
8,b'\x00',can_mock,Active,"{""fault_code"": ""0"", ""cycles"": ""74738"", ""bus_fault_reason"": """", ""period_us"": ""10012.568000"", ""max_abs_jitter_us"": ""35977.843000"", ""read_us"": ""3.638000"", ""write_us"": ""2.358000"", ""overruns"": ""77"", ""limited_commands"": ""2"", ""timing_dropped"": ""0""}"
8,b'\x00',can_mock,Active,"{""fault_code"": ""0"", ""cycles"": ""74748"", ""bus_fault_reason"": """", ""period_us"": ""9905.621000"", ""max_abs_jitter_us"": ""35977.843000"", ""read_us"": ""4.843000"", ""write_us"": ""2.832000"", ""overruns"": ""77"", ""limited_commands"": ""2"", ""timing_dropped"": ""0""}"
8,b'\x00',can_mock,Active,"{""fault_code"": ""0"", ""cycles"": ""74758"", ""bus_fault_reason"": """", ""period_us"": ""10029.868000"", ""max_abs_jitter_us"": ""35977.843000"", ""read_us"": ""4.716000"", ""write_us"": ""3.149000"", ""overruns"": ""77"", ""limited_commands"": ""2"", ""timing_dropped"": ""0""}"
8,b'\x00',can_mock,Active,"{""fault_code"": ""0"", ""cycles"": ""74768"", ""bus_fault_reason"": """", ""period_us"": ""10979.581000"", ""max_abs_jitter_us"": ""35977.843000"", ""read_us"": ""6.947000"", ""write_us"": ""9.116000"", ""overruns"": ""77"", ""limited_commands"": ""2"", ""timing_dropped"": ""0""}"
8,b'\x00',can_mock,Active,"{""fault_code"": ""0"", ""cycles"": ""74778"", ""bus_fault_reason"": """", ""period_us"": ""10176.455000"", ""max_abs_jitter_us"": ""35977.843000"", ""read_us"": ""6.740000"", ""write_us"": ""4.227000"", ""overruns"": ""77"", ""limited_commands"": ""2"", ""timing_dropped"": ""0""}"
8,b'\x00',can_mock,Active,"{""fault_code"": ""0"", ""cycles"": ""74788"", ""bus_fault_reason"": """", ""period_us"": ""10062.572000"", ""max_abs_jitter_us"": ""35977.843000"", ""read_us"": ""40.065000"", ""write_us"": ""5.763000"", ""overruns"": ""77"", ""limited_commands"": ""2"", ""timing_dropped"": ""0""}"
8,b'\x00',can_mock,Active,"{""fault_code"": ""0"", ""cycles"": ""74798"", ""bus_fault_reason"": """", ""period_us"": ""9979.062000"", ""max_abs_jitter_us"": ""35977.843000"", ""read_us"": ""7.709000"", ""write_us"": ""4.857000"", ""overruns"": ""77"", ""limited_commands"": ""2"", ""timing_dropped"": ""0""}"
8,b'\x00',can_mock,Active,"{""fault_code"": ""0"", ""cycles"": ""74808"", ""bus_fault_reason"": """", ""period_us"": ""10019.887000"", ""max_abs_jitter_us"": ""35977.843000"", ""read_us"": ""7.778000"", ""write_us"": ""4.438000"", ""overruns"": ""77"", ""limited_commands"": ""2"", ""timing_dropped"": ""0""}"
8,b'\x00',can_mock,Active,"{""fault_code"": ""0"", ""cycles"": ""74818"", ""bus_fault_reason"": """", ""period_us"": ""8641.202000"", ""max_abs_jitter_us"": ""35977.843000"", ""read_us"": ""10.689000"", ""write_us"": ""7.694000"", ""overruns"": ""77"", ""limited_commands"": ""2"", ""timing_dropped"": ""0""}"
8,b'\x00',can_mock,Active,"{""fault_code"": ""0"", ""cycles"": ""74828"", ""bus_fault_reason"": """", ""period_us"": ""10723.536000"", ""max_abs_jitter_us"": ""35977.843000"", ""read_us"": ""36.142000"", ""write_us"": ""3.054000"", ""overruns"": ""77"", ""limited_commands"": ""2"", ""timing_dropped"": ""0""}"
8,b'\x00',can_mock,Active,"{""fault_code"": ""0"", ""cycles"": ""74838"", ""bus_fault_reason"": """", ""period_us"": ""6748.359000"", ""max_abs_jitter_us"": ""35977.843000"", ""read_us"": ""5.725000"", ""write_us"": ""2.921000"", ""overruns"": ""77"", ""limited_commands"": ""2"", ""timing_dropped"": ""0""}"
8,b'\x00',can_mock,Active,"{""fault_code"": ""0"", ""cycles"": ""74848"", ""bus_fault_reason"": """", ""period_us"": ""10036.438000"", ""max_abs_jitter_us"": ""35977.843000"", ""read_us"": ""41.141000"", ""write_us"": ""5.267000"", ""overruns"": ""77"", ""limited_commands"": ""2"", ""timing_dropped"": ""0""}"
8,b'\x00',can_mock,Active,"{""fault_code"": ""0"", ""cycles"": ""74858"", ""bus_fault_reason"": """", ""period_us"": ""9955.880000"", ""max_abs_jitter_us"": ""35977.843000"", ""read_us"": ""5.522000"", ""write_us"": ""3.931000"", ""overruns"": ""77"", ""limited_commands"": ""2"", ""timing_dropped"": ""0""}"
8,b'\x00',can_mock,Active,"{""fault_code"": ""0"", ""cycles"": ""74868"", ""bus_fault_reason"": """", ""period_us"": ""9961.168000"", ""max_abs_jitter_us"": ""35977.843000"", ""read_us"": ""4.235000"", ""write_us"": ""1.770000"", ""overruns"": ""77"", ""limited_commands"": ""2"", ""timing_dropped"": ""0""}"
8,b'\x00',can_mock,Active,"{""fault_code"": ""0"", ""cycles"": ""74878"", ""bus_fault_reason"": """", ""period_us"": ""9528.744000"", ""max_abs_jitter_us"": ""35977.843000"", ""read_us"": ""6.025000"", ""write_us"": ""3.345000"", ""overruns"": ""77"", ""limited_commands"": ""2"", ""timing_dropped"": ""0""}"
8,b'\x00',can_mock,Active,"{""fault_code"": ""0"", ""cycles"": ""74888"", ""bus_fault_reason"": """", ""period_us"": ""11088.434000"", ""max_abs_jitter_us"": ""35977.843000"", ""read_us"": ""4.847000"", ""write_us"": ""1.330000"", ""overruns"": ""77"", ""limited_commands"": ""2"", ""timing_dropped"": ""0""}"
8,b'\x00',can_mock,Active,"{""fault_code"": ""0"", ""cycles"": ""74898"", ""bus_fault_reason"": """", ""period_us"": ""10030.015000"", ""max_abs_jitter_us"": ""35977.843000"", ""read_us"": ""7.071000"", ""write_us"": ""6.725000"", ""overruns"": ""77"", ""limited_commands"": ""2"", ""timing_dropped"": ""0""}"
8,b'\x00',can_mock,Active,"{""fault_code"": ""0"", ""cycles"": ""74908"", ""bus_fault_reason"": """", ""period_us"": ""9077.934000"", ""max_abs_jitter_us"": ""35977.843000"", ""read_us"": ""4.332000"", ""write_us"": ""2.012000"", ""overruns"": ""77"", ""limited_commands"": ""2"", ""timing_dropped"": ""0""}"
8,b'\x00',can_mock,Active,"{""fault_code"": ""0"", ""cycles"": ""74918"", ""bus_fault_reason"": """", ""period_us"": ""9841.556000"", ""max_abs_jitter_us"": ""35977.843000"", ""read_us"": ""6.184000"", ""write_us"": ""3.736000"", ""overruns"": ""77"", ""limited_commands"": ""2"", ""timing_dropped"": ""0""}"
8,b'\x00',can_mock,Active,"{""fault_code"": ""0"", ""cycles"": ""74928"", ""bus_fault_reason"": """", ""period_us"": ""9875.814000"", ""max_abs_jitter_us"": ""35977.843000"", ""read_us"": ""3.816000"", ""write_us"": ""1.968000"", ""overruns"": ""77"", ""limited_commands"": ""2"", ""timing_dropped"": ""0""}"
8,b'\x00',can_mock,Active,"{""fault_code"": ""0"", ""cycles"": ""74938"", ""bus_fault_reason"": """", ""period_us"": ""10095.291000"", ""max_abs_jitter_us"": ""35977.843000"", ""read_us"": ""18.789000"", ""write_us"": ""31.210000"", ""overruns"": ""77"", ""limited_commands"": ""2"", ""timing_dropped"": ""0""}"
8,b'\x00',can_mock,Active,"{""fault_code"": ""0"", ""cycles"": ""74948"", ""bus_fault_reason"": """", ""period_us"": ""9541.944000"", ""max_abs_jitter_us"": ""35977.843000"", ""read_us"": ""5.340000"", ""write_us"": ""2.392000"", ""overruns"": ""77"", ""limited_commands"": ""2"", ""timing_dropped"": ""0""}"
8,b'\x00',can_mock,Active,"{""fault_code"": ""0"", ""cycles"": ""74958"", ""bus_fault_reason"": """", ""period_us"": ""9895.997000"", ""max_abs_jitter_us"": ""35977.843000"", ""read_us"": ""5.916000"", ""write_us"": ""4.356000"", ""overruns"": ""77"", ""limited_commands"": ""2"", ""timing_dropped"": ""0""}"
8,b'\x00',can_mock,Active,"{""fault_code"": ""0"", ""cycles"": ""74968"", ""bus_fault_reason"": """", ""period_us"": ""10084.714000"", ""max_abs_jitter_us"": ""35977.843000"", ""read_us"": ""7.621000"", ""write_us"": ""3.033000"", ""overruns"": ""77"", ""limited_commands"": ""2"", ""timing_dropped"": ""0""}"
8,b'\x00',can_mock,Active,"{""fault_code"": ""0"", ""cycles"": ""74978"", ""bus_fault_reason"": """", ""period_us"": ""10345.593000"", ""max_abs_jitter_us"": ""35977.843000"", ""read_us"": ""35.664000"", ""write_us"": ""4.592000"", ""overruns"": ""77"", ""limited_commands"": ""2"", ""timing_dropped"": ""0""}"
8,b'\x00',can_mock,Active,"{""fault_code"": ""0"", ""cycles"": ""74988"", ""bus_fault_reason"": """", ""period_us"": ""9887.117000"", ""max_abs_jitter_us"": ""35977.843000"", ""read_us"": ""6.425000"", ""write_us"": ""4.619000"", ""overruns"": ""77"", ""limited_commands"": ""2"", ""timing_dropped"": ""0""}"
8,b'\x00',can_mock,Active,"{""fault_code"": ""0"", ""cycles"": ""74998"", ""bus_fault_reason"": """", ""period_us"": ""9981.620000"", ""max_abs_jitter_us"": ""35977.843000"", ""read_us"": ""7.209000"", ""write_us"": ""4.815000"", ""overruns"": ""77"", ""limited_commands"": ""2"", ""timing_dropped"": ""0""}"
8,b'\x00',can_mock,Active,"{""fault_code"": ""0"", ""cycles"": ""75008"", ""bus_fault_reason"": """", ""period_us"": ""9868.638000"", ""max_abs_jitter_us"": ""35977.843000"", ""read_us"": ""8.523000"", ""write_us"": ""6.997000"", ""overruns"": ""77"", ""limited_commands"": ""2"", ""timing_dropped"": ""0""}"
8,b'\x00',can_mock,Active,"{""fault_code"": ""0"", ""cycles"": ""75018"", ""bus_fault_reason"": """", ""period_us"": ""9777.347000"", ""max_abs_jitter_us"": ""35977.843000"", ""read_us"": ""4.783000"", ""write_us"": ""1.745000"", ""overruns"": ""77"", ""limited_commands"": ""2"", ""timing_dropped"": ""0""}"
8,b'\x00',can_mock,Active,"{""fault_code"": ""0"", ""cycles"": ""75028"", ""bus_fault_reason"": """", ""period_us"": ""10207.200000"", ""max_abs_jitter_us"": ""35977.843000"", ""read_us"": ""4.028000"", ""write_us"": ""1.739000"", ""overruns"": ""77"", ""limited_commands"": ""2"", ""timing_dropped"": ""0""}"
8,b'\x00',can_mock,Active,"{""fault_code"": ""0"", ""cycles"": ""75038"", ""bus_fault_reason"": """", ""period_us"": ""9954.821000"", ""max_abs_jitter_us"": ""35977.843000"", ""read_us"": ""52.549000"", ""write_us"": ""4.437000"", ""overruns"": ""77"", ""limited_commands"": ""2"", ""timing_dropped"": ""0""}"
8,b'\x00',can_mock,Active,"{""fault_code"": ""0"", ""cycles"": ""75048"", ""bus_fault_reason"": """", ""period_us"": ""10872.717000"", ""max_abs_jitter_us"": ""35977.843000"", ""read_us"": ""9.725000"", ""write_us"": ""7.441000"", ""overruns"": ""77"", ""limited_commands"": ""2"", ""timing_dropped"": ""0""}"
8,b'\x00',can_mock,Active,"{""fault_code"": ""0"", ""cycles"": ""75058"", ""bus_fault_reason"": """", ""period_us"": ""12105.527000"", ""max_abs_jitter_us"": ""35977.843000"", ""read_us"": ""42.647000"", ""write_us"": ""18.125000"", ""overruns"": ""77"", ""limited_commands"": ""2"", ""timing_dropped"": ""0""}"
8,b'\x00',can_mock,Active,"{""fault_code"": ""0"", ""cycles"": ""75068"", ""bus_fault_reason"": """", ""period_us"": ""10015.141000"", ""max_abs_jitter_us"": ""35977.843000"", ""read_us"": ""6.486000"", ""write_us"": ""3.235000"", ""overruns"": ""77"", ""limited_commands"": ""2"", ""timing_dropped"": ""0""}"
8,b'\x00',can_mock,Active,"{""fault_code"": ""0"", ""cycles"": ""75078"", ""bus_fault_reason"": """", ""period_us"": ""10320.701000"", ""max_abs_jitter_us"": ""35977.843000"", ""read_us"": ""11.047000"", ""write_us"": ""5.074000"", ""overruns"": ""77"", ""limited_commands"": ""2"", ""timing_dropped"": ""0""}"
8,b'\x00',can_mock,Active,"{""fault_code"": ""0"", ""cycles"": ""75088"", ""bus_fault_reason"": """", ""period_us"": ""9965.901000"", ""max_abs_jitter_us"": ""35977.843000"", ""read_us"": ""4.118000"", ""write_us"": ""2.217000"", ""overruns"": ""77"", ""limited_commands"": ""2"", ""timing_dropped"": ""0""}"
8,b'\x00',can_mock,Active,"{""fault_code"": ""0"", ""cycles"": ""75098"", ""bus_fault_reason"": """", ""period_us"": ""10458.207000"", ""max_abs_jitter_us"": ""35977.843000"", ""read_us"": ""60.297000"", ""write_us"": ""3.973000"", ""overruns"": ""77"", ""limited_commands"": ""2"", ""timing_dropped"": ""0""}"
8,b'\x00',can_mock,Active,"{""fault_code"": ""0"", ""cycles"": ""75108"", ""bus_fault_reason"": """", ""period_us"": ""9453.298000"", ""max_abs_jitter_us"": ""35977.843000"", ""read_us"": ""5.552000"", ""write_us"": ""2.565000"", ""overruns"": ""77"", ""limited_commands"": ""2"", ""timing_dropped"": ""0""}"
8,b'\x00',can_mock,Active,"{""fault_code"": ""0"", ""cycles"": ""75118"", ""bus_fault_reason"": """", ""period_us"": ""10022.642000"", ""max_abs_jitter_us"": ""35977.843000"", ""read_us"": ""4.905000"", ""write_us"": ""3.096000"", ""overruns"": ""77"", ""limited_commands"": ""2"", ""timing_dropped"": ""0""}"
8,b'\x00',can_mock,Active,"{""fault_code"": ""0"", ""cycles"": ""75128"", ""bus_fault_reason"": """", ""period_us"": ""12162.992000"", ""max_abs_jitter_us"": ""35977.843000"", ""read_us"": ""12.941000"", ""write_us"": ""9.392000"", ""overruns"": ""77"", ""limited_commands"": ""2"", ""timing_dropped"": ""0""}"
8,b'\x00',can_mock,Active,"{""fault_code"": ""0"", ""cycles"": ""75138"", ""bus_fault_reason"": """", ""period_us"": ""10041.210000"", ""max_abs_jitter_us"": ""35977.843000"", ""read_us"": ""5.727000"", ""write_us"": ""3.144000"", ""overruns"": ""77"", ""limited_commands"": ""2"", ""timing_dropped"": ""0""}"
8,b'\x00',can_mock,Active,"{""fault_code"": ""0"", ""cycles"": ""75148"", ""bus_fault_reason"": """", ""period_us"": ""9887.006000"", ""max_abs_jitter_us"": ""35977.843000"", ""read_us"": ""5.093000"", ""write_us"": ""2.271000"", ""overruns"": ""77"", ""limited_commands"": ""2"", ""timing_dropped"": ""0""}"
8,b'\x00',can_mock,Active,"{""fault_code"": ""0"", ""cycles"": ""75158"", ""bus_fault_reason"": """", ""period_us"": ""9722.000000"", ""max_abs_jitter_us"": ""35977.843000"", ""read_us"": ""6.396000"", ""write_us"": ""2.429000"", ""overruns"": ""77"", ""limited_commands"": ""2"", ""timing_dropped"": ""0""}"
8,b'\x00',can_mock,Active,"{""fault_code"": ""0"", ""cycles"": ""75168"", ""bus_fault_reason"": """", ""period_us"": ""10068.235000"", ""max_abs_jitter_us"": ""35977.843000"", ""read_us"": ""6.581000"", ""write_us"": ""3.784000"", ""overruns"": ""77"", ""limited_commands"": ""2"", ""timing_dropped"": ""0""}"
8,b'\x00',can_mock,Active,"{""fault_code"": ""0"", ""cycles"": ""75178"", ""bus_fault_reason"": """", ""period_us"": ""10100.807000"", ""max_abs_jitter_us"": ""35977.843000"", ""read_us"": ""7.386000"", ""write_us"": ""4.581000"", ""overruns"": ""77"", ""limited_commands"": ""2"", ""timing_dropped"": ""0""}"
8,b'\x00',can_mock,Active,"{""fault_code"": ""0"", ""cycles"": ""75188"", ""bus_fault_reason"": """", ""period_us"": ""7139.699000"", ""max_abs_jitter_us"": ""35977.843000"", ""read_us"": ""13.534000"", ""write_us"": ""20.924000"", ""overruns"": ""77"", ""limited_commands"": ""2"", ""timing_dropped"": ""0""}"
8,b'\x00',can_mock,Active,"{""fault_code"": ""0"", ""cycles"": ""75198"", ""bus_fault_reason"": """", ""period_us"": ""9851.823000"", ""max_abs_jitter_us"": ""35977.843000"", ""read_us"": ""3.926000"", ""write_us"": ""2.666000"", ""overruns"": ""77"", ""limited_commands"": ""2"", ""timing_dropped"": ""0""}"
8,b'\x00',can_mock,Active,"{""fault_code"": ""0"", ""cycles"": ""75208"", ""bus_fault_reason"": """", ""period_us"": ""11402.218000"", ""max_abs_jitter_us"": ""35977.843000"", ""read_us"": ""25.875000"", ""write_us"": ""2.675000"", ""overruns"": ""77"", ""limited_commands"": ""2"", ""timing_dropped"": ""0""}"
8,b'\x00',can_mock,Active,"{""fault_code"": ""0"", ""cycles"": ""75218"", ""bus_fault_reason"": """", ""period_us"": ""10082.121000"", ""max_abs_jitter_us"": ""35977.843000"", ""read_us"": ""4.352000"", ""write_us"": ""2.291000"", ""overruns"": ""77"", ""limited_commands"": ""2"", ""timing_dropped"": ""0""}"
8,b'\x00',can_mock,Active,"{""fault_code"": ""0"", ""cycles"": ""75228"", ""bus_fault_reason"": """", ""period_us"": ""10746.945000"", ""max_abs_jitter_us"": ""35977.843000"", ""read_us"": ""6.587000"", ""write_us"": ""56.942000"", ""overruns"": ""77"", ""limited_commands"": ""2"", ""timing_dropped"": ""0""}"
8,b'\x00',can_mock,Active,"{""fault_code"": ""0"", ""cycles"": ""75238"", ""bus_fault_reason"": """", ""period_us"": ""10009.840000"", ""max_abs_jitter_us"": ""35977.843000"", ""read_us"": ""5.663000"", ""write_us"": ""3.345000"", ""overruns"": ""77"", ""limited_commands"": ""2"", ""timing_dropped"": ""0""}"
8,b'\x00',can_mock,Active,"{""fault_code"": ""0"", ""cycles"": ""75248"", ""bus_fault_reason"": """", ""period_us"": ""10015.054000"", ""max_abs_jitter_us"": ""35977.843000"", ""read_us"": ""5.064000"", ""write_us"": ""2.182000"", ""overruns"": ""77"", ""limited_commands"": ""2"", ""timing_dropped"": ""0""}"
8,b'\x00',can_mock,Active,"{""fault_code"": ""0"", ""cycles"": ""75258"", ""bus_fault_reason"": """", ""period_us"": ""9960.948000"", ""max_abs_jitter_us"": ""35977.843000"", ""read_us"": ""4.424000"", ""write_us"": ""2.357000"", ""overruns"": ""77"", ""limited_commands"": ""2"", ""timing_dropped"": ""0""}"
8,b'\x00',can_mock,Active,"{""fault_code"": ""0"", ""cycles"": ""75268"", ""bus_fault_reason"": """", ""period_us"": ""9857.658000"", ""max_abs_jitter_us"": ""35977.843000"", ""read_us"": ""4.886000"", ""write_us"": ""3.940000"", ""overruns"": ""77"", ""limited_commands"": ""2"", ""timing_dropped"": ""0""}"
8,b'\x00',can_mock,Active,"{""fault_code"": ""0"", ""cycles"": ""75278"", ""bus_fault_reason"": """", ""period_us"": ""9908.382000"", ""max_abs_jitter_us"": ""35977.843000"", ""read_us"": ""6.311000"", ""write_us"": ""2.765000"", ""overruns"": ""77"", ""limited_commands"": ""2"", ""timing_dropped"": ""0""}"
8,b'\x00',can_mock,Active,"{""fault_code"": ""0"", ""cycles"": ""75288"", ""bus_fault_reason"": """", ""period_us"": ""10702.375000"", ""max_abs_jitter_us"": ""35977.843000"", ""read_us"": ""6.372000"", ""write_us"": ""5.314000"", ""overruns"": ""77"", ""limited_commands"": ""2"", ""timing_dropped"": ""0""}"
8,b'\x00',can_mock,Active,"{""fault_code"": ""0"", ""cycles"": ""75298"", ""bus_fault_reason"": """", ""period_us"": ""10071.436000"", ""max_abs_jitter_us"": ""35977.843000"", ""read_us"": ""7.575000"", ""write_us"": ""6.211000"", ""overruns"": ""77"", ""limited_commands"": ""2"", ""timing_dropped"": ""0""}"
8,b'\x00',can_mock,Active,"{""fault_code"": ""0"", ""cycles"": ""75308"", ""bus_fault_reason"": """", ""period_us"": ""10822.808000"", ""max_abs_jitter_us"": ""35977.843000"", ""read_us"": ""24.568000"", ""write_us"": ""3.288000"", ""overruns"": ""77"", ""limited_commands"": ""2"", ""timing_dropped"": ""0""}"
8,b'\x00',can_mock,Active,"{""fault_code"": ""0"", ""cycles"": ""75318"", ""bus_fault_reason"": """", ""period_us"": ""10046.647000"", ""max_abs_jitter_us"": ""35977.843000"", ""read_us"": ""6.968000"", ""write_us"": ""3.737000"", ""overruns"": ""77"", ""limited_commands"": ""2"", ""timing_dropped"": ""0""}"
8,b'\x00',can_mock,Active,"{""fault_code"": ""0"", ""cycles"": ""75328"", ""bus_fault_reason"": """", ""period_us"": ""9755.216000"", ""max_abs_jitter_us"": ""35977.843000"", ""read_us"": ""6.610000"", ""write_us"": ""3.050000"", ""overruns"": ""77"", ""limited_commands"": ""2"", ""timing_dropped"": ""0""}"
8,b'\x00',can_mock,Active,"{""fault_code"": ""0"", ""cycles"": ""75338"", ""bus_fault_reason"": """", ""period_us"": ""9875.155000"", ""max_abs_jitter_us"": ""35977.843000"", ""read_us"": ""6.994000"", ""write_us"": ""5.692000"", ""overruns"": ""77"", ""limited_commands"": ""2"", ""timing_dropped"": ""0""}"
8,b'\x00',can_mock,Active,"{""fault_code"": ""0"", ""cycles"": ""75348"", ""bus_fault_reason"": """", ""period_us"": ""10141.714000"", ""max_abs_jitter_us"": ""35977.843000"", ""read_us"": ""47.871000"", ""write_us"": ""2.390000"", ""overruns"": ""77"", ""limited_commands"": ""2"", ""timing_dropped"": ""0""}"
8,b'\x00',can_mock,Active,"{""fault_code"": ""0"", ""cycles"": ""75358"", ""bus_fault_reason"": """", ""period_us"": ""9803.243000"", ""max_abs_jitter_us"": ""35977.843000"", ""read_us"": ""40.185000"", ""write_us"": ""5.250000"", ""overruns"": ""77"", ""limited_commands"": ""2"", ""timing_dropped"": ""0""}"
8,b'\x00',can_mock,Active,"{""fault_code"": ""0"", ""cycles"": ""75368"", ""bus_fault_reason"": """", ""period_us"": ""10039.796000"", ""max_abs_jitter_us"": ""35977.843000"", ""read_us"": ""7.166000"", ""write_us"": ""15.996000"", ""overruns"": ""77"", ""limited_commands"": ""2"", ""timing_dropped"": ""0""}"
8,b'\x00',can_mock,Active,"{""fault_code"": ""0"", ""cycles"": ""75378"", ""bus_fault_reason"": """", ""period_us"": ""9869.682000"", ""max_abs_jitter_us"": ""35977.843000"", ""read_us"": ""6.816000"", ""write_us"": ""4.956000"", ""overruns"": ""77"", ""limited_commands"": ""2"", ""timing_dropped"": ""0""}"
8,b'\x00',can_mock,Active,"{""fault_code"": ""0"", ""cycles"": ""75388"", ""bus_fault_reason"": """", ""period_us"": ""11972.066000"", ""max_abs_jitter_us"": ""35977.843000"", ""read_us"": ""4.586000"", ""write_us"": ""2.720000"", ""overruns"": ""77"", ""limited_commands"": ""2"", ""timing_dropped"": ""0""}"
8,b'\x00',can_mock,Active,"{""fault_code"": ""0"", ""cycles"": ""75398"", ""bus_fault_reason"": """", ""period_us"": ""9844.104000"", ""max_abs_jitter_us"": ""35977.843000"", ""read_us"": ""6.417000"", ""write_us"": ""3.785000"", ""overruns"": ""77"", ""limited_commands"": ""2"", ""timing_dropped"": ""0""}"
8,b'\x00',can_mock,Active,"{""fault_code"": ""0"", ""cycles"": ""75408"", ""bus_fault_reason"": """", ""period_us"": ""9983.958000"", ""max_abs_jitter_us"": ""35977.843000"", ""read_us"": ""7.519000"", ""write_us"": ""2.032000"", ""overruns"": ""77"", ""limited_commands"": ""2"", ""timing_dropped"": ""0""}"
8,b'\x00',can_mock,Active,"{""fault_code"": ""0"", ""cycles"": ""75418"", ""bus_fault_reason"": """", ""period_us"": ""9780.971000"", ""max_abs_jitter_us"": ""35977.843000"", ""read_us"": ""28.488000"", ""write_us"": ""12.132000"", ""overruns"": ""77"", ""limited_commands"": ""2"", ""timing_dropped"": ""0""}"
8,b'\x00',can_mock,Active,"{""fault_code"": ""0"", ""cycles"": ""75428"", ""bus_fault_reason"": """", ""period_us"": ""10813.127000"", ""max_abs_jitter_us"": ""35977.843000"", ""read_us"": ""25.301000"", ""write_us"": ""5.396000"", ""overruns"": ""77"", ""limited_commands"": ""2"", ""timing_dropped"": ""0""}"
8,b'\x00',can_mock,Active,"{""fault_code"": ""0"", ""cycles"": ""75438"", ""bus_fault_reason"": """", ""period_us"": ""9932.850000"", ""max_abs_jitter_us"": ""35977.843000"", ""read_us"": ""6.018000"", ""write_us"": ""1.896000"", ""overruns"": ""77"", ""limited_commands"": ""2"", ""timing_dropped"": ""0""}"
8,b'\x00',can_mock,Active,"{""fault_code"": ""0"", ""cycles"": ""75448"", ""bus_fault_reason"": """", ""period_us"": ""10127.113000"", ""max_abs_jitter_us"": ""35977.843000"", ""read_us"": ""30.783000"", ""write_us"": ""3.557000"", ""overruns"": ""77"", ""limited_commands"": ""2"", ""timing_dropped"": ""0""}"
8,b'\x00',can_mock,Active,"{""fault_code"": ""0"", ""cycles"": ""75458"", ""bus_fault_reason"": """", ""period_us"": ""9851.192000"", ""max_abs_jitter_us"": ""35977.843000"", ""read_us"": ""5.644000"", ""write_us"": ""4.406000"", ""overruns"": ""77"", ""limited_commands"": ""2"", ""timing_dropped"": ""0""}"
8,b'\x00',can_mock,Active,"{""fault_code"": ""0"", ""cycles"": ""75468"", ""bus_fault_reason"": """", ""period_us"": ""12018.171000"", ""max_abs_jitter_us"": ""35977.843000"", ""read_us"": ""36.596000"", ""write_us"": ""3.667000"", ""overruns"": ""77"", ""limited_commands"": ""2"", ""timing_dropped"": ""0""}"
8,b'\x00',can_mock,Active,"{""fault_code"": ""0"", ""cycles"": ""75478"", ""bus_fault_reason"": """", ""period_us"": ""10139.796000"", ""max_abs_jitter_us"": ""35977.843000"", ""read_us"": ""6.298000"", ""write_us"": ""2.198000"", ""overruns"": ""77"", ""limited_commands"": ""2"", ""timing_dropped"": ""0""}"
8,b'\x00',can_mock,Active,"{""fault_code"": ""0"", ""cycles"": ""75488"", ""bus_fault_reason"": """", ""period_us"": ""10124.200000"", ""max_abs_jitter_us"": ""35977.843000"", ""read_us"": ""6.318000"", ""write_us"": ""26.054000"", ""overruns"": ""77"", ""limited_commands"": ""2"", ""timing_dropped"": ""0""}"
8,b'\x00',can_mock,Active,"{""fault_code"": ""0"", ""cycles"": ""75498"", ""bus_fault_reason"": """", ""period_us"": ""10148.522000"", ""max_abs_jitter_us"": ""35977.843000"", ""read_us"": ""7.362000"", ""write_us"": ""3.371000"", ""overruns"": ""77"", ""limited_commands"": ""2"", ""timing_dropped"": ""0""}"
8,b'\x00',can_mock,Active,"{""fault_code"": ""0"", ""cycles"": ""75508"", ""bus_fault_reason"": """", ""period_us"": ""9973.051000"", ""max_abs_jitter_us"": ""35977.843000"", ""read_us"": ""3.651000"", ""write_us"": ""2.322000"", ""overruns"": ""77"", ""limited_commands"": ""2"", ""timing_dropped"": ""0""}"
8,b'\x00',can_mock,Active,"{""fault_code"": ""0"", ""cycles"": ""75518"", ""bus_fault_reason"": """", ""period_us"": ""9889.140000"", ""max_abs_jitter_us"": ""35977.843000"", ""read_us"": ""6.948000"", ""write_us"": ""6.695000"", ""overruns"": ""77"", ""limited_commands"": ""2"", ""timing_dropped"": ""0""}"
8,b'\x00',can_mock,Active,"{""fault_code"": ""0"", ""cycles"": ""75528"", ""bus_fault_reason"": """", ""period_us"": ""10081.113000"", ""max_abs_jitter_us"": ""35977.843000"", ""read_us"": ""16.468000"", ""write_us"": ""4.080000"", ""overruns"": ""77"", ""limited_commands"": ""2"", ""timing_dropped"": ""0""}"
8,b'\x00',can_mock,Active,"{""fault_code"": ""0"", ""cycles"": ""75538"", ""bus_fault_reason"": """", ""period_us"": ""10175.486000"", ""max_abs_jitter_us"": ""35977.843000"", ""read_us"": ""10.085000"", ""write_us"": ""4.285000"", ""overruns"": ""77"", ""limited_commands"": ""2"", ""timing_dropped"": ""0""}"
9,b'\x00',can_mock,Active,"{""fault_code"": ""0"", ""cycles"": ""75549"", ""bus_fault_reason"": """", ""period_us"": ""9945.096000"", ""max_abs_jitter_us"": ""35977.843000"", ""read_us"": ""4.036000"", ""write_us"": ""3.932000"", ""overruns"": ""77"", ""limited_commands"": ""2"", ""timing_dropped"": ""0""}"
9,b'\x00',can_mock,Active,"{""fault_code"": ""0"", ""cycles"": ""75558"", ""bus_fault_reason"": """", ""period_us"": ""10005.150000"", ""max_abs_jitter_us"": ""35977.843000"", ""read_us"": ""6.965000"", ""write_us"": ""3.090000"", ""overruns"": ""77"", ""limited_commands"": ""2"", ""timing_dropped"": ""0""}"
9,b'\x00',can_mock,Active,"{""fault_code"": ""0"", ""cycles"": ""75568"", ""bus_fault_reason"": """", ""period_us"": ""9978.551000"", ""max_abs_jitter_us"": ""35977.843000"", ""read_us"": ""5.971000"", ""write_us"": ""3.858000"", ""overruns"": ""77"", ""limited_commands"": ""2"", ""timing_dropped"": ""0""}"
9,b'\x00',can_mock,Active,"{""fault_code"": ""0"", ""cycles"": ""75578"", ""bus_fault_reason"": """", ""period_us"": ""9329.444000"", ""max_abs_jitter_us"": ""35977.843000"", ""read_us"": ""41.712000"", ""write_us"": ""3.448000"", ""overruns"": ""77"", ""limited_commands"": ""2"", ""timing_dropped"": ""0""}"
9,b'\x00',can_mock,Active,"{""fault_code"": ""0"", ""cycles"": ""75588"", ""bus_fault_reason"": """", ""period_us"": ""9894.054000"", ""max_abs_jitter_us"": ""35977.843000"", ""read_us"": ""5.677000"", ""write_us"": ""1.319000"", ""overruns"": ""77"", ""limited_commands"": ""2"", ""timing_dropped"": ""0""}"
9,b'\x00',can_mock,Active,"{""fault_code"": ""0"", ""cycles"": ""75598"", ""bus_fault_reason"": """", ""period_us"": ""9932.394000"", ""max_abs_jitter_us"": ""35977.843000"", ""read_us"": ""5.119000"", ""write_us"": ""2.924000"", ""overruns"": ""77"", ""limited_commands"": ""2"", ""timing_dropped"": ""0""}"
9,b'\x00',can_mock,Active,"{""fault_code"": ""0"", ""cycles"": ""75608"", ""bus_fault_reason"": """", ""period_us"": ""6165.828000"", ""max_abs_jitter_us"": ""35977.843000"", ""read_us"": ""6.652000"", ""write_us"": ""4.887000"", ""overruns"": ""77"", ""limited_commands"": ""2"", ""timing_dropped"": ""0""}"
9,b'\x00',can_mock,Active,"{""fault_code"": ""0"", ""cycles"": ""75618"", ""bus_fault_reason"": """", ""period_us"": ""9867.542000"", ""max_abs_jitter_us"": ""35977.843000"", ""read_us"": ""6.425000"", ""write_us"": ""5.469000"", ""overruns"": ""77"", ""limited_commands"": ""2"", ""timing_dropped"": ""0""}"
9,b'\x00',can_mock,Active,"{""fault_code"": ""0"", ""cycles"": ""75628"", ""bus_fault_reason"": """", ""period_us"": ""10006.097000"", ""max_abs_jitter_us"": ""35977.843000"", ""read_us"": ""5.297000"", ""write_us"": ""2.339000"", ""overruns"": ""77"", ""limited_commands"": ""2"", ""timing_dropped"": ""0""}"
9,b'\x00',can_mock,Active,"{""fault_code"": ""0"", ""cycles"": ""75638"", ""bus_fault_reason"": """", ""period_us"": ""9870.748000"", ""max_abs_jitter_us"": ""35977.843000"", ""read_us"": ""30.742000"", ""write_us"": ""3.318000"", ""overruns"": ""77"", ""limited_commands"": ""2"", ""timing_dropped"": ""0""}"
9,b'\x00',can_mock,Active,"{""fault_code"": ""0"", ""cycles"": ""75648"", ""bus_fault_reason"": """", ""period_us"": ""10046.116000"", ""max_abs_jitter_us"": ""35977.843000"", ""read_us"": ""5.659000"", ""write_us"": ""3.129000"", ""overruns"": ""77"", ""limited_commands"": ""2"", ""timing_dropped"": ""0""}"
9,b'\x00',can_mock,Active,"{""fault_code"": ""0"", ""cycles"": ""75658"", ""bus_fault_reason"": """", ""period_us"": ""9947.693000"", ""max_abs_jitter_us"": ""35977.843000"", ""read_us"": ""5.966000"", ""write_us"": ""5.043000"", ""overruns"": ""77"", ""limited_commands"": ""2"", ""timing_dropped"": ""0""}"
9,b'\x00',can_mock,Active,"{""fault_code"": ""0"", ""cycles"": ""75668"", ""bus_fault_reason"": """", ""period_us"": ""9942.540000"", ""max_abs_jitter_us"": ""35977.843000"", ""read_us"": ""5.139000"", ""write_us"": ""3.971000"", ""overruns"": ""77"", ""limited_commands"": ""2"", ""timing_dropped"": ""0""}"
9,b'\x00',can_mock,Active,"{""fault_code"": ""0"", ""cycles"": ""75678"", ""bus_fault_reason"": """", ""period_us"": ""9974.255000"", ""max_abs_jitter_us"": ""35977.843000"", ""read_us"": ""6.643000"", ""write_us"": ""3.220000"", ""overruns"": ""77"", ""limited_commands"": ""2"", ""timing_dropped"": ""0""}"
9,b'\x00',can_mock,Active,"{""fault_code"": ""0"", ""cycles"": ""75688"", ""bus_fault_reason"": """", ""period_us"": ""10102.915000"", ""max_abs_jitter_us"": ""35977.843000"", ""read_us"": ""7.331000"", ""write_us"": ""5.355000"", ""overruns"": ""77"", ""limited_commands"": ""2"", ""timing_dropped"": ""0""}"
9,b'\x00',can_mock,Active,"{""fault_code"": ""0"", ""cycles"": ""75698"", ""bus_fault_reason"": """", ""period_us"": ""9743.917000"", ""max_abs_jitter_us"": ""35977.843000"", ""read_us"": ""40.908000"", ""write_us"": ""4.402000"", ""overruns"": ""77"", ""limited_commands"": ""2"", ""timing_dropped"": ""0""}"
9,b'\x00',can_mock,Active,"{""fault_code"": ""0"", ""cycles"": ""75708"", ""bus_fault_reason"": """", ""period_us"": ""10102.295000"", ""max_abs_jitter_us"": ""35977.843000"", ""read_us"": ""29.331000"", ""write_us"": ""16.874000"", ""overruns"": ""77"", ""limited_commands"": ""2"", ""timing_dropped"": ""0""}"
9,b'\x00',can_mock,Active,"{""fault_code"": ""0"", ""cycles"": ""75718"", ""bus_fault_reason"": """", ""period_us"": ""10263.156000"", ""max_abs_jitter_us"": ""35977.843000"", ""read_us"": ""5.715000"", ""write_us"": ""3.109000"", ""overruns"": ""77"", ""limited_commands"": ""2"", ""timing_dropped"": ""0""}"
9,b'\x00',can_mock,Active,"{""fault_code"": ""0"", ""cycles"": ""75728"", ""bus_fault_reason"": """", ""period_us"": ""10035.380000"", ""max_abs_jitter_us"": ""35977.843000"", ""read_us"": ""5.153000"", ""write_us"": ""4.370000"", ""overruns"": ""77"", ""limited_commands"": ""2"", ""timing_dropped"": ""0""}"
9,b'\x00',can_mock,Active,"{""fault_code"": ""0"", ""cycles"": ""75738"", ""bus_fault_reason"": """", ""period_us"": ""9986.112000"", ""max_abs_jitter_us"": ""35977.843000"", ""read_us"": ""6.576000"", ""write_us"": ""4.937000"", ""overruns"": ""77"", ""limited_commands"": ""2"", ""timing_dropped"": ""0""}"
9,b'\x00',can_mock,Active,"{""fault_code"": ""0"", ""cycles"": ""75748"", ""bus_fault_reason"": """", ""period_us"": ""7886.334000"", ""max_abs_jitter_us"": ""35977.843000"", ""read_us"": ""21.895000"", ""write_us"": ""7.019000"", ""overruns"": ""77"", ""limited_commands"": ""2"", ""timing_dropped"": ""0""}"
9,b'\x00',can_mock,Active,"{""fault_code"": ""0"", ""cycles"": ""75758"", ""bus_fault_reason"": """", ""period_us"": ""10066.029000"", ""max_abs_jitter_us"": ""35977.843000"", ""read_us"": ""8.579000"", ""write_us"": ""4.398000"", ""overruns"": ""77"", ""limited_commands"": ""2"", ""timing_dropped"": ""0""}"
9,b'\x00',can_mock,Active,"{""fault_code"": ""0"", ""cycles"": ""75768"", ""bus_fault_reason"": """", ""period_us"": ""10193.260000"", ""max_abs_jitter_us"": ""35977.843000"", ""read_us"": ""11.114000"", ""write_us"": ""15.845000"", ""overruns"": ""77"", ""limited_commands"": ""2"", ""timing_dropped"": ""0""}"
9,b'\x00',can_mock,Active,"{""fault_code"": ""0"", ""cycles"": ""75778"", ""bus_fault_reason"": """", ""period_us"": ""9405.912000"", ""max_abs_jitter_us"": ""35977.843000"", ""read_us"": ""10.069000"", ""write_us"": ""5.562000"", ""overruns"": ""77"", ""limited_commands"": ""2"", ""timing_dropped"": ""0""}"
9,b'\x00',can_mock,Active,"{""fault_code"": ""0"", ""cycles"": ""75788"", ""bus_fault_reason"": """", ""period_us"": ""9337.584000"", ""max_abs_jitter_us"": ""35977.843000"", ""read_us"": ""6.963000"", ""write_us"": ""7.659000"", ""overruns"": ""77"", ""limited_commands"": ""2"", ""timing_dropped"": ""0""}"
9,b'\x00',can_mock,Active,"{""fault_code"": ""0"", ""cycles"": ""75798"", ""bus_fault_reason"": """", ""period_us"": ""10003.601000"", ""max_abs_jitter_us"": ""35977.843000"", ""read_us"": ""3.504000"", ""write_us"": ""1.903000"", ""overruns"": ""77"", ""limited_commands"": ""2"", ""timing_dropped"": ""0""}"
9,b'\x00',can_mock,Active,"{""fault_code"": ""0"", ""cycles"": ""75808"", ""bus_fault_reason"": """", ""period_us"": ""10021.392000"", ""max_abs_jitter_us"": ""35977.843000"", ""read_us"": ""8.887000"", ""write_us"": ""4.092000"", ""overruns"": ""77"", ""limited_commands"": ""2"", ""timing_dropped"": ""0""}"
9,b'\x00',can_mock,Active,"{""fault_code"": ""0"", ""cycles"": ""75818"", ""bus_fault_reason"": """", ""period_us"": ""9987.793000"", ""max_abs_jitter_us"": ""35977.843000"", ""read_us"": ""15.650000"", ""write_us"": ""15.495000"", ""overruns"": ""77"", ""limited_commands"": ""2"", ""timing_dropped"": ""0""}"
9,b'\x00',can_mock,Active,"{""fault_code"": ""0"", ""cycles"": ""75828"", ""bus_fault_reason"": """", ""period_us"": ""10041.239000"", ""max_abs_jitter_us"": ""35977.843000"", ""read_us"": ""8.137000"", ""write_us"": ""5.189000"", ""overruns"": ""77"", ""limited_commands"": ""2"", ""timing_dropped"": ""0""}"
9,b'\x00',can_mock,Active,"{""fault_code"": ""0"", ""cycles"": ""75838"", ""bus_fault_reason"": """", ""period_us"": ""9925.640000"", ""max_abs_jitter_us"": ""35977.843000"", ""read_us"": ""9.278000"", ""write_us"": ""4.511000"", ""overruns"": ""77"", ""limited_commands"": ""2"", ""timing_dropped"": ""0""}"
9,b'\x00',can_mock,Active,"{""fault_code"": ""0"", ""cycles"": ""75848"", ""bus_fault_reason"": """", ""period_us"": ""9264.070000"", ""max_abs_jitter_us"": ""35977.843000"", ""read_us"": ""11.718000"", ""write_us"": ""4.692000"", ""overruns"": ""77"", ""limited_commands"": ""2"", ""timing_dropped"": ""0""}"
9,b'\x00',can_mock,Active,"{""fault_code"": ""0"", ""cycles"": ""75858"", ""bus_fault_reason"": """", ""period_us"": ""9741.490000"", ""max_abs_jitter_us"": ""35977.843000"", ""read_us"": ""29.518000"", ""write_us"": ""30.336000"", ""overruns"": ""77"", ""limited_commands"": ""2"", ""timing_dropped"": ""0""}"
9,b'\x00',can_mock,Active,"{""fault_code"": ""0"", ""cycles"": ""75868"", ""bus_fault_reason"": """", ""period_us"": ""9606.362000"", ""max_abs_jitter_us"": ""35977.843000"", ""read_us"": ""4.333000"", ""write_us"": ""1.730000"", ""overruns"": ""77"", ""limited_commands"": ""2"", ""timing_dropped"": ""0""}"
9,b'\x00',can_mock,Active,"{""fault_code"": ""0"", ""cycles"": ""75878"", ""bus_fault_reason"": """", ""period_us"": ""9929.533000"", ""max_abs_jitter_us"": ""35977.843000"", ""read_us"": ""5.341000"", ""write_us"": ""3.385000"", ""overruns"": ""77"", ""limited_commands"": ""2"", ""timing_dropped"": ""0""}"
9,b'\x00',can_mock,Active,"{""fault_code"": ""0"", ""cycles"": ""75888"", ""bus_fault_reason"": """", ""period_us"": ""9980.636000"", ""max_abs_jitter_us"": ""35977.843000"", ""read_us"": ""4.600000"", ""write_us"": ""3.268000"", ""overruns"": ""77"", ""limited_commands"": ""2"", ""timing_dropped"": ""0""}"
9,b'\x00',can_mock,Active,"{""fault_code"": ""0"", ""cycles"": ""75898"", ""bus_fault_reason"": """", ""period_us"": ""9001.701000"", ""max_abs_jitter_us"": ""35977.843000"", ""read_us"": ""4.446000"", ""write_us"": ""2.715000"", ""overruns"": ""77"", ""limited_commands"": ""2"", ""timing_dropped"": ""0""}"
9,b'\x00',can_mock,Active,"{""fault_code"": ""0"", ""cycles"": ""75908"", ""bus_fault_reason"": """", ""period_us"": ""10100.533000"", ""max_abs_jitter_us"": ""35977.843000"", ""read_us"": ""11.659000"", ""write_us"": ""22.733000"", ""overruns"": ""77"", ""limited_commands"": ""2"", ""timing_dropped"": ""0""}"
9,b'\x00',can_mock,Active,"{""fault_code"": ""0"", ""cycles"": ""75918"", ""bus_fault_reason"": """", ""period_us"": ""9978.489000"", ""max_abs_jitter_us"": ""35977.843000"", ""read_us"": ""13.959000"", ""write_us"": ""3.802000"", ""overruns"": ""77"", ""limited_commands"": ""2"", ""timing_dropped"": ""0""}"
9,b'\x00',can_mock,Active,"{""fault_code"": ""0"", ""cycles"": ""75928"", ""bus_fault_reason"": """", ""period_us"": ""9972.375000"", ""max_abs_jitter_us"": ""35977.843000"", ""read_us"": ""4.578000"", ""write_us"": ""3.376000"", ""overruns"": ""77"", ""limited_commands"": ""2"", ""timing_dropped"": ""0""}"
9,b'\x00',can_mock,Active,"{""fault_code"": ""0"", ""cycles"": ""75938"", ""bus_fault_reason"": """", ""period_us"": ""9799.090000"", ""max_abs_jitter_us"": ""35977.843000"", ""read_us"": ""3.833000"", ""write_us"": ""2.940000"", ""overruns"": ""77"", ""limited_commands"": ""2"", ""timing_dropped"": ""0""}"
9,b'\x00',can_mock,Active,"{""fault_code"": ""0"", ""cycles"": ""75948"", ""bus_fault_reason"": """", ""period_us"": ""10036.347000"", ""max_abs_jitter_us"": ""35977.843000"", ""read_us"": ""5.227000"", ""write_us"": ""2.962000"", ""overruns"": ""77"", ""limited_commands"": ""2"", ""timing_dropped"": ""0""}"
9,b'\x00',can_mock,Active,"{""fault_code"": ""0"", ""cycles"": ""75958"", ""bus_fault_reason"": """", ""period_us"": ""11615.287000"", ""max_abs_jitter_us"": ""35977.843000"", ""read_us"": ""6.052000"", ""write_us"": ""3.487000"", ""overruns"": ""77"", ""limited_commands"": ""2"", ""timing_dropped"": ""0""}"
9,b'\x00',can_mock,Active,"{""fault_code"": ""0"", ""cycles"": ""75968"", ""bus_fault_reason"": """", ""period_us"": ""10023.250000"", ""max_abs_jitter_us"": ""35977.843000"", ""read_us"": ""4.965000"", ""write_us"": ""3.775000"", ""overruns"": ""77"", ""limited_commands"": ""2"", ""timing_dropped"": ""0""}"
9,b'\x00',can_mock,Active,"{""fault_code"": ""0"", ""cycles"": ""75978"", ""bus_fault_reason"": """", ""period_us"": ""9779.020000"", ""max_abs_jitter_us"": ""35977.843000"", ""read_us"": ""10.495000"", ""write_us"": ""4.476000"", ""overruns"": ""77"", ""limited_commands"": ""2"", ""timing_dropped"": ""0""}"
9,b'\x00',can_mock,Active,"{""fault_code"": ""0"", ""cycles"": ""75988"", ""bus_fault_reason"": """", ""period_us"": ""9858.362000"", ""max_abs_jitter_us"": ""35977.843000"", ""read_us"": ""6.612000"", ""write_us"": ""7.994000"", ""overruns"": ""77"", ""limited_commands"": ""2"", ""timing_dropped"": ""0""}"
9,b'\x00',can_mock,Active,"{""fault_code"": ""0"", ""cycles"": ""75998"", ""bus_fault_reason"": """", ""period_us"": ""9767.689000"", ""max_abs_jitter_us"": ""35977.843000"", ""read_us"": ""10.844000"", ""write_us"": ""6.566000"", ""overruns"": ""77"", ""limited_commands"": ""2"", ""timing_dropped"": ""0""}"
9,b'\x00',can_mock,Active,"{""fault_code"": ""0"", ""cycles"": ""76008"", ""bus_fault_reason"": """", ""period_us"": ""9883.828000"", ""max_abs_jitter_us"": ""35977.843000"", ""read_us"": ""4.351000"", ""write_us"": ""2.908000"", ""overruns"": ""77"", ""limited_commands"": ""2"", ""timing_dropped"": ""0""}"
9,b'\x00',can_mock,Active,"{""fault_code"": ""0"", ""cycles"": ""76018"", ""bus_fault_reason"": """", ""period_us"": ""10123.634000"", ""max_abs_jitter_us"": ""35977.843000"", ""read_us"": ""11.543000"", ""write_us"": ""4.694000"", ""overruns"": ""77"", ""limited_commands"": ""2"", ""timing_dropped"": ""0""}"
9,b'\x00',can_mock,Active,"{""fault_code"": ""0"", ""cycles"": ""76028"", ""bus_fault_reason"": """", ""period_us"": ""10049.534000"", ""max_abs_jitter_us"": ""35977.843000"", ""read_us"": ""6.262000"", ""write_us"": ""2.276000"", ""overruns"": ""77"", ""limited_commands"": ""2"", ""timing_dropped"": ""0""}"
9,b'\x00',can_mock,Active,"{""fault_code"": ""0"", ""cycles"": ""76038"", ""bus_fault_reason"": """", ""period_us"": ""9804.775000"", ""max_abs_jitter_us"": ""35977.843000"", ""read_us"": ""9.579000"", ""write_us"": ""22.923000"", ""overruns"": ""77"", ""limited_commands"": ""2"", ""timing_dropped"": ""0""}"
9,b'\x00',can_mock,Active,"{""fault_code"": ""0"", ""cycles"": ""76048"", ""bus_fault_reason"": """", ""period_us"": ""10074.067000"", ""max_abs_jitter_us"": ""35977.843000"", ""read_us"": ""8.340000"", ""write_us"": ""4.361000"", ""overruns"": ""77"", ""limited_commands"": ""2"", ""timing_dropped"": ""0""}"
9,b'\x00',can_mock,Active,"{""fault_code"": ""0"", ""cycles"": ""76058"", ""bus_fault_reason"": """", ""period_us"": ""5636.325000"", ""max_abs_jitter_us"": ""35977.843000"", ""read_us"": ""5.248000"", ""write_us"": ""1.845000"", ""overruns"": ""77"", ""limited_commands"": ""2"", ""timing_dropped"": ""0""}"
9,b'\x00',can_mock,Active,"{""fault_code"": ""0"", ""cycles"": ""76068"", ""bus_fault_reason"": """", ""period_us"": ""8994.320000"", ""max_abs_jitter_us"": ""35977.843000"", ""read_us"": ""34.850000"", ""write_us"": ""3.260000"", ""overruns"": ""77"", ""limited_commands"": ""2"", ""timing_dropped"": ""0""}"
9,b'\x00',can_mock,Active,"{""fault_code"": ""0"", ""cycles"": ""76078"", ""bus_fault_reason"": """", ""period_us"": ""10080.246000"", ""max_abs_jitter_us"": ""35977.843000"", ""read_us"": ""6.929000"", ""write_us"": ""4.359000"", ""overruns"": ""77"", ""limited_commands"": ""2"", ""timing_dropped"": ""0""}"
9,b'\x00',can_mock,Active,"{""fault_code"": ""0"", ""cycles"": ""76088"", ""bus_fault_reason"": """", ""period_us"": ""9487.750000"", ""max_abs_jitter_us"": ""35977.843000"", ""read_us"": ""7.242000"", ""write_us"": ""4.125000"", ""overruns"": ""77"", ""limited_commands"": ""2"", ""timing_dropped"": ""0""}"
9,b'\x00',can_mock,Active,"{""fault_code"": ""0"", ""cycles"": ""76098"", ""bus_fault_reason"": """", ""period_us"": ""10853.790000"", ""max_abs_jitter_us"": ""35977.843000"", ""read_us"": ""4.108000"", ""write_us"": ""1.944000"", ""overruns"": ""77"", ""limited_commands"": ""2"", ""timing_dropped"": ""0""}"
9,b'\x00',can_mock,Active,"{""fault_code"": ""0"", ""cycles"": ""76108"", ""bus_fault_reason"": """", ""period_us"": ""10014.055000"", ""max_abs_jitter_us"": ""35977.843000"", ""read_us"": ""5.525000"", ""write_us"": ""3.294000"", ""overruns"": ""77"", ""limited_commands"": ""2"", ""timing_dropped"": ""0""}"
9,b'\x00',can_mock,Active,"{""fault_code"": ""0"", ""cycles"": ""76118"", ""bus_fault_reason"": """", ""period_us"": ""10116.836000"", ""max_abs_jitter_us"": ""35977.843000"", ""read_us"": ""8.035000"", ""write_us"": ""5.306000"", ""overruns"": ""77"", ""limited_commands"": ""2"", ""timing_dropped"": ""0""}"
9,b'\x00',can_mock,Active,"{""fault_code"": ""0"", ""cycles"": ""76128"", ""bus_fault_reason"": """", ""period_us"": ""9435.844000"", ""max_abs_jitter_us"": ""35977.843000"", ""read_us"": ""33.706000"", ""write_us"": ""2.490000"", ""overruns"": ""77"", ""limited_commands"": ""2"", ""timing_dropped"": ""0""}"
9,b'\x00',can_mock,Active,"{""fault_code"": ""0"", ""cycles"": ""76138"", ""bus_fault_reason"": """", ""period_us"": ""9921.895000"", ""max_abs_jitter_us"": ""35977.843000"", ""read_us"": ""6.305000"", ""write_us"": ""2.870000"", ""overruns"": ""77"", ""limited_commands"": ""2"", ""timing_dropped"": ""0""}"
9,b'\x00',can_mock,Active,"{""fault_code"": ""0"", ""cycles"": ""76148"", ""bus_fault_reason"": """", ""period_us"": ""9599.979000"", ""max_abs_jitter_us"": ""35977.843000"", ""read_us"": ""9.302000"", ""write_us"": ""4.245000"", ""overruns"": ""77"", ""limited_commands"": ""2"", ""timing_dropped"": ""0""}"
9,b'\x00',can_mock,Active,"{""fault_code"": ""0"", ""cycles"": ""76158"", ""bus_fault_reason"": """", ""period_us"": ""9980.248000"", ""max_abs_jitter_us"": ""35977.843000"", ""read_us"": ""19.343000"", ""write_us"": ""2.497000"", ""overruns"": ""77"", ""limited_commands"": ""2"", ""timing_dropped"": ""0""}"
9,b'\x00',can_mock,Active,"{""fault_code"": ""0"", ""cycles"": ""76168"", ""bus_fault_reason"": """", ""period_us"": ""10201.671000"", ""max_abs_jitter_us"": ""35977.843000"", ""read_us"": ""126.276000"", ""write_us"": ""6.177000"", ""overruns"": ""77"", ""limited_commands"": ""2"", ""timing_dropped"": ""0""}"
9,b'\x00',can_mock,Active,"{""fault_code"": ""0"", ""cycles"": ""76178"", ""bus_fault_reason"": """", ""period_us"": ""9983.678000"", ""max_abs_jitter_us"": ""35977.843000"", ""read_us"": ""5.058000"", ""write_us"": ""2.990000"", ""overruns"": ""77"", ""limited_commands"": ""2"", ""timing_dropped"": ""0""}"
9,b'\x00',can_mock,Active,"{""fault_code"": ""0"", ""cycles"": ""76188"", ""bus_fault_reason"": """", ""period_us"": ""10020.775000"", ""max_abs_jitter_us"": ""35977.843000"", ""read_us"": ""34.099000"", ""write_us"": ""4.637000"", ""overruns"": ""77"", ""limited_commands"": ""2"", ""timing_dropped"": ""0""}"
9,b'\x00',can_mock,Active,"{""fault_code"": ""0"", ""cycles"": ""76198"", ""bus_fault_reason"": """", ""period_us"": ""9303.218000"", ""max_abs_jitter_us"": ""35977.843000"", ""read_us"": ""7.396000"", ""write_us"": ""4.487000"", ""overruns"": ""77"", ""limited_commands"": ""2"", ""timing_dropped"": ""0""}"
9,b'\x00',can_mock,Active,"{""fault_code"": ""0"", ""cycles"": ""76208"", ""bus_fault_reason"": """", ""period_us"": ""10441.258000"", ""max_abs_jitter_us"": ""35977.843000"", ""read_us"": ""5.467000"", ""write_us"": ""6.141000"", ""overruns"": ""77"", ""limited_commands"": ""2"", ""timing_dropped"": ""0""}"
9,b'\x00',can_mock,Active,"{""fault_code"": ""0"", ""cycles"": ""76218"", ""bus_fault_reason"": """", ""period_us"": ""10302.834000"", ""max_abs_jitter_us"": ""35977.843000"", ""read_us"": ""6.920000"", ""write_us"": ""5.011000"", ""overruns"": ""77"", ""limited_commands"": ""2"", ""timing_dropped"": ""0""}"
9,b'\x00',can_mock,Active,"{""fault_code"": ""0"", ""cycles"": ""76228"", ""bus_fault_reason"": """", ""period_us"": ""10074.197000"", ""max_abs_jitter_us"": ""35977.843000"", ""read_us"": ""5.428000"", ""write_us"": ""3.335000"", ""overruns"": ""77"", ""limited_commands"": ""2"", ""timing_dropped"": ""0""}"
9,b'\x00',can_mock,Active,"{""fault_code"": ""0"", ""cycles"": ""76238"", ""bus_fault_reason"": """", ""period_us"": ""10489.460000"", ""max_abs_jitter_us"": ""35977.843000"", ""read_us"": ""180.392000"", ""write_us"": ""4.973000"", ""overruns"": ""77"", ""limited_commands"": ""2"", ""timing_dropped"": ""0""}"
9,b'\x00',can_mock,Active,"{""fault_code"": ""0"", ""cycles"": ""76248"", ""bus_fault_reason"": """", ""period_us"": ""9466.900000"", ""max_abs_jitter_us"": ""35977.843000"", ""read_us"": ""5.898000"", ""write_us"": ""3.487000"", ""overruns"": ""77"", ""limited_commands"": ""2"", ""timing_dropped"": ""0""}"
9,b'\x00',can_mock,Active,"{""fault_code"": ""0"", ""cycles"": ""76258"", ""bus_fault_reason"": """", ""period_us"": ""10658.623000"", ""max_abs_jitter_us"": ""35977.843000"", ""read_us"": ""31.554000"", ""write_us"": ""3.182000"", ""overruns"": ""77"", ""limited_commands"": ""2"", ""timing_dropped"": ""0""}"
9,b'\x00',can_mock,Active,"{""fault_code"": ""0"", ""cycles"": ""76268"", ""bus_fault_reason"": """", ""period_us"": ""9948.315000"", ""max_abs_jitter_us"": ""35977.843000"", ""read_us"": ""6.256000"", ""write_us"": ""2.758000"", ""overruns"": ""77"", ""limited_commands"": ""2"", ""timing_dropped"": ""0""}"
9,b'\x00',can_mock,Active,"{""fault_code"": ""0"", ""cycles"": ""76278"", ""bus_fault_reason"": """", ""period_us"": ""8593.114000"", ""max_abs_jitter_us"": ""35977.843000"", ""read_us"": ""187.613000"", ""write_us"": ""2.118000"", ""overruns"": ""77"", ""limited_commands"": ""2"", ""timing_dropped"": ""0""}"
9,b'\x00',can_mock,Active,"{""fault_code"": ""0"", ""cycles"": ""76288"", ""bus_fault_reason"": """", ""period_us"": ""10201.490000"", ""max_abs_jitter_us"": ""35977.843000"", ""read_us"": ""16.221000"", ""write_us"": ""6.544000"", ""overruns"": ""77"", ""limited_commands"": ""2"", ""timing_dropped"": ""0""}"
9,b'\x00',can_mock,Active,"{""fault_code"": ""0"", ""cycles"": ""76298"", ""bus_fault_reason"": """", ""period_us"": ""7915.374000"", ""max_abs_jitter_us"": ""35977.843000"", ""read_us"": ""4.019000"", ""write_us"": ""5.424000"", ""overruns"": ""77"", ""limited_commands"": ""2"", ""timing_dropped"": ""0""}"
9,b'\x00',can_mock,Active,"{""fault_code"": ""0"", ""cycles"": ""76308"", ""bus_fault_reason"": """", ""period_us"": ""10181.740000"", ""max_abs_jitter_us"": ""35977.843000"", ""read_us"": ""5.297000"", ""write_us"": ""3.217000"", ""overruns"": ""77"", ""limited_commands"": ""2"", ""timing_dropped"": ""0""}"
9,b'\x00',can_mock,Active,"{""fault_code"": ""0"", ""cycles"": ""76318"", ""bus_fault_reason"": """", ""period_us"": ""10613.975000"", ""max_abs_jitter_us"": ""35977.843000"", ""read_us"": ""37.551000"", ""write_us"": ""4.307000"", ""overruns"": ""77"", ""limited_commands"": ""2"", ""timing_dropped"": ""0""}"
9,b'\x00',can_mock,Active,"{""fault_code"": ""0"", ""cycles"": ""76328"", ""bus_fault_reason"": """", ""period_us"": ""7911.461000"", ""max_abs_jitter_us"": ""35977.843000"", ""read_us"": ""4.154000"", ""write_us"": ""3.335000"", ""overruns"": ""77"", ""limited_commands"": ""2"", ""timing_dropped"": ""0""}"
9,b'\x00',can_mock,Active,"{""fault_code"": ""0"", ""cycles"": ""76338"", ""bus_fault_reason"": """", ""period_us"": ""9927.391000"", ""max_abs_jitter_us"": ""35977.843000"", ""read_us"": ""4.317000"", ""write_us"": ""1.754000"", ""overruns"": ""77"", ""limited_commands"": ""2"", ""timing_dropped"": ""0""}"
9,b'\x00',can_mock,Active,"{""fault_code"": ""0"", ""cycles"": ""76348"", ""bus_fault_reason"": """", ""period_us"": ""9966.294000"", ""max_abs_jitter_us"": ""35977.843000"", ""read_us"": ""6.973000"", ""write_us"": ""6.326000"", ""overruns"": ""77"", ""limited_commands"": ""2"", ""timing_dropped"": ""0""}"
9,b'\x00',can_mock,Active,"{""fault_code"": ""0"", ""cycles"": ""76358"", ""bus_fault_reason"": """", ""period_us"": ""9802.757000"", ""max_abs_jitter_us"": ""35977.843000"", ""read_us"": ""5.712000"", ""write_us"": ""4.566000"", ""overruns"": ""77"", ""limited_commands"": ""2"", ""timing_dropped"": ""0""}"
9,b'\x00',can_mock,Active,"{""fault_code"": ""0"", ""cycles"": ""76368"", ""bus_fault_reason"": """", ""period_us"": ""10076.739000"", ""max_abs_jitter_us"": ""35977.843000"", ""read_us"": ""4.181000"", ""write_us"": ""4.085000"", ""overruns"": ""77"", ""limited_commands"": ""2"", ""timing_dropped"": ""0""}"
9,b'\x00',can_mock,Active,"{""fault_code"": ""0"", ""cycles"": ""76378"", ""bus_fault_reason"": """", ""period_us"": ""8847.111000"", ""max_abs_jitter_us"": ""35977.843000"", ""read_us"": ""6.537000"", ""write_us"": ""5.333000"", ""overruns"": ""77"", ""limited_commands"": ""2"", ""timing_dropped"": ""0""}"
9,b'\x00',can_mock,Active,"{""fault_code"": ""0"", ""cycles"": ""76388"", ""bus_fault_reason"": """", ""period_us"": ""10047.948000"", ""max_abs_jitter_us"": ""35977.843000"", ""read_us"": ""5.172000"", ""write_us"": ""5.007000"", ""overruns"": ""77"", ""limited_commands"": ""2"", ""timing_dropped"": ""0""}"
9,b'\x00',can_mock,Active,"{""fault_code"": ""0"", ""cycles"": ""76398"", ""bus_fault_reason"": """", ""period_us"": ""8559.860000"", ""max_abs_jitter_us"": ""35977.843000"", ""read_us"": ""8.270000"", ""write_us"": ""6.468000"", ""overruns"": ""77"", ""limited_commands"": ""2"", ""timing_dropped"": ""0""}"
9,b'\x00',can_mock,Active,"{""fault_code"": ""0"", ""cycles"": ""76408"", ""bus_fault_reason"": """", ""period_us"": ""10305.980000"", ""max_abs_jitter_us"": ""35977.843000"", ""read_us"": ""8.151000"", ""write_us"": ""5.288000"", ""overruns"": ""77"", ""limited_commands"": ""2"", ""timing_dropped"": ""0""}"
9,b'\x00',can_mock,Active,"{""fault_code"": ""0"", ""cycles"": ""76418"", ""bus_fault_reason"": """", ""period_us"": ""9941.927000"", ""max_abs_jitter_us"": ""35977.843000"", ""read_us"": ""5.415000"", ""write_us"": ""2.413000"", ""overruns"": ""77"", ""limited_commands"": ""2"", ""timing_dropped"": ""0""}"
9,b'\x00',can_mock,Active,"{""fault_code"": ""0"", ""cycles"": ""76428"", ""bus_fault_reason"": """", ""period_us"": ""10722.699000"", ""max_abs_jitter_us"": ""35977.843000"", ""read_us"": ""7.959000"", ""write_us"": ""4.082000"", ""overruns"": ""77"", ""limited_commands"": ""2"", ""timing_dropped"": ""0""}"
9,b'\x00',can_mock,Active,"{""fault_code"": ""0"", ""cycles"": ""76438"", ""bus_fault_reason"": """", ""period_us"": ""10350.822000"", ""max_abs_jitter_us"": ""35977.843000"", ""read_us"": ""32.996000"", ""write_us"": ""3.311000"", ""overruns"": ""77"", ""limited_commands"": ""2"", ""timing_dropped"": ""0""}"
9,b'\x00',can_mock,Active,"{""fault_code"": ""0"", ""cycles"": ""76448"", ""bus_fault_reason"": """", ""period_us"": ""9935.283000"", ""max_abs_jitter_us"": ""35977.843000"", ""read_us"": ""7.223000"", ""write_us"": ""1.606000"", ""overruns"": ""77"", ""limited_commands"": ""2"", ""timing_dropped"": ""0""}"
9,b'\x00',can_mock,Active,"{""fault_code"": ""0"", ""cycles"": ""76458"", ""bus_fault_reason"": """", ""period_us"": ""6031.467000"", ""max_abs_jitter_us"": ""35977.843000"", ""read_us"": ""9.222000"", ""write_us"": ""2.979000"", ""overruns"": ""77"", ""limited_commands"": ""2"", ""timing_dropped"": ""0""}"
9,b'\x00',can_mock,Active,"{""fault_code"": ""0"", ""cycles"": ""76468"", ""bus_fault_reason"": """", ""period_us"": ""10588.267000"", ""max_abs_jitter_us"": ""35977.843000"", ""read_us"": ""5.379000"", ""write_us"": ""4.094000"", ""overruns"": ""77"", ""limited_commands"": ""2"", ""timing_dropped"": ""0""}"
9,b'\x00',can_mock,Active,"{""fault_code"": ""0"", ""cycles"": ""76478"", ""bus_fault_reason"": """", ""period_us"": ""11315.190000"", ""max_abs_jitter_us"": ""35977.843000"", ""read_us"": ""23.722000"", ""write_us"": ""27.281000"", ""overruns"": ""77"", ""limited_commands"": ""2"", ""timing_dropped"": ""0""}"
9,b'\x00',can_mock,Active,"{""fault_code"": ""0"", ""cycles"": ""76488"", ""bus_fault_reason"": """", ""period_us"": ""7882.932000"", ""max_abs_jitter_us"": ""35977.843000"", ""read_us"": ""6.192000"", ""write_us"": ""3.092000"", ""overruns"": ""77"", ""limited_commands"": ""2"", ""timing_dropped"": ""0""}"
9,b'\x00',can_mock,Active,"{""fault_code"": ""0"", ""cycles"": ""76496"", ""bus_fault_reason"": """", ""period_us"": ""9800.126000"", ""max_abs_jitter_us"": ""35977.843000"", ""read_us"": ""5.265000"", ""write_us"": ""2.266000"", ""overruns"": ""78"", ""limited_commands"": ""2"", ""timing_dropped"": ""0""}"
9,b'\x00',can_mock,Active,"{""fault_code"": ""0"", ""cycles"": ""76506"", ""bus_fault_reason"": """", ""period_us"": ""10075.147000"", ""max_abs_jitter_us"": ""35977.843000"", ""read_us"": ""4.601000"", ""write_us"": ""2.464000"", ""overruns"": ""78"", ""limited_commands"": ""2"", ""timing_dropped"": ""0""}"
9,b'\x00',can_mock,Active,"{""fault_code"": ""0"", ""cycles"": ""76516"", ""bus_fault_reason"": """", ""period_us"": ""8613.501000"", ""max_abs_jitter_us"": ""35977.843000"", ""read_us"": ""8.778000"", ""write_us"": ""3.600000"", ""overruns"": ""78"", ""limited_commands"": ""2"", ""timing_dropped"": ""0""}"
9,b'\x00',can_mock,Active,"{""fault_code"": ""0"", ""cycles"": ""76526"", ""bus_fault_reason"": """", ""period_us"": ""9635.891000"", ""max_abs_jitter_us"": ""35977.843000"", ""read_us"": ""39.955000"", ""write_us"": ""6.105000"", ""overruns"": ""78"", ""limited_commands"": ""2"", ""timing_dropped"": ""0""}"
9,b'\x00',can_mock,Active,"{""fault_code"": ""0"", ""cycles"": ""76536"", ""bus_fault_reason"": """", ""period_us"": ""9949.662000"", ""max_abs_jitter_us"": ""35977.843000"", ""read_us"": ""5.045000"", ""write_us"": ""4.385000"", ""overruns"": ""78"", ""limited_commands"": ""2"", ""timing_dropped"": ""0""}"
9,b'\x00',can_mock,Active,"{""fault_code"": ""0"", ""cycles"": ""76546"", ""bus_fault_reason"": """", ""period_us"": ""10209.362000"", ""max_abs_jitter_us"": ""35977.843000"", ""read_us"": ""6.363000"", ""write_us"": ""4.874000"", ""overruns"": ""78"", ""limited_commands"": ""2"", ""timing_dropped"": ""0""}"
9,b'\x00',can_mock,Active,"{""fault_code"": ""0"", ""cycles"": ""76556"", ""bus_fault_reason"": """", ""period_us"": ""10180.874000"", ""max_abs_jitter_us"": ""35977.843000"", ""read_us"": ""36.004000"", ""write_us"": ""4.156000"", ""overruns"": ""78"", ""limited_commands"": ""2"", ""timing_dropped"": ""0""}"
9,b'\x00',can_mock,Active,"{""fault_code"": ""0"", ""cycles"": ""76566"", ""bus_fault_reason"": """", ""period_us"": ""9552.394000"", ""max_abs_jitter_us"": ""35977.843000"", ""read_us"": ""3.665000"", ""write_us"": ""7.863000"", ""overruns"": ""78"", ""limited_commands"": ""2"", ""timing_dropped"": ""0""}"
9,b'\x00',can_mock,Active,"{""fault_code"": ""0"", ""cycles"": ""76576"", ""bus_fault_reason"": """", ""period_us"": ""10075.399000"", ""max_abs_jitter_us"": ""35977.843000"", ""read_us"": ""6.089000"", ""write_us"": ""6.241000"", ""overruns"": ""78"", ""limited_commands"": ""2"", ""timing_dropped"": ""0""}"
9,b'\x00',can_mock,Active,"{""fault_code"": ""0"", ""cycles"": ""76586"", ""bus_fault_reason"": """", ""period_us"": ""10033.389000"", ""max_abs_jitter_us"": ""35977.843000"", ""read_us"": ""18.079000"", ""write_us"": ""3.990000"", ""overruns"": ""78"", ""limited_commands"": ""2"", ""timing_dropped"": ""0""}"
9,b'\x00',can_mock,Active,"{""fault_code"": ""0"", ""cycles"": ""76596"", ""bus_fault_reason"": """", ""period_us"": ""9918.613000"", ""max_abs_jitter_us"": ""35977.843000"", ""read_us"": ""6.478000"", ""write_us"": ""2.468000"", ""overruns"": ""78"", ""limited_commands"": ""2"", ""timing_dropped"": ""0""}"
9,b'\x00',can_mock,Active,"{""fault_code"": ""0"", ""cycles"": ""76606"", ""bus_fault_reason"": """", ""period_us"": ""11178.722000"", ""max_abs_jitter_us"": ""35977.843000"", ""read_us"": ""29.332000"", ""write_us"": ""18.582000"", ""overruns"": ""78"", ""limited_commands"": ""2"", ""timing_dropped"": ""0""}"
9,b'\x00',can_mock,Active,"{""fault_code"": ""0"", ""cycles"": ""76616"", ""bus_fault_reason"": """", ""period_us"": ""5119.886000"", ""max_abs_jitter_us"": ""35977.843000"", ""read_us"": ""8.130000"", ""write_us"": ""2.338000"", ""overruns"": ""78"", ""limited_commands"": ""2"", ""timing_dropped"": ""0""}"
9,b'\x00',can_mock,Active,"{""fault_code"": ""0"", ""cycles"": ""76626"", ""bus_fault_reason"": """", ""period_us"": ""9062.043000"", ""max_abs_jitter_us"": ""35977.843000"", ""read_us"": ""4.533000"", ""write_us"": ""3.030000"", ""overruns"": ""78"", ""limited_commands"": ""2"", ""timing_dropped"": ""0""}"
9,b'\x00',can_mock,Active,"{""fault_code"": ""0"", ""cycles"": ""76636"", ""bus_fault_reason"": """", ""period_us"": ""10088.624000"", ""max_abs_jitter_us"": ""35977.843000"", ""read_us"": ""25.292000"", ""write_us"": ""4.738000"", ""overruns"": ""78"", ""limited_commands"": ""2"", ""timing_dropped"": ""0""}"
9,b'\x00',can_mock,Active,"{""fault_code"": ""0"", ""cycles"": ""76646"", ""bus_fault_reason"": """", ""period_us"": ""8774.660000"", ""max_abs_jitter_us"": ""35977.843000"", ""read_us"": ""4.245000"", ""write_us"": ""2.902000"", ""overruns"": ""78"", ""limited_commands"": ""2"", ""timing_dropped"": ""0""}"
9,b'\x00',can_mock,Active,"{""fault_code"": ""0"", ""cycles"": ""76656"", ""bus_fault_reason"": """", ""period_us"": ""10029.145000"", ""max_abs_jitter_us"": ""35977.843000"", ""read_us"": ""3.527000"", ""write_us"": ""2.120000"", ""overruns"": ""78"", ""limited_commands"": ""2"", ""timing_dropped"": ""0""}"
9,b'\x00',can_mock,Active,"{""fault_code"": ""0"", ""cycles"": ""76666"", ""bus_fault_reason"": """", ""period_us"": ""9941.532000"", ""max_abs_jitter_us"": ""35977.843000"", ""read_us"": ""5.864000"", ""write_us"": ""3.280000"", ""overruns"": ""78"", ""limited_commands"": ""2"", ""timing_dropped"": ""0""}"
9,b'\x00',can_mock,Active,"{""fault_code"": ""0"", ""cycles"": ""76676"", ""bus_fault_reason"": """", ""period_us"": ""10105.087000"", ""max_abs_jitter_us"": ""35977.843000"", ""read_us"": ""5.146000"", ""write_us"": ""3.209000"", ""overruns"": ""78"", ""limited_commands"": ""2"", ""timing_dropped"": ""0""}"
9,b'\x00',can_mock,Active,"{""fault_code"": ""0"", ""cycles"": ""76686"", ""bus_fault_reason"": """", ""period_us"": ""10055.896000"", ""max_abs_jitter_us"": ""35977.843000"", ""read_us"": ""7.037000"", ""write_us"": ""5.783000"", ""overruns"": ""78"", ""limited_commands"": ""2"", ""timing_dropped"": ""0""}"
9,b'\x00',can_mock,Active,"{""fault_code"": ""0"", ""cycles"": ""76696"", ""bus_fault_reason"": """", ""period_us"": ""8833.757000"", ""max_abs_jitter_us"": ""35977.843000"", ""read_us"": ""7.395000"", ""write_us"": ""6.125000"", ""overruns"": ""78"", ""limited_commands"": ""2"", ""timing_dropped"": ""0""}"
9,b'\x00',can_mock,Active,"{""fault_code"": ""0"", ""cycles"": ""76706"", ""bus_fault_reason"": """", ""period_us"": ""9870.703000"", ""max_abs_jitter_us"": ""35977.843000"", ""read_us"": ""6.643000"", ""write_us"": ""5.662000"", ""overruns"": ""78"", ""limited_commands"": ""2"", ""timing_dropped"": ""0""}"
9,b'\x00',can_mock,Active,"{""fault_code"": ""0"", ""cycles"": ""76716"", ""bus_fault_reason"": """", ""period_us"": ""10506.927000"", ""max_abs_jitter_us"": ""35977.843000"", ""read_us"": ""48.738000"", ""write_us"": ""3.156000"", ""overruns"": ""78"", ""limited_commands"": ""2"", ""timing_dropped"": ""0""}"
9,b'\x00',can_mock,Active,"{""fault_code"": ""0"", ""cycles"": ""76726"", ""bus_fault_reason"": """", ""period_us"": ""9832.805000"", ""max_abs_jitter_us"": ""35977.843000"", ""read_us"": ""6.178000"", ""write_us"": ""3.012000"", ""overruns"": ""78"", ""limited_commands"": ""2"", ""timing_dropped"": ""0""}"
9,b'\x00',can_mock,Active,"{""fault_code"": ""0"", ""cycles"": ""76736"", ""bus_fault_reason"": """", ""period_us"": ""10801.998000"", ""max_abs_jitter_us"": ""35977.843000"", ""read_us"": ""7.404000"", ""write_us"": ""7.264000"", ""overruns"": ""78"", ""limited_commands"": ""2"", ""timing_dropped"": ""0""}"
9,b'\x00',can_mock,Active,"{""fault_code"": ""0"", ""cycles"": ""76746"", ""bus_fault_reason"": """", ""period_us"": ""10212.956000"", ""max_abs_jitter_us"": ""35977.843000"", ""read_us"": ""45.297000"", ""write_us"": ""3.676000"", ""overruns"": ""78"", ""limited_commands"": ""2"", ""timing_dropped"": ""0""}"
9,b'\x00',can_mock,Active,"{""fault_code"": ""0"", ""cycles"": ""76756"", ""bus_fault_reason"": """", ""period_us"": ""9489.262000"", ""max_abs_jitter_us"": ""35977.843000"", ""read_us"": ""5.100000"", ""write_us"": ""4.153000"", ""overruns"": ""78"", ""limited_commands"": ""2"", ""timing_dropped"": ""0""}"
9,b'\x00',can_mock,Active,"{""fault_code"": ""0"", ""cycles"": ""76766"", ""bus_fault_reason"": """", ""period_us"": ""10059.102000"", ""max_abs_jitter_us"": ""35977.843000"", ""read_us"": ""45.492000"", ""write_us"": ""5.178000"", ""overruns"": ""78"", ""limited_commands"": ""2"", ""timing_dropped"": ""0""}"
9,b'\x00',can_mock,Active,"{""fault_code"": ""0"", ""cycles"": ""76776"", ""bus_fault_reason"": """", ""period_us"": ""10137.328000"", ""max_abs_jitter_us"": ""35977.843000"", ""read_us"": ""29.118000"", ""write_us"": ""2.385000"", ""overruns"": ""78"", ""limited_commands"": ""2"", ""timing_dropped"": ""0""}"
9,b'\x00',can_mock,Active,"{""fault_code"": ""0"", ""cycles"": ""76786"", ""bus_fault_reason"": """", ""period_us"": ""9960.891000"", ""max_abs_jitter_us"": ""35977.843000"", ""read_us"": ""5.934000"", ""write_us"": ""2.704000"", ""overruns"": ""78"", ""limited_commands"": ""2"", ""timing_dropped"": ""0""}"
9,b'\x00',can_mock,Active,"{""fault_code"": ""0"", ""cycles"": ""76796"", ""bus_fault_reason"": """", ""period_us"": ""9784.722000"", ""max_abs_jitter_us"": ""35977.843000"", ""read_us"": ""6.256000"", ""write_us"": ""7.800000"", ""overruns"": ""78"", ""limited_commands"": ""2"", ""timing_dropped"": ""0""}"
10,b'\x00',can_mock,Active,"{""fault_code"": ""0"", ""cycles"": ""76806"", ""bus_fault_reason"": """", ""period_us"": ""10950.584000"", ""max_abs_jitter_us"": ""35977.843000"", ""read_us"": ""6.515000"", ""write_us"": ""3.844000"", ""overruns"": ""78"", ""limited_commands"": ""2"", ""timing_dropped"": ""0""}"
10,b'\x00',can_mock,Active,"{""fault_code"": ""0"", ""cycles"": ""76816"", ""bus_fault_reason"": """", ""period_us"": ""9977.958000"", ""max_abs_jitter_us"": ""35977.843000"", ""read_us"": ""5.160000"", ""write_us"": ""3.669000"", ""overruns"": ""78"", ""limited_commands"": ""2"", ""timing_dropped"": ""0""}"
10,b'\x00',can_mock,Active,"{""fault_code"": ""0"", ""cycles"": ""76826"", ""bus_fault_reason"": """", ""period_us"": ""10613.411000"", ""max_abs_jitter_us"": ""35977.843000"", ""read_us"": ""3.804000"", ""write_us"": ""1.735000"", ""overruns"": ""78"", ""limited_commands"": ""2"", ""timing_dropped"": ""0""}"
10,b'\x00',can_mock,Active,"{""fault_code"": ""0"", ""cycles"": ""76836"", ""bus_fault_reason"": """", ""period_us"": ""11766.641000"", ""max_abs_jitter_us"": ""35977.843000"", ""read_us"": ""5.993000"", ""write_us"": ""3.566000"", ""overruns"": ""78"", ""limited_commands"": ""2"", ""timing_dropped"": ""0""}"
10,b'\x00',can_mock,Active,"{""fault_code"": ""0"", ""cycles"": ""76846"", ""bus_fault_reason"": """", ""period_us"": ""10630.018000"", ""max_abs_jitter_us"": ""35977.843000"", ""read_us"": ""18.750000"", ""write_us"": ""5.377000"", ""overruns"": ""78"", ""limited_commands"": ""2"", ""timing_dropped"": ""0""}"
10,b'\x00',can_mock,Active,"{""fault_code"": ""0"", ""cycles"": ""76856"", ""bus_fault_reason"": """", ""period_us"": ""10168.883000"", ""max_abs_jitter_us"": ""35977.843000"", ""read_us"": ""4.149000"", ""write_us"": ""3.222000"", ""overruns"": ""78"", ""limited_commands"": ""2"", ""timing_dropped"": ""0""}"
10,b'\x00',can_mock,Active,"{""fault_code"": ""0"", ""cycles"": ""76866"", ""bus_fault_reason"": """", ""period_us"": ""10194.559000"", ""max_abs_jitter_us"": ""35977.843000"", ""read_us"": ""18.738000"", ""write_us"": ""2.688000"", ""overruns"": ""78"", ""limited_commands"": ""2"", ""timing_dropped"": ""0""}"
10,b'\x00',can_mock,Active,"{""fault_code"": ""0"", ""cycles"": ""76876"", ""bus_fault_reason"": """", ""period_us"": ""10014.954000"", ""max_abs_jitter_us"": ""35977.843000"", ""read_us"": ""25.491000"", ""write_us"": ""2.304000"", ""overruns"": ""78"", ""limited_commands"": ""2"", ""timing_dropped"": ""0""}"
10,b'\x00',can_mock,Active,"{""fault_code"": ""0"", ""cycles"": ""76886"", ""bus_fault_reason"": """", ""period_us"": ""10019.002000"", ""max_abs_jitter_us"": ""35977.843000"", ""read_us"": ""7.906000"", ""write_us"": ""3.431000"", ""overruns"": ""78"", ""limited_commands"": ""2"", ""timing_dropped"": ""0""}"
10,b'\x00',can_mock,Active,"{""fault_code"": ""0"", ""cycles"": ""76896"", ""bus_fault_reason"": """", ""period_us"": ""9796.381000"", ""max_abs_jitter_us"": ""35977.843000"", ""read_us"": ""5.752000"", ""write_us"": ""4.331000"", ""overruns"": ""78"", ""limited_commands"": ""2"", ""timing_dropped"": ""0""}"
10,b'\x00',can_mock,Active,"{""fault_code"": ""0"", ""cycles"": ""76906"", ""bus_fault_reason"": """", ""period_us"": ""10081.712000"", ""max_abs_jitter_us"": ""35977.843000"", ""read_us"": ""7.039000"", ""write_us"": ""1.750000"", ""overruns"": ""78"", ""limited_commands"": ""2"", ""timing_dropped"": ""0""}"
10,b'\x00',can_mock,Active,"{""fault_code"": ""0"", ""cycles"": ""76916"", ""bus_fault_reason"": """", ""period_us"": ""10132.369000"", ""max_abs_jitter_us"": ""35977.843000"", ""read_us"": ""6.693000"", ""write_us"": ""3.302000"", ""overruns"": ""78"", ""limited_commands"": ""2"", ""timing_dropped"": ""0""}"
10,b'\x00',can_mock,Active,"{""fault_code"": ""0"", ""cycles"": ""76926"", ""bus_fault_reason"": """", ""period_us"": ""9830.458000"", ""max_abs_jitter_us"": ""35977.843000"", ""read_us"": ""4.327000"", ""write_us"": ""1.875000"", ""overruns"": ""78"", ""limited_commands"": ""2"", ""timing_dropped"": ""0""}"
10,b'\x00',can_mock,Active,"{""fault_code"": ""0"", ""cycles"": ""76936"", ""bus_fault_reason"": """", ""period_us"": ""10007.043000"", ""max_abs_jitter_us"": ""35977.843000"", ""read_us"": ""5.199000"", ""write_us"": ""2.910000"", ""overruns"": ""78"", ""limited_commands"": ""2"", ""timing_dropped"": ""0""}"
10,b'\x00',can_mock,Active,"{""fault_code"": ""0"", ""cycles"": ""76946"", ""bus_fault_reason"": """", ""period_us"": ""11302.951000"", ""max_abs_jitter_us"": ""35977.843000"", ""read_us"": ""4.865000"", ""write_us"": ""3.979000"", ""overruns"": ""78"", ""limited_commands"": ""2"", ""timing_dropped"": ""0""}"
10,b'\x00',can_mock,Active,"{""fault_code"": ""0"", ""cycles"": ""76956"", ""bus_fault_reason"": """", ""period_us"": ""9699.423000"", ""max_abs_jitter_us"": ""35977.843000"", ""read_us"": ""4.799000"", ""write_us"": ""2.262000"", ""overruns"": ""78"", ""limited_commands"": ""2"", ""timing_dropped"": ""0""}"
10,b'\x00',can_mock,Active,"{""fault_code"": ""0"", ""cycles"": ""76966"", ""bus_fault_reason"": """", ""period_us"": ""9983.817000"", ""max_abs_jitter_us"": ""35977.843000"", ""read_us"": ""9.790000"", ""write_us"": ""3.333000"", ""overruns"": ""78"", ""limited_commands"": ""2"", ""timing_dropped"": ""0""}"
10,b'\x00',can_mock,Active,"{""fault_code"": ""0"", ""cycles"": ""76976"", ""bus_fault_reason"": """", ""period_us"": ""10006.356000"", ""max_abs_jitter_us"": ""35977.843000"", ""read_us"": ""4.154000"", ""write_us"": ""7.076000"", ""overruns"": ""78"", ""limited_commands"": ""2"", ""timing_dropped"": ""0""}"
10,b'\x00',can_mock,Active,"{""fault_code"": ""0"", ""cycles"": ""76986"", ""bus_fault_reason"": """", ""period_us"": ""9723.470000"", ""max_abs_jitter_us"": ""35977.843000"", ""read_us"": ""4.287000"", ""write_us"": ""2.339000"", ""overruns"": ""78"", ""limited_commands"": ""2"", ""timing_dropped"": ""0""}"
10,b'\x00',can_mock,Active,"{""fault_code"": ""0"", ""cycles"": ""76996"", ""bus_fault_reason"": """", ""period_us"": ""12994.009000"", ""max_abs_jitter_us"": ""35977.843000"", ""read_us"": ""4.430000"", ""write_us"": ""1.983000"", ""overruns"": ""78"", ""limited_commands"": ""2"", ""timing_dropped"": ""0""}"
10,b'\x00',can_mock,Active,"{""fault_code"": ""0"", ""cycles"": ""77006"", ""bus_fault_reason"": """", ""period_us"": ""9961.111000"", ""max_abs_jitter_us"": ""35977.843000"", ""read_us"": ""6.641000"", ""write_us"": ""5.972000"", ""overruns"": ""78"", ""limited_commands"": ""2"", ""timing_dropped"": ""0""}"
10,b'\x00',can_mock,Active,"{""fault_code"": ""0"", ""cycles"": ""77016"", ""bus_fault_reason"": """", ""period_us"": ""11076.630000"", ""max_abs_jitter_us"": ""35977.843000"", ""read_us"": ""6.645000"", ""write_us"": ""6.933000"", ""overruns"": ""78"", ""limited_commands"": ""2"", ""timing_dropped"": ""0""}"
10,b'\x00',can_mock,Active,"{""fault_code"": ""0"", ""cycles"": ""77026"", ""bus_fault_reason"": """", ""period_us"": ""9874.474000"", ""max_abs_jitter_us"": ""35977.843000"", ""read_us"": ""4.370000"", ""write_us"": ""2.308000"", ""overruns"": ""78"", ""limited_commands"": ""2"", ""timing_dropped"": ""0""}"
10,b'\x00',can_mock,Active,"{""fault_code"": ""0"", ""cycles"": ""77036"", ""bus_fault_reason"": """", ""period_us"": ""9812.794000"", ""max_abs_jitter_us"": ""35977.843000"", ""read_us"": ""8.798000"", ""write_us"": ""4.510000"", ""overruns"": ""78"", ""limited_commands"": ""2"", ""timing_dropped"": ""0""}"
10,b'\x00',can_mock,Active,"{""fault_code"": ""0"", ""cycles"": ""77046"", ""bus_fault_reason"": """", ""period_us"": ""10327.021000"", ""max_abs_jitter_us"": ""35977.843000"", ""read_us"": ""5.253000"", ""write_us"": ""3.685000"", ""overruns"": ""78"", ""limited_commands"": ""2"", ""timing_dropped"": ""0""}"
10,b'\x00',can_mock,Active,"{""fault_code"": ""0"", ""cycles"": ""77056"", ""bus_fault_reason"": """", ""period_us"": ""8940.309000"", ""max_abs_jitter_us"": ""35977.843000"", ""read_us"": ""6.870000"", ""write_us"": ""5.364000"", ""overruns"": ""78"", ""limited_commands"": ""2"", ""timing_dropped"": ""0""}"
10,b'\x00',can_mock,Active,"{""fault_code"": ""0"", ""cycles"": ""77066"", ""bus_fault_reason"": """", ""period_us"": ""10072.905000"", ""max_abs_jitter_us"": ""35977.843000"", ""read_us"": ""5.390000"", ""write_us"": ""2.591000"", ""overruns"": ""78"", ""limited_commands"": ""2"", ""timing_dropped"": ""0""}"
10,b'\x00',can_mock,Active,"{""fault_code"": ""0"", ""cycles"": ""77076"", ""bus_fault_reason"": """", ""period_us"": ""9994.173000"", ""max_abs_jitter_us"": ""35977.843000"", ""read_us"": ""5.822000"", ""write_us"": ""2.749000"", ""overruns"": ""78"", ""limited_commands"": ""2"", ""timing_dropped"": ""0""}"
10,b'\x00',can_mock,Active,"{""fault_code"": ""0"", ""cycles"": ""77086"", ""bus_fault_reason"": """", ""period_us"": ""9941.152000"", ""max_abs_jitter_us"": ""35977.843000"", ""read_us"": ""4.410000"", ""write_us"": ""2.609000"", ""overruns"": ""78"", ""limited_commands"": ""2"", ""timing_dropped"": ""0""}"
10,b'\x00',can_mock,Active,"{""fault_code"": ""0"", ""cycles"": ""77096"", ""bus_fault_reason"": """", ""period_us"": ""9638.994000"", ""max_abs_jitter_us"": ""35977.843000"", ""read_us"": ""5.422000"", ""write_us"": ""3.677000"", ""overruns"": ""78"", ""limited_commands"": ""2"", ""timing_dropped"": ""0""}"
10,b'\x00',can_mock,Active,"{""fault_code"": ""0"", ""cycles"": ""77106"", ""bus_fault_reason"": """", ""period_us"": ""10208.741000"", ""max_abs_jitter_us"": ""35977.843000"", ""read_us"": ""6.956000"", ""write_us"": ""10.898000"", ""overruns"": ""78"", ""limited_commands"": ""2"", ""timing_dropped"": ""0""}"
10,b'\x00',can_mock,Active,"{""fault_code"": ""0"", ""cycles"": ""77116"", ""bus_fault_reason"": """", ""period_us"": ""10065.080000"", ""max_abs_jitter_us"": ""35977.843000"", ""read_us"": ""5.423000"", ""write_us"": ""6.672000"", ""overruns"": ""78"", ""limited_commands"": ""2"", ""timing_dropped"": ""0""}"
10,b'\x00',can_mock,Active,"{""fault_code"": ""0"", ""cycles"": ""77126"", ""bus_fault_reason"": """", ""period_us"": ""10040.291000"", ""max_abs_jitter_us"": ""35977.843000"", ""read_us"": ""5.247000"", ""write_us"": ""3.861000"", ""overruns"": ""78"", ""limited_commands"": ""2"", ""timing_dropped"": ""0""}"
10,b'\x00',can_mock,Active,"{""fault_code"": ""0"", ""cycles"": ""77136"", ""bus_fault_reason"": """", ""period_us"": ""10015.886000"", ""max_abs_jitter_us"": ""35977.843000"", ""read_us"": ""3.923000"", ""write_us"": ""3.683000"", ""overruns"": ""78"", ""limited_commands"": ""2"", ""timing_dropped"": ""0""}"
10,b'\x00',can_mock,Active,"{""fault_code"": ""0"", ""cycles"": ""77146"", ""bus_fault_reason"": """", ""period_us"": ""9708.716000"", ""max_abs_jitter_us"": ""35977.843000"", ""read_us"": ""6.049000"", ""write_us"": ""3.859000"", ""overruns"": ""78"", ""limited_commands"": ""2"", ""timing_dropped"": ""0""}"
10,b'\x00',can_mock,Active,"{""fault_code"": ""0"", ""cycles"": ""77156"", ""bus_fault_reason"": """", ""period_us"": ""9943.145000"", ""max_abs_jitter_us"": ""35977.843000"", ""read_us"": ""8.708000"", ""write_us"": ""5.673000"", ""overruns"": ""78"", ""limited_commands"": ""2"", ""timing_dropped"": ""0""}"
10,b'\x00',can_mock,Active,"{""fault_code"": ""0"", ""cycles"": ""77166"", ""bus_fault_reason"": """", ""period_us"": ""10112.708000"", ""max_abs_jitter_us"": ""35977.843000"", ""read_us"": ""44.615000"", ""write_us"": ""2.538000"", ""overruns"": ""78"", ""limited_commands"": ""2"", ""timing_dropped"": ""0""}"
10,b'\x00',can_mock,Active,"{""fault_code"": ""0"", ""cycles"": ""77176"", ""bus_fault_reason"": """", ""period_us"": ""10013.282000"", ""max_abs_jitter_us"": ""35977.843000"", ""read_us"": ""4.220000"", ""write_us"": ""384.889000"", ""overruns"": ""78"", ""limited_commands"": ""2"", ""timing_dropped"": ""0""}"
10,b'\x00',can_mock,Active,"{""fault_code"": ""0"", ""cycles"": ""77186"", ""bus_fault_reason"": """", ""period_us"": ""9993.639000"", ""max_abs_jitter_us"": ""35977.843000"", ""read_us"": ""3.675000"", ""write_us"": ""2.564000"", ""overruns"": ""78"", ""limited_commands"": ""2"", ""timing_dropped"": ""0""}"
10,b'\x00',can_mock,Active,"{""fault_code"": ""0"", ""cycles"": ""77196"", ""bus_fault_reason"": """", ""period_us"": ""10027.262000"", ""max_abs_jitter_us"": ""35977.843000"", ""read_us"": ""19.517000"", ""write_us"": ""787.900000"", ""overruns"": ""78"", ""limited_commands"": ""2"", ""timing_dropped"": ""0""}"
10,b'\x00',can_mock,Active,"{""fault_code"": ""0"", ""cycles"": ""77206"", ""bus_fault_reason"": """", ""period_us"": ""9954.659000"", ""max_abs_jitter_us"": ""35977.843000"", ""read_us"": ""5.274000"", ""write_us"": ""2.617000"", ""overruns"": ""78"", ""limited_commands"": ""2"", ""timing_dropped"": ""0""}"
10,b'\x00',can_mock,Active,"{""fault_code"": ""0"", ""cycles"": ""77216"", ""bus_fault_reason"": """", ""period_us"": ""9998.079000"", ""max_abs_jitter_us"": ""35977.843000"", ""read_us"": ""3.804000"", ""write_us"": ""2.661000"", ""overruns"": ""78"", ""limited_commands"": ""2"", ""timing_dropped"": ""0""}"
10,b'\x00',can_mock,Active,"{""fault_code"": ""0"", ""cycles"": ""77226"", ""bus_fault_reason"": """", ""period_us"": ""9986.242000"", ""max_abs_jitter_us"": ""35977.843000"", ""read_us"": ""4.555000"", ""write_us"": ""1.783000"", ""overruns"": ""78"", ""limited_commands"": ""2"", ""timing_dropped"": ""0""}"
10,b'\x00',can_mock,Active,"{""fault_code"": ""0"", ""cycles"": ""77236"", ""bus_fault_reason"": """", ""period_us"": ""10170.901000"", ""max_abs_jitter_us"": ""35977.843000"", ""read_us"": ""18.849000"", ""write_us"": ""6.943000"", ""overruns"": ""78"", ""limited_commands"": ""2"", ""timing_dropped"": ""0""}"
10,b'\x00',can_mock,Active,"{""fault_code"": ""0"", ""cycles"": ""77243"", ""bus_fault_reason"": """", ""period_us"": ""7977.764000"", ""max_abs_jitter_us"": ""35977.843000"", ""read_us"": ""7.509000"", ""write_us"": ""17.753000"", ""overruns"": ""79"", ""limited_commands"": ""2"", ""timing_dropped"": ""0""}"
10,b'\x00',can_mock,Active,"{""fault_code"": ""0"", ""cycles"": ""77253"", ""bus_fault_reason"": """", ""period_us"": ""9993.676000"", ""max_abs_jitter_us"": ""35977.843000"", ""read_us"": ""4.277000"", ""write_us"": ""2.427000"", ""overruns"": ""79"", ""limited_commands"": ""2"", ""timing_dropped"": ""0""}"
10,b'\x00',can_mock,Active,"{""fault_code"": ""0"", ""cycles"": ""77263"", ""bus_fault_reason"": """", ""period_us"": ""8784.624000"", ""max_abs_jitter_us"": ""35977.843000"", ""read_us"": ""6.430000"", ""write_us"": ""10.083000"", ""overruns"": ""79"", ""limited_commands"": ""2"", ""timing_dropped"": ""0""}"
10,b'\x00',can_mock,Active,"{""fault_code"": ""0"", ""cycles"": ""77273"", ""bus_fault_reason"": """", ""period_us"": ""10021.216000"", ""max_abs_jitter_us"": ""35977.843000"", ""read_us"": ""5.196000"", ""write_us"": ""3.072000"", ""overruns"": ""79"", ""limited_commands"": ""2"", ""timing_dropped"": ""0""}"
10,b'\x00',can_mock,Active,"{""fault_code"": ""0"", ""cycles"": ""77283"", ""bus_fault_reason"": """", ""period_us"": ""9943.980000"", ""max_abs_jitter_us"": ""35977.843000"", ""read_us"": ""3.863000"", ""write_us"": ""4.778000"", ""overruns"": ""79"", ""limited_commands"": ""2"", ""timing_dropped"": ""0""}"
10,b'\x00',can_mock,Active,"{""fault_code"": ""0"", ""cycles"": ""77293"", ""bus_fault_reason"": """", ""period_us"": ""10020.820000"", ""max_abs_jitter_us"": ""35977.843000"", ""read_us"": ""4.893000"", ""write_us"": ""2.619000"", ""overruns"": ""79"", ""limited_commands"": ""2"", ""timing_dropped"": ""0""}"
10,b'\x00',can_mock,Active,"{""fault_code"": ""0"", ""cycles"": ""77303"", ""bus_fault_reason"": """", ""period_us"": ""10621.669000"", ""max_abs_jitter_us"": ""35977.843000"", ""read_us"": ""7.489000"", ""write_us"": ""4.783000"", ""overruns"": ""79"", ""limited_commands"": ""2"", ""timing_dropped"": ""0""}"
10,b'\x00',can_mock,Active,"{""fault_code"": ""0"", ""cycles"": ""77313"", ""bus_fault_reason"": """", ""period_us"": ""10274.556000"", ""max_abs_jitter_us"": ""35977.843000"", ""read_us"": ""7.302000"", ""write_us"": ""6.211000"", ""overruns"": ""79"", ""limited_commands"": ""2"", ""timing_dropped"": ""0""}"
10,b'\x00',can_mock,Active,"{""fault_code"": ""0"", ""cycles"": ""77323"", ""bus_fault_reason"": """", ""period_us"": ""9873.305000"", ""max_abs_jitter_us"": ""35977.843000"", ""read_us"": ""30.201000"", ""write_us"": ""8.070000"", ""overruns"": ""79"", ""limited_commands"": ""2"", ""timing_dropped"": ""0""}"
10,b'\x00',can_mock,Active,"{""fault_code"": ""0"", ""cycles"": ""77333"", ""bus_fault_reason"": """", ""period_us"": ""10498.839000"", ""max_abs_jitter_us"": ""35977.843000"", ""read_us"": ""4.754000"", ""write_us"": ""3.290000"", ""overruns"": ""79"", ""limited_commands"": ""2"", ""timing_dropped"": ""0""}"
10,b'\x00',can_mock,Active,"{""fault_code"": ""0"", ""cycles"": ""77343"", ""bus_fault_reason"": """", ""period_us"": ""10052.287000"", ""max_abs_jitter_us"": ""35977.843000"", ""read_us"": ""5.753000"", ""write_us"": ""2.696000"", ""overruns"": ""79"", ""limited_commands"": ""2"", ""timing_dropped"": ""0""}"
10,b'\x00',can_mock,Active,"{""fault_code"": ""0"", ""cycles"": ""77353"", ""bus_fault_reason"": """", ""period_us"": ""9590.947000"", ""max_abs_jitter_us"": ""35977.843000"", ""read_us"": ""7.925000"", ""write_us"": ""4.997000"", ""overruns"": ""79"", ""limited_commands"": ""2"", ""timing_dropped"": ""0""}"
10,b'\x00',can_mock,Active,"{""fault_code"": ""0"", ""cycles"": ""77363"", ""bus_fault_reason"": """", ""period_us"": ""9956.944000"", ""max_abs_jitter_us"": ""35977.843000"", ""read_us"": ""8.192000"", ""write_us"": ""6.195000"", ""overruns"": ""79"", ""limited_commands"": ""2"", ""timing_dropped"": ""0""}"
10,b'\x00',can_mock,Active,"{""fault_code"": ""0"", ""cycles"": ""77373"", ""bus_fault_reason"": """", ""period_us"": ""9977.305000"", ""max_abs_jitter_us"": ""35977.843000"", ""read_us"": ""6.449000"", ""write_us"": ""3.796000"", ""overruns"": ""79"", ""limited_commands"": ""2"", ""timing_dropped"": ""0""}"
10,b'\x00',can_mock,Active,"{""fault_code"": ""0"", ""cycles"": ""77383"", ""bus_fault_reason"": """", ""period_us"": ""10125.230000"", ""max_abs_jitter_us"": ""35977.843000"", ""read_us"": ""34.242000"", ""write_us"": ""3.299000"", ""overruns"": ""79"", ""limited_commands"": ""2"", ""timing_dropped"": ""0""}"
10,b'\x00',can_mock,Active,"{""fault_code"": ""0"", ""cycles"": ""77393"", ""bus_fault_reason"": """", ""period_us"": ""10032.755000"", ""max_abs_jitter_us"": ""35977.843000"", ""read_us"": ""5.879000"", ""write_us"": ""4.711000"", ""overruns"": ""79"", ""limited_commands"": ""2"", ""timing_dropped"": ""0""}"
10,b'\x00',can_mock,Active,"{""fault_code"": ""0"", ""cycles"": ""77403"", ""bus_fault_reason"": """", ""period_us"": ""9838.533000"", ""max_abs_jitter_us"": ""35977.843000"", ""read_us"": ""59.196000"", ""write_us"": ""3.578000"", ""overruns"": ""79"", ""limited_commands"": ""2"", ""timing_dropped"": ""0""}"
10,b'\x00',can_mock,Active,"{""fault_code"": ""0"", ""cycles"": ""77413"", ""bus_fault_reason"": """", ""period_us"": ""7637.269000"", ""max_abs_jitter_us"": ""35977.843000"", ""read_us"": ""4.395000"", ""write_us"": ""1.572000"", ""overruns"": ""79"", ""limited_commands"": ""2"", ""timing_dropped"": ""0""}"
10,b'\x00',can_mock,Active,"{""fault_code"": ""0"", ""cycles"": ""77423"", ""bus_fault_reason"": """", ""period_us"": ""10010.884000"", ""max_abs_jitter_us"": ""35977.843000"", ""read_us"": ""3.903000"", ""write_us"": ""2.038000"", ""overruns"": ""79"", ""limited_commands"": ""2"", ""timing_dropped"": ""0""}"
10,b'\x00',can_mock,Active,"{""fault_code"": ""0"", ""cycles"": ""77433"", ""bus_fault_reason"": """", ""period_us"": ""9980.042000"", ""max_abs_jitter_us"": ""35977.843000"", ""read_us"": ""5.834000"", ""write_us"": ""2.688000"", ""overruns"": ""79"", ""limited_commands"": ""2"", ""timing_dropped"": ""0""}"
10,b'\x00',can_mock,Active,"{""fault_code"": ""0"", ""cycles"": ""77443"", ""bus_fault_reason"": """", ""period_us"": ""9891.097000"", ""max_abs_jitter_us"": ""35977.843000"", ""read_us"": ""4.637000"", ""write_us"": ""7.693000"", ""overruns"": ""79"", ""limited_commands"": ""2"", ""timing_dropped"": ""0""}"
10,b'\x00',can_mock,Active,"{""fault_code"": ""0"", ""cycles"": ""77453"", ""bus_fault_reason"": """", ""period_us"": ""9095.573000"", ""max_abs_jitter_us"": ""35977.843000"", ""read_us"": ""4.498000"", ""write_us"": ""2.673000"", ""overruns"": ""79"", ""limited_commands"": ""2"", ""timing_dropped"": ""0""}"
10,b'\x00',can_mock,Active,"{""fault_code"": ""0"", ""cycles"": ""77463"", ""bus_fault_reason"": """", ""period_us"": ""9826.184000"", ""max_abs_jitter_us"": ""35977.843000"", ""read_us"": ""3.819000"", ""write_us"": ""8.144000"", ""overruns"": ""79"", ""limited_commands"": ""2"", ""timing_dropped"": ""0""}"
10,b'\x00',can_mock,Active,"{""fault_code"": ""0"", ""cycles"": ""77473"", ""bus_fault_reason"": """", ""period_us"": ""10025.483000"", ""max_abs_jitter_us"": ""35977.843000"", ""read_us"": ""5.400000"", ""write_us"": ""2.873000"", ""overruns"": ""79"", ""limited_commands"": ""2"", ""timing_dropped"": ""0""}"
10,b'\x00',can_mock,Active,"{""fault_code"": ""0"", ""cycles"": ""77483"", ""bus_fault_reason"": """", ""period_us"": ""10091.723000"", ""max_abs_jitter_us"": ""35977.843000"", ""read_us"": ""10.289000"", ""write_us"": ""6.143000"", ""overruns"": ""79"", ""limited_commands"": ""2"", ""timing_dropped"": ""0""}"
10,b'\x00',can_mock,Active,"{""fault_code"": ""0"", ""cycles"": ""77493"", ""bus_fault_reason"": """", ""period_us"": ""9833.879000"", ""max_abs_jitter_us"": ""35977.843000"", ""read_us"": ""4.137000"", ""write_us"": ""3.909000"", ""overruns"": ""79"", ""limited_commands"": ""2"", ""timing_dropped"": ""0""}"
10,b'\x00',can_mock,Active,"{""fault_code"": ""0"", ""cycles"": ""77503"", ""bus_fault_reason"": """", ""period_us"": ""10009.229000"", ""max_abs_jitter_us"": ""35977.843000"", ""read_us"": ""17.354000"", ""write_us"": ""7.085000"", ""overruns"": ""79"", ""limited_commands"": ""2"", ""timing_dropped"": ""0""}"
10,b'\x00',can_mock,Active,"{""fault_code"": ""0"", ""cycles"": ""77513"", ""bus_fault_reason"": """", ""period_us"": ""9990.859000"", ""max_abs_jitter_us"": ""35977.843000"", ""read_us"": ""5.522000"", ""write_us"": ""2.277000"", ""overruns"": ""79"", ""limited_commands"": ""2"", ""timing_dropped"": ""0""}"
10,b'\x00',can_mock,Active,"{""fault_code"": ""0"", ""cycles"": ""77523"", ""bus_fault_reason"": """", ""period_us"": ""10064.443000"", ""max_abs_jitter_us"": ""35977.843000"", ""read_us"": ""6.497000"", ""write_us"": ""11.826000"", ""overruns"": ""79"", ""limited_commands"": ""2"", ""timing_dropped"": ""0""}"
10,b'\x00',can_mock,Active,"{""fault_code"": ""0"", ""cycles"": ""77533"", ""bus_fault_reason"": """", ""period_us"": ""9861.998000"", ""max_abs_jitter_us"": ""35977.843000"", ""read_us"": ""8.769000"", ""write_us"": ""3.881000"", ""overruns"": ""79"", ""limited_commands"": ""2"", ""timing_dropped"": ""0""}"
10,b'\x00',can_mock,Active,"{""fault_code"": ""0"", ""cycles"": ""77543"", ""bus_fault_reason"": """", ""period_us"": ""9844.910000"", ""max_abs_jitter_us"": ""35977.843000"", ""read_us"": ""8.285000"", ""write_us"": ""4.636000"", ""overruns"": ""79"", ""limited_commands"": ""2"", ""timing_dropped"": ""0""}"
10,b'\x00',can_mock,Active,"{""fault_code"": ""0"", ""cycles"": ""77553"", ""bus_fault_reason"": """", ""period_us"": ""10060.197000"", ""max_abs_jitter_us"": ""35977.843000"", ""read_us"": ""6.104000"", ""write_us"": ""2.923000"", ""overruns"": ""79"", ""limited_commands"": ""2"", ""timing_dropped"": ""0""}"
10,b'\x00',can_mock,Active,"{""fault_code"": ""0"", ""cycles"": ""77563"", ""bus_fault_reason"": """", ""period_us"": ""10041.740000"", ""max_abs_jitter_us"": ""35977.843000"", ""read_us"": ""49.447000"", ""write_us"": ""12.671000"", ""overruns"": ""79"", ""limited_commands"": ""2"", ""timing_dropped"": ""0""}"
10,b'\x00',can_mock,Active,"{""fault_code"": ""0"", ""cycles"": ""77573"", ""bus_fault_reason"": """", ""period_us"": ""9953.321000"", ""max_abs_jitter_us"": ""35977.843000"", ""read_us"": ""4.505000"", ""write_us"": ""4.361000"", ""overruns"": ""79"", ""limited_commands"": ""2"", ""timing_dropped"": ""0""}"
10,b'\x00',can_mock,Active,"{""fault_code"": ""0"", ""cycles"": ""77583"", ""bus_fault_reason"": """", ""period_us"": ""9945.841000"", ""max_abs_jitter_us"": ""35977.843000"", ""read_us"": ""7.241000"", ""write_us"": ""5.383000"", ""overruns"": ""79"", ""limited_commands"": ""2"", ""timing_dropped"": ""0""}"
10,b'\x00',can_mock,Active,"{""fault_code"": ""0"", ""cycles"": ""77593"", ""bus_fault_reason"": """", ""period_us"": ""9993.361000"", ""max_abs_jitter_us"": ""35977.843000"", ""read_us"": ""5.132000"", ""write_us"": ""5.240000"", ""overruns"": ""79"", ""limited_commands"": ""2"", ""timing_dropped"": ""0""}"
10,b'\x00',can_mock,Active,"{""fault_code"": ""0"", ""cycles"": ""77603"", ""bus_fault_reason"": """", ""period_us"": ""9972.331000"", ""max_abs_jitter_us"": ""35977.843000"", ""read_us"": ""5.222000"", ""write_us"": ""2.554000"", ""overruns"": ""79"", ""limited_commands"": ""2"", ""timing_dropped"": ""0""}"
10,b'\x00',can_mock,Active,"{""fault_code"": ""0"", ""cycles"": ""77613"", ""bus_fault_reason"": """", ""period_us"": ""10034.160000"", ""max_abs_jitter_us"": ""35977.843000"", ""read_us"": ""37.306000"", ""write_us"": ""3.132000"", ""overruns"": ""79"", ""limited_commands"": ""2"", ""timing_dropped"": ""0""}"
10,b'\x00',can_mock,Active,"{""fault_code"": ""0"", ""cycles"": ""77623"", ""bus_fault_reason"": """", ""period_us"": ""12654.763000"", ""max_abs_jitter_us"": ""35977.843000"", ""read_us"": ""5.406000"", ""write_us"": ""2.673000"", ""overruns"": ""79"", ""limited_commands"": ""2"", ""timing_dropped"": ""0""}"
10,b'\x00',can_mock,Active,"{""fault_code"": ""0"", ""cycles"": ""77633"", ""bus_fault_reason"": """", ""period_us"": ""10040.503000"", ""max_abs_jitter_us"": ""35977.843000"", ""read_us"": ""12.509000"", ""write_us"": ""6.487000"", ""overruns"": ""79"", ""limited_commands"": ""2"", ""timing_dropped"": ""0""}"
10,b'\x00',can_mock,Active,"{""fault_code"": ""0"", ""cycles"": ""77643"", ""bus_fault_reason"": """", ""period_us"": ""10029.417000"", ""max_abs_jitter_us"": ""35977.843000"", ""read_us"": ""5.765000"", ""write_us"": ""2.979000"", ""overruns"": ""79"", ""limited_commands"": ""2"", ""timing_dropped"": ""0""}"
10,b'\x00',can_mock,Active,"{""fault_code"": ""0"", ""cycles"": ""77653"", ""bus_fault_reason"": """", ""period_us"": ""8944.717000"", ""max_abs_jitter_us"": ""35977.843000"", ""read_us"": ""6.971000"", ""write_us"": ""4.765000"", ""overruns"": ""79"", ""limited_commands"": ""2"", ""timing_dropped"": ""0""}"
10,b'\x00',can_mock,Active,"{""fault_code"": ""0"", ""cycles"": ""77663"", ""bus_fault_reason"": """", ""period_us"": ""9605.877000"", ""max_abs_jitter_us"": ""35977.843000"", ""read_us"": ""6.355000"", ""write_us"": ""4.191000"", ""overruns"": ""79"", ""limited_commands"": ""2"", ""timing_dropped"": ""0""}"
10,b'\x00',can_mock,Active,"{""fault_code"": ""0"", ""cycles"": ""77673"", ""bus_fault_reason"": """", ""period_us"": ""10101.645000"", ""max_abs_jitter_us"": ""35977.843000"", ""read_us"": ""5.968000"", ""write_us"": ""2.042000"", ""overruns"": ""79"", ""limited_commands"": ""2"", ""timing_dropped"": ""0""}"
10,b'\x00',can_mock,Active,"{""fault_code"": ""0"", ""cycles"": ""77683"", ""bus_fault_reason"": """", ""period_us"": ""9981.366000"", ""max_abs_jitter_us"": ""35977.843000"", ""read_us"": ""5.454000"", ""write_us"": ""4.902000"", ""overruns"": ""79"", ""limited_commands"": ""2"", ""timing_dropped"": ""0""}"
10,b'\x00',can_mock,Active,"{""fault_code"": ""0"", ""cycles"": ""77693"", ""bus_fault_reason"": """", ""period_us"": ""9918.402000"", ""max_abs_jitter_us"": ""35977.843000"", ""read_us"": ""4.264000"", ""write_us"": ""3.275000"", ""overruns"": ""79"", ""limited_commands"": ""2"", ""timing_dropped"": ""0""}"
10,b'\x00',can_mock,Active,"{""fault_code"": ""0"", ""cycles"": ""77703"", ""bus_fault_reason"": """", ""period_us"": ""9979.601000"", ""max_abs_jitter_us"": ""35977.843000"", ""read_us"": ""6.552000"", ""write_us"": ""3.329000"", ""overruns"": ""79"", ""limited_commands"": ""2"", ""timing_dropped"": ""0""}"
10,b'\x00',can_mock,Active,"{""fault_code"": ""0"", ""cycles"": ""77713"", ""bus_fault_reason"": """", ""period_us"": ""9505.038000"", ""max_abs_jitter_us"": ""35977.843000"", ""read_us"": ""4.706000"", ""write_us"": ""3.816000"", ""overruns"": ""79"", ""limited_commands"": ""2"", ""timing_dropped"": ""0""}"
10,b'\x00',can_mock,Active,"{""fault_code"": ""0"", ""cycles"": ""77723"", ""bus_fault_reason"": """", ""period_us"": ""9998.612000"", ""max_abs_jitter_us"": ""35977.843000"", ""read_us"": ""7.764000"", ""write_us"": ""11.911000"", ""overruns"": ""79"", ""limited_commands"": ""2"", ""timing_dropped"": ""0""}"
10,b'\x00',can_mock,Active,"{""fault_code"": ""0"", ""cycles"": ""77733"", ""bus_fault_reason"": """", ""period_us"": ""10074.007000"", ""max_abs_jitter_us"": ""35977.843000"", ""read_us"": ""8.297000"", ""write_us"": ""26.755000"", ""overruns"": ""79"", ""limited_commands"": ""2"", ""timing_dropped"": ""0""}"
10,b'\x00',can_mock,Active,"{""fault_code"": ""0"", ""cycles"": ""77743"", ""bus_fault_reason"": """", ""period_us"": ""10002.573000"", ""max_abs_jitter_us"": ""35977.843000"", ""read_us"": ""5.681000"", ""write_us"": ""23.876000"", ""overruns"": ""79"", ""limited_commands"": ""2"", ""timing_dropped"": ""0""}"
10,b'\x00',can_mock,Active,"{""fault_code"": ""0"", ""cycles"": ""77753"", ""bus_fault_reason"": """", ""period_us"": ""10305.383000"", ""max_abs_jitter_us"": ""35977.843000"", ""read_us"": ""6.029000"", ""write_us"": ""2.925000"", ""overruns"": ""79"", ""limited_commands"": ""2"", ""timing_dropped"": ""0""}"
10,b'\x00',can_mock,Active,"{""fault_code"": ""0"", ""cycles"": ""77763"", ""bus_fault_reason"": """", ""period_us"": ""9964.419000"", ""max_abs_jitter_us"": ""35977.843000"", ""read_us"": ""21.104000"", ""write_us"": ""7.944000"", ""overruns"": ""79"", ""limited_commands"": ""2"", ""timing_dropped"": ""0""}"
10,b'\x00',can_mock,Active,"{""fault_code"": ""0"", ""cycles"": ""77773"", ""bus_fault_reason"": """", ""period_us"": ""10020.570000"", ""max_abs_jitter_us"": ""35977.843000"", ""read_us"": ""4.887000"", ""write_us"": ""1.701000"", ""overruns"": ""79"", ""limited_commands"": ""2"", ""timing_dropped"": ""0""}"
10,b'\x00',can_mock,Active,"{""fault_code"": ""0"", ""cycles"": ""77783"", ""bus_fault_reason"": """", ""period_us"": ""9941.725000"", ""max_abs_jitter_us"": ""35977.843000"", ""read_us"": ""5.578000"", ""write_us"": ""4.556000"", ""overruns"": ""79"", ""limited_commands"": ""2"", ""timing_dropped"": ""0""}"
10,b'\x00',can_mock,Active,"{""fault_code"": ""0"", ""cycles"": ""77793"", ""bus_fault_reason"": """", ""period_us"": ""10551.292000"", ""max_abs_jitter_us"": ""35977.843000"", ""read_us"": ""14.472000"", ""write_us"": ""17.689000"", ""overruns"": ""79"", ""limited_commands"": ""2"", ""timing_dropped"": ""0""}"
10,b'\x00',can_mock,Active,"{""fault_code"": ""0"", ""cycles"": ""77803"", ""bus_fault_reason"": """", ""period_us"": ""9549.415000"", ""max_abs_jitter_us"": ""35977.843000"", ""read_us"": ""6.070000"", ""write_us"": ""4.136000"", ""overruns"": ""79"", ""limited_commands"": ""2"", ""timing_dropped"": ""0""}"
10,b'\x00',can_mock,Active,"{""fault_code"": ""0"", ""cycles"": ""77813"", ""bus_fault_reason"": """", ""period_us"": ""9515.745000"", ""max_abs_jitter_us"": ""35977.843000"", ""read_us"": ""6.928000"", ""write_us"": ""4.422000"", ""overruns"": ""79"", ""limited_commands"": ""2"", ""timing_dropped"": ""0""}"
10,b'\x00',can_mock,Active,"{""fault_code"": ""0"", ""cycles"": ""77823"", ""bus_fault_reason"": """", ""period_us"": ""9843.998000"", ""max_abs_jitter_us"": ""35977.843000"", ""read_us"": ""14.450000"", ""write_us"": ""9.481000"", ""overruns"": ""79"", ""limited_commands"": ""2"", ""timing_dropped"": ""0""}"
10,b'\x00',can_mock,Active,"{""fault_code"": ""0"", ""cycles"": ""77833"", ""bus_fault_reason"": """", ""period_us"": ""10258.588000"", ""max_abs_jitter_us"": ""35977.843000"", ""read_us"": ""23.873000"", ""write_us"": ""6.869000"", ""overruns"": ""79"", ""limited_commands"": ""2"", ""timing_dropped"": ""0""}"
10,b'\x00',can_mock,Active,"{""fault_code"": ""0"", ""cycles"": ""77843"", ""bus_fault_reason"": """", ""period_us"": ""10116.838000"", ""max_abs_jitter_us"": ""35977.843000"", ""read_us"": ""38.360000"", ""write_us"": ""4.992000"", ""overruns"": ""79"", ""limited_commands"": ""2"", ""timing_dropped"": ""0""}"
10,b'\x00',can_mock,Active,"{""fault_code"": ""0"", ""cycles"": ""77853"", ""bus_fault_reason"": """", ""period_us"": ""9446.180000"", ""max_abs_jitter_us"": ""35977.843000"", ""read_us"": ""8.415000"", ""write_us"": ""4.596000"", ""overruns"": ""79"", ""limited_commands"": ""2"", ""timing_dropped"": ""0""}"
10,b'\x00',can_mock,Active,"{""fault_code"": ""0"", ""cycles"": ""77863"", ""bus_fault_reason"": """", ""period_us"": ""9999.117000"", ""max_abs_jitter_us"": ""35977.843000"", ""read_us"": ""6.169000"", ""write_us"": ""1.614000"", ""overruns"": ""79"", ""limited_commands"": ""2"", ""timing_dropped"": ""0""}"
10,b'\x00',can_mock,Active,"{""fault_code"": ""0"", ""cycles"": ""77873"", ""bus_fault_reason"": """", ""period_us"": ""9708.710000"", ""max_abs_jitter_us"": ""35977.843000"", ""read_us"": ""6.243000"", ""write_us"": ""2.542000"", ""overruns"": ""79"", ""limited_commands"": ""2"", ""timing_dropped"": ""0""}"
10,b'\x00',can_mock,Active,"{""fault_code"": ""0"", ""cycles"": ""77883"", ""bus_fault_reason"": """", ""period_us"": ""9121.250000"", ""max_abs_jitter_us"": ""35977.843000"", ""read_us"": ""5.565000"", ""write_us"": ""2.343000"", ""overruns"": ""79"", ""limited_commands"": ""2"", ""timing_dropped"": ""0""}"
10,b'\x00',can_mock,Active,"{""fault_code"": ""0"", ""cycles"": ""77893"", ""bus_fault_reason"": """", ""period_us"": ""9998.914000"", ""max_abs_jitter_us"": ""35977.843000"", ""read_us"": ""5.813000"", ""write_us"": ""14.616000"", ""overruns"": ""79"", ""limited_commands"": ""2"", ""timing_dropped"": ""0""}"
10,b'\x00',can_mock,Active,"{""fault_code"": ""0"", ""cycles"": ""77903"", ""bus_fault_reason"": """", ""period_us"": ""9960.102000"", ""max_abs_jitter_us"": ""35977.843000"", ""read_us"": ""7.143000"", ""write_us"": ""3.854000"", ""overruns"": ""79"", ""limited_commands"": ""2"", ""timing_dropped"": ""0""}"
10,b'\x00',can_mock,Active,"{""fault_code"": ""0"", ""cycles"": ""77913"", ""bus_fault_reason"": """", ""period_us"": ""9786.243000"", ""max_abs_jitter_us"": ""35977.843000"", ""read_us"": ""5.752000"", ""write_us"": ""2.930000"", ""overruns"": ""79"", ""limited_commands"": ""2"", ""timing_dropped"": ""0""}"
10,b'\x00',can_mock,Active,"{""fault_code"": ""0"", ""cycles"": ""77923"", ""bus_fault_reason"": """", ""period_us"": ""10301.246000"", ""max_abs_jitter_us"": ""35977.843000"", ""read_us"": ""27.257000"", ""write_us"": ""4.281000"", ""overruns"": ""79"", ""limited_commands"": ""2"", ""timing_dropped"": ""0""}"
10,b'\x00',can_mock,Active,"{""fault_code"": ""0"", ""cycles"": ""77933"", ""bus_fault_reason"": """", ""period_us"": ""9214.085000"", ""max_abs_jitter_us"": ""35977.843000"", ""read_us"": ""15.700000"", ""write_us"": ""13.439000"", ""overruns"": ""79"", ""limited_commands"": ""2"", ""timing_dropped"": ""0""}"
10,b'\x00',can_mock,Active,"{""fault_code"": ""0"", ""cycles"": ""77943"", ""bus_fault_reason"": """", ""period_us"": ""10258.540000"", ""max_abs_jitter_us"": ""35977.843000"", ""read_us"": ""7.755000"", ""write_us"": ""5.148000"", ""overruns"": ""79"", ""limited_commands"": ""2"", ""timing_dropped"": ""0""}"
10,b'\x00',can_mock,Active,"{""fault_code"": ""0"", ""cycles"": ""77953"", ""bus_fault_reason"": """", ""period_us"": ""8822.224000"", ""max_abs_jitter_us"": ""35977.843000"", ""read_us"": ""15.885000"", ""write_us"": ""7.086000"", ""overruns"": ""79"", ""limited_commands"": ""2"", ""timing_dropped"": ""0""}"
10,b'\x00',can_mock,Active,"{""fault_code"": ""0"", ""cycles"": ""77963"", ""bus_fault_reason"": """", ""period_us"": ""9796.011000"", ""max_abs_jitter_us"": ""35977.843000"", ""read_us"": ""6.876000"", ""write_us"": ""3.183000"", ""overruns"": ""79"", ""limited_commands"": ""2"", ""timing_dropped"": ""0""}"
10,b'\x00',can_mock,Active,"{""fault_code"": ""0"", ""cycles"": ""77973"", ""bus_fault_reason"": """", ""period_us"": ""10054.919000"", ""max_abs_jitter_us"": ""35977.843000"", ""read_us"": ""7.579000"", ""write_us"": ""3.647000"", ""overruns"": ""79"", ""limited_commands"": ""2"", ""timing_dropped"": ""0""}"
10,b'\x00',can_mock,Active,"{""fault_code"": ""0"", ""cycles"": ""77983"", ""bus_fault_reason"": """", ""period_us"": ""9868.017000"", ""max_abs_jitter_us"": ""35977.843000"", ""read_us"": ""9.366000"", ""write_us"": ""7.313000"", ""overruns"": ""79"", ""limited_commands"": ""2"", ""timing_dropped"": ""0""}"
10,b'\x00',can_mock,Active,"{""fault_code"": ""0"", ""cycles"": ""77993"", ""bus_fault_reason"": """", ""period_us"": ""10066.904000"", ""max_abs_jitter_us"": ""35977.843000"", ""read_us"": ""6.222000"", ""write_us"": ""4.201000"", ""overruns"": ""79"", ""limited_commands"": ""2"", ""timing_dropped"": ""0""}"
10,b'\x00',can_mock,Active,"{""fault_code"": ""0"", ""cycles"": ""78003"", ""bus_fault_reason"": """", ""period_us"": ""9859.087000"", ""max_abs_jitter_us"": ""35977.843000"", ""read_us"": ""6.844000"", ""write_us"": ""6.172000"", ""overruns"": ""79"", ""limited_commands"": ""2"", ""timing_dropped"": ""0""}"
10,b'\x00',can_mock,Active,"{""fault_code"": ""0"", ""cycles"": ""78013"", ""bus_fault_reason"": """", ""period_us"": ""10022.846000"", ""max_abs_jitter_us"": ""35977.843000"", ""read_us"": ""7.606000"", ""write_us"": ""3.621000"", ""overruns"": ""79"", ""limited_commands"": ""2"", ""timing_dropped"": ""0""}"
10,b'\x00',can_mock,Active,"{""fault_code"": ""0"", ""cycles"": ""78023"", ""bus_fault_reason"": """", ""period_us"": ""11629.116000"", ""max_abs_jitter_us"": ""35977.843000"", ""read_us"": ""190.611000"", ""write_us"": ""3.901000"", ""overruns"": ""79"", ""limited_commands"": ""2"", ""timing_dropped"": ""0""}"
10,b'\x00',can_mock,Active,"{""fault_code"": ""0"", ""cycles"": ""78033"", ""bus_fault_reason"": """", ""period_us"": ""10277.476000"", ""max_abs_jitter_us"": ""35977.843000"", ""read_us"": ""41.897000"", ""write_us"": ""3.711000"", ""overruns"": ""79"", ""limited_commands"": ""2"", ""timing_dropped"": ""0""}"
10,b'\x00',can_mock,Active,"{""fault_code"": ""0"", ""cycles"": ""78043"", ""bus_fault_reason"": """", ""period_us"": ""10070.011000"", ""max_abs_jitter_us"": ""35977.843000"", ""read_us"": ""9.693000"", ""write_us"": ""3.069000"", ""overruns"": ""79"", ""limited_commands"": ""2"", ""timing_dropped"": ""0""}"
10,b'\x00',can_mock,Active,"{""fault_code"": ""0"", ""cycles"": ""78053"", ""bus_fault_reason"": """", ""period_us"": ""9087.348000"", ""max_abs_jitter_us"": ""35977.843000"", ""read_us"": ""14.200000"", ""write_us"": ""10.894000"", ""overruns"": ""79"", ""limited_commands"": ""2"", ""timing_dropped"": ""0""}"
10,b'\x00',can_mock,Active,"{""fault_code"": ""0"", ""cycles"": ""78063"", ""bus_fault_reason"": """", ""period_us"": ""10603.882000"", ""max_abs_jitter_us"": ""35977.843000"", ""read_us"": ""10.214000"", ""write_us"": ""9.238000"", ""overruns"": ""79"", ""limited_commands"": ""2"", ""timing_dropped"": ""0""}"
10,b'\x00',can_mock,Active,"{""fault_code"": ""0"", ""cycles"": ""78073"", ""bus_fault_reason"": """", ""period_us"": ""10489.604000"", ""max_abs_jitter_us"": ""35977.843000"", ""read_us"": ""109.488000"", ""write_us"": ""9.030000"", ""overruns"": ""79"", ""limited_commands"": ""2"", ""timing_dropped"": ""0""}"
10,b'\x00',can_mock,Active,"{""fault_code"": ""0"", ""cycles"": ""78083"", ""bus_fault_reason"": """", ""period_us"": ""9993.343000"", ""max_abs_jitter_us"": ""35977.843000"", ""read_us"": ""4.775000"", ""write_us"": ""1.791000"", ""overruns"": ""79"", ""limited_commands"": ""2"", ""timing_dropped"": ""0""}"
11,b'\x00',can_mock,Active,"{""fault_code"": ""0"", ""cycles"": ""78093"", ""bus_fault_reason"": """", ""period_us"": ""10152.894000"", ""max_abs_jitter_us"": ""35977.843000"", ""read_us"": ""5.773000"", ""write_us"": ""5.784000"", ""overruns"": ""79"", ""limited_commands"": ""2"", ""timing_dropped"": ""0""}"
11,b'\x00',can_mock,Active,"{""fault_code"": ""0"", ""cycles"": ""78103"", ""bus_fault_reason"": """", ""period_us"": ""9544.954000"", ""max_abs_jitter_us"": ""35977.843000"", ""read_us"": ""6.309000"", ""write_us"": ""2.124000"", ""overruns"": ""79"", ""limited_commands"": ""2"", ""timing_dropped"": ""0""}"
11,b'\x00',can_mock,Active,"{""fault_code"": ""0"", ""cycles"": ""78113"", ""bus_fault_reason"": """", ""period_us"": ""10035.302000"", ""max_abs_jitter_us"": ""35977.843000"", ""read_us"": ""4.701000"", ""write_us"": ""3.058000"", ""overruns"": ""79"", ""limited_commands"": ""2"", ""timing_dropped"": ""0""}"
11,b'\x00',can_mock,Active,"{""fault_code"": ""0"", ""cycles"": ""78123"", ""bus_fault_reason"": """", ""period_us"": ""11877.549000"", ""max_abs_jitter_us"": ""35977.843000"", ""read_us"": ""5.787000"", ""write_us"": ""22.524000"", ""overruns"": ""79"", ""limited_commands"": ""2"", ""timing_dropped"": ""0""}"
11,b'\x00',can_mock,Active,"{""fault_code"": ""0"", ""cycles"": ""78133"", ""bus_fault_reason"": """", ""period_us"": ""10388.257000"", ""max_abs_jitter_us"": ""35977.843000"", ""read_us"": ""32.843000"", ""write_us"": ""4.901000"", ""overruns"": ""79"", ""limited_commands"": ""2"", ""timing_dropped"": ""0""}"
11,b'\x00',can_mock,Active,"{""fault_code"": ""0"", ""cycles"": ""78143"", ""bus_fault_reason"": """", ""period_us"": ""10047.435000"", ""max_abs_jitter_us"": ""35977.843000"", ""read_us"": ""27.608000"", ""write_us"": ""14.226000"", ""overruns"": ""79"", ""limited_commands"": ""2"", ""timing_dropped"": ""0""}"
11,b'\x00',can_mock,Active,"{""fault_code"": ""0"", ""cycles"": ""78153"", ""bus_fault_reason"": """", ""period_us"": ""10094.288000"", ""max_abs_jitter_us"": ""35977.843000"", ""read_us"": ""7.561000"", ""write_us"": ""33.636000"", ""overruns"": ""79"", ""limited_commands"": ""2"", ""timing_dropped"": ""0""}"
11,b'\x00',can_mock,Active,"{""fault_code"": ""0"", ""cycles"": ""78163"", ""bus_fault_reason"": """", ""period_us"": ""9985.175000"", ""max_abs_jitter_us"": ""35977.843000"", ""read_us"": ""6.246000"", ""write_us"": ""4.754000"", ""overruns"": ""79"", ""limited_commands"": ""2"", ""timing_dropped"": ""0""}"
11,b'\x00',can_mock,Active,"{""fault_code"": ""0"", ""cycles"": ""78173"", ""bus_fault_reason"": """", ""period_us"": ""10049.268000"", ""max_abs_jitter_us"": ""35977.843000"", ""read_us"": ""78.390000"", ""write_us"": ""14.825000"", ""overruns"": ""79"", ""limited_commands"": ""2"", ""timing_dropped"": ""0""}"
11,b'\x00',can_mock,Active,"{""fault_code"": ""0"", ""cycles"": ""78183"", ""bus_fault_reason"": """", ""period_us"": ""9963.269000"", ""max_abs_jitter_us"": ""35977.843000"", ""read_us"": ""8.234000"", ""write_us"": ""2.699000"", ""overruns"": ""79"", ""limited_commands"": ""2"", ""timing_dropped"": ""0""}"
11,b'\x00',can_mock,Active,"{""fault_code"": ""0"", ""cycles"": ""78193"", ""bus_fault_reason"": """", ""period_us"": ""9474.648000"", ""max_abs_jitter_us"": ""35977.843000"", ""read_us"": ""5.546000"", ""write_us"": ""2.182000"", ""overruns"": ""79"", ""limited_commands"": ""2"", ""timing_dropped"": ""0""}"
11,b'\x00',can_mock,Active,"{""fault_code"": ""0"", ""cycles"": ""78203"", ""bus_fault_reason"": """", ""period_us"": ""9980.094000"", ""max_abs_jitter_us"": ""35977.843000"", ""read_us"": ""5.908000"", ""write_us"": ""4.081000"", ""overruns"": ""79"", ""limited_commands"": ""2"", ""timing_dropped"": ""0""}"
11,b'\x00',can_mock,Active,"{""fault_code"": ""0"", ""cycles"": ""78213"", ""bus_fault_reason"": """", ""period_us"": ""9197.344000"", ""max_abs_jitter_us"": ""35977.843000"", ""read_us"": ""6.838000"", ""write_us"": ""33.242000"", ""overruns"": ""79"", ""limited_commands"": ""2"", ""timing_dropped"": ""0""}"
11,b'\x00',can_mock,Active,"{""fault_code"": ""0"", ""cycles"": ""78223"", ""bus_fault_reason"": """", ""period_us"": ""7794.994000"", ""max_abs_jitter_us"": ""35977.843000"", ""read_us"": ""16.566000"", ""write_us"": ""20.308000"", ""overruns"": ""79"", ""limited_commands"": ""2"", ""timing_dropped"": ""0""}"
11,b'\x00',can_mock,Active,"{""fault_code"": ""0"", ""cycles"": ""78233"", ""bus_fault_reason"": """", ""period_us"": ""10159.330000"", ""max_abs_jitter_us"": ""35977.843000"", ""read_us"": ""40.509000"", ""write_us"": ""6.644000"", ""overruns"": ""79"", ""limited_commands"": ""2"", ""timing_dropped"": ""0""}"
11,b'\x00',can_mock,Active,"{""fault_code"": ""0"", ""cycles"": ""78240"", ""bus_fault_reason"": """", ""period_us"": ""10013.020000"", ""max_abs_jitter_us"": ""35977.843000"", ""read_us"": ""5.204000"", ""write_us"": ""3.819000"", ""overruns"": ""80"", ""limited_commands"": ""2"", ""timing_dropped"": ""0""}"
11,b'\x00',can_mock,Active,"{""fault_code"": ""0"", ""cycles"": ""78250"", ""bus_fault_reason"": """", ""period_us"": ""10068.299000"", ""max_abs_jitter_us"": ""35977.843000"", ""read_us"": ""5.088000"", ""write_us"": ""4.589000"", ""overruns"": ""80"", ""limited_commands"": ""2"", ""timing_dropped"": ""0""}"
11,b'\x00',can_mock,Active,"{""fault_code"": ""0"", ""cycles"": ""78260"", ""bus_fault_reason"": """", ""period_us"": ""9983.291000"", ""max_abs_jitter_us"": ""35977.843000"", ""read_us"": ""17.092000"", ""write_us"": ""8.241000"", ""overruns"": ""80"", ""limited_commands"": ""2"", ""timing_dropped"": ""0""}"
11,b'\x00',can_mock,Active,"{""fault_code"": ""0"", ""cycles"": ""78270"", ""bus_fault_reason"": """", ""period_us"": ""10020.847000"", ""max_abs_jitter_us"": ""35977.843000"", ""read_us"": ""5.884000"", ""write_us"": ""2.862000"", ""overruns"": ""80"", ""limited_commands"": ""2"", ""timing_dropped"": ""0""}"
11,b'\x00',can_mock,Active,"{""fault_code"": ""0"", ""cycles"": ""78280"", ""bus_fault_reason"": """", ""period_us"": ""7401.020000"", ""max_abs_jitter_us"": ""35977.843000"", ""read_us"": ""30.506000"", ""write_us"": ""5.404000"", ""overruns"": ""80"", ""limited_commands"": ""2"", ""timing_dropped"": ""0""}"
11,b'\x00',can_mock,Active,"{""fault_code"": ""0"", ""cycles"": ""78290"", ""bus_fault_reason"": """", ""period_us"": ""9976.106000"", ""max_abs_jitter_us"": ""35977.843000"", ""read_us"": ""9.565000"", ""write_us"": ""6.071000"", ""overruns"": ""80"", ""limited_commands"": ""2"", ""timing_dropped"": ""0""}"
11,b'\x00',can_mock,Active,"{""fault_code"": ""0"", ""cycles"": ""78300"", ""bus_fault_reason"": """", ""period_us"": ""9379.878000"", ""max_abs_jitter_us"": ""35977.843000"", ""read_us"": ""6.973000"", ""write_us"": ""3.099000"", ""overruns"": ""80"", ""limited_commands"": ""2"", ""timing_dropped"": ""0""}"
11,b'\x00',can_mock,Active,"{""fault_code"": ""0"", ""cycles"": ""78310"", ""bus_fault_reason"": """", ""period_us"": ""10227.302000"", ""max_abs_jitter_us"": ""35977.843000"", ""read_us"": ""5.909000"", ""write_us"": ""4.991000"", ""overruns"": ""80"", ""limited_commands"": ""2"", ""timing_dropped"": ""0""}"
11,b'\x00',can_mock,Active,"{""fault_code"": ""0"", ""cycles"": ""78320"", ""bus_fault_reason"": """", ""period_us"": ""10082.693000"", ""max_abs_jitter_us"": ""35977.843000"", ""read_us"": ""15.079000"", ""write_us"": ""3.869000"", ""overruns"": ""80"", ""limited_commands"": ""2"", ""timing_dropped"": ""0""}"
11,b'\x00',can_mock,Active,"{""fault_code"": ""0"", ""cycles"": ""78330"", ""bus_fault_reason"": """", ""period_us"": ""9591.228000"", ""max_abs_jitter_us"": ""35977.843000"", ""read_us"": ""9.664000"", ""write_us"": ""2.708000"", ""overruns"": ""80"", ""limited_commands"": ""2"", ""timing_dropped"": ""0""}"
11,b'\x00',can_mock,Active,"{""fault_code"": ""0"", ""cycles"": ""78340"", ""bus_fault_reason"": """", ""period_us"": ""9988.453000"", ""max_abs_jitter_us"": ""35977.843000"", ""read_us"": ""23.581000"", ""write_us"": ""5.321000"", ""overruns"": ""80"", ""limited_commands"": ""2"", ""timing_dropped"": ""0""}"
11,b'\x00',can_mock,Active,"{""fault_code"": ""0"", ""cycles"": ""78350"", ""bus_fault_reason"": """", ""period_us"": ""9219.131000"", ""max_abs_jitter_us"": ""35977.843000"", ""read_us"": ""14.759000"", ""write_us"": ""38.271000"", ""overruns"": ""80"", ""limited_commands"": ""2"", ""timing_dropped"": ""0""}"
11,b'\x00',can_mock,Active,"{""fault_code"": ""0"", ""cycles"": ""78360"", ""bus_fault_reason"": """", ""period_us"": ""11365.938000"", ""max_abs_jitter_us"": ""35977.843000"", ""read_us"": ""5.912000"", ""write_us"": ""3.744000"", ""overruns"": ""80"", ""limited_commands"": ""2"", ""timing_dropped"": ""0""}"
11,b'\x00',can_mock,Active,"{""fault_code"": ""0"", ""cycles"": ""78370"", ""bus_fault_reason"": """", ""period_us"": ""8589.089000"", ""max_abs_jitter_us"": ""35977.843000"", ""read_us"": ""5.668000"", ""write_us"": ""2.406000"", ""overruns"": ""80"", ""limited_commands"": ""2"", ""timing_dropped"": ""0""}"
11,b'\x00',can_mock,Active,"{""fault_code"": ""0"", ""cycles"": ""78380"", ""bus_fault_reason"": """", ""period_us"": ""10159.654000"", ""max_abs_jitter_us"": ""35977.843000"", ""read_us"": ""12.946000"", ""write_us"": ""4.271000"", ""overruns"": ""80"", ""limited_commands"": ""2"", ""timing_dropped"": ""0""}"
11,b'\x00',can_mock,Active,"{""fault_code"": ""0"", ""cycles"": ""78390"", ""bus_fault_reason"": """", ""period_us"": ""10156.053000"", ""max_abs_jitter_us"": ""35977.843000"", ""read_us"": ""16.274000"", ""write_us"": ""8.760000"", ""overruns"": ""80"", ""limited_commands"": ""2"", ""timing_dropped"": ""0""}"
11,b'\x00',can_mock,Active,"{""fault_code"": ""0"", ""cycles"": ""78400"", ""bus_fault_reason"": """", ""period_us"": ""7754.229000"", ""max_abs_jitter_us"": ""35977.843000"", ""read_us"": ""22.669000"", ""write_us"": ""8.708000"", ""overruns"": ""80"", ""limited_commands"": ""2"", ""timing_dropped"": ""0""}"
11,b'\x00',can_mock,Active,"{""fault_code"": ""0"", ""cycles"": ""78410"", ""bus_fault_reason"": """", ""period_us"": ""9920.873000"", ""max_abs_jitter_us"": ""35977.843000"", ""read_us"": ""7.449000"", ""write_us"": ""17.998000"", ""overruns"": ""80"", ""limited_commands"": ""2"", ""timing_dropped"": ""0""}"
11,b'\x00',can_mock,Active,"{""fault_code"": ""0"", ""cycles"": ""78420"", ""bus_fault_reason"": """", ""period_us"": ""9248.439000"", ""max_abs_jitter_us"": ""35977.843000"", ""read_us"": ""10.433000"", ""write_us"": ""6.585000"", ""overruns"": ""80"", ""limited_commands"": ""2"", ""timing_dropped"": ""0""}"
11,b'\x00',can_mock,Active,"{""fault_code"": ""0"", ""cycles"": ""78430"", ""bus_fault_reason"": """", ""period_us"": ""9951.842000"", ""max_abs_jitter_us"": ""35977.843000"", ""read_us"": ""15.140000"", ""write_us"": ""6.915000"", ""overruns"": ""80"", ""limited_commands"": ""2"", ""timing_dropped"": ""0""}"
11,b'\x00',can_mock,Active,"{""fault_code"": ""0"", ""cycles"": ""78440"", ""bus_fault_reason"": """", ""period_us"": ""9637.252000"", ""max_abs_jitter_us"": ""35977.843000"", ""read_us"": ""6.828000"", ""write_us"": ""7.776000"", ""overruns"": ""80"", ""limited_commands"": ""2"", ""timing_dropped"": ""0""}"
11,b'\x00',can_mock,Active,"{""fault_code"": ""0"", ""cycles"": ""78450"", ""bus_fault_reason"": """", ""period_us"": ""9992.779000"", ""max_abs_jitter_us"": ""35977.843000"", ""read_us"": ""6.844000"", ""write_us"": ""4.204000"", ""overruns"": ""80"", ""limited_commands"": ""2"", ""timing_dropped"": ""0""}"
11,b'\x00',can_mock,Active,"{""fault_code"": ""0"", ""cycles"": ""78460"", ""bus_fault_reason"": """", ""period_us"": ""9619.007000"", ""max_abs_jitter_us"": ""35977.843000"", ""read_us"": ""10.540000"", ""write_us"": ""6.021000"", ""overruns"": ""80"", ""limited_commands"": ""2"", ""timing_dropped"": ""0""}"
11,b'\x00',can_mock,Active,"{""fault_code"": ""0"", ""cycles"": ""78470"", ""bus_fault_reason"": """", ""period_us"": ""9633.841000"", ""max_abs_jitter_us"": ""35977.843000"", ""read_us"": ""16.747000"", ""write_us"": ""15.511000"", ""overruns"": ""80"", ""limited_commands"": ""2"", ""timing_dropped"": ""0""}"
11,b'\x00',can_mock,Active,"{""fault_code"": ""0"", ""cycles"": ""78480"", ""bus_fault_reason"": """", ""period_us"": ""9770.450000"", ""max_abs_jitter_us"": ""35977.843000"", ""read_us"": ""4.818000"", ""write_us"": ""3.857000"", ""overruns"": ""80"", ""limited_commands"": ""2"", ""timing_dropped"": ""0""}"
11,b'\x00',can_mock,Active,"{""fault_code"": ""0"", ""cycles"": ""78491"", ""bus_fault_reason"": """", ""period_us"": ""11116.067000"", ""max_abs_jitter_us"": ""35977.843000"", ""read_us"": ""8.058000"", ""write_us"": ""4.893000"", ""overruns"": ""80"", ""limited_commands"": ""2"", ""timing_dropped"": ""0""}"
11,b'\x00',can_mock,Active,"{""fault_code"": ""0"", ""cycles"": ""78500"", ""bus_fault_reason"": """", ""period_us"": ""9747.614000"", ""max_abs_jitter_us"": ""35977.843000"", ""read_us"": ""57.158000"", ""write_us"": ""4.602000"", ""overruns"": ""80"", ""limited_commands"": ""2"", ""timing_dropped"": ""0""}"
11,b'\x00',can_mock,Active,"{""fault_code"": ""0"", ""cycles"": ""78510"", ""bus_fault_reason"": """", ""period_us"": ""9207.041000"", ""max_abs_jitter_us"": ""35977.843000"", ""read_us"": ""17.732000"", ""write_us"": ""6.524000"", ""overruns"": ""80"", ""limited_commands"": ""2"", ""timing_dropped"": ""0""}"
11,b'\x00',can_mock,Active,"{""fault_code"": ""0"", ""cycles"": ""78520"", ""bus_fault_reason"": """", ""period_us"": ""10128.865000"", ""max_abs_jitter_us"": ""35977.843000"", ""read_us"": ""13.153000"", ""write_us"": ""12.301000"", ""overruns"": ""80"", ""limited_commands"": ""2"", ""timing_dropped"": ""0""}"
11,b'\x00',can_mock,Active,"{""fault_code"": ""0"", ""cycles"": ""78530"", ""bus_fault_reason"": """", ""period_us"": ""7961.023000"", ""max_abs_jitter_us"": ""35977.843000"", ""read_us"": ""12.016000"", ""write_us"": ""4.709000"", ""overruns"": ""80"", ""limited_commands"": ""2"", ""timing_dropped"": ""0""}"
11,b'\x00',can_mock,Active,"{""fault_code"": ""0"", ""cycles"": ""78540"", ""bus_fault_reason"": """", ""period_us"": ""10194.443000"", ""max_abs_jitter_us"": ""35977.843000"", ""read_us"": ""45.740000"", ""write_us"": ""5.308000"", ""overruns"": ""80"", ""limited_commands"": ""2"", ""timing_dropped"": ""0""}"
11,b'\x00',can_mock,Active,"{""fault_code"": ""0"", ""cycles"": ""78550"", ""bus_fault_reason"": """", ""period_us"": ""8365.011000"", ""max_abs_jitter_us"": ""35977.843000"", ""read_us"": ""5.438000"", ""write_us"": ""2.698000"", ""overruns"": ""80"", ""limited_commands"": ""2"", ""timing_dropped"": ""0""}"
11,b'\x00',can_mock,Active,"{""fault_code"": ""0"", ""cycles"": ""78560"", ""bus_fault_reason"": """", ""period_us"": ""9161.297000"", ""max_abs_jitter_us"": ""35977.843000"", ""read_us"": ""7.622000"", ""write_us"": ""14.303000"", ""overruns"": ""80"", ""limited_commands"": ""2"", ""timing_dropped"": ""0""}"
11,b'\x00',can_mock,Active,"{""fault_code"": ""0"", ""cycles"": ""78570"", ""bus_fault_reason"": """", ""period_us"": ""8636.910000"", ""max_abs_jitter_us"": ""35977.843000"", ""read_us"": ""11.820000"", ""write_us"": ""5.225000"", ""overruns"": ""80"", ""limited_commands"": ""2"", ""timing_dropped"": ""0""}"
11,b'\x00',can_mock,Active,"{""fault_code"": ""0"", ""cycles"": ""78580"", ""bus_fault_reason"": """", ""period_us"": ""11182.093000"", ""max_abs_jitter_us"": ""35977.843000"", ""read_us"": ""30.113000"", ""write_us"": ""15.227000"", ""overruns"": ""80"", ""limited_commands"": ""2"", ""timing_dropped"": ""0""}"
11,b'\x00',can_mock,Active,"{""fault_code"": ""0"", ""cycles"": ""78590"", ""bus_fault_reason"": """", ""period_us"": ""8432.308000"", ""max_abs_jitter_us"": ""35977.843000"", ""read_us"": ""6.801000"", ""write_us"": ""4.458000"", ""overruns"": ""80"", ""limited_commands"": ""2"", ""timing_dropped"": ""0""}"
11,b'\x00',can_mock,Active,"{""fault_code"": ""0"", ""cycles"": ""78600"", ""bus_fault_reason"": """", ""period_us"": ""10128.277000"", ""max_abs_jitter_us"": ""35977.843000"", ""read_us"": ""7.609000"", ""write_us"": ""4.272000"", ""overruns"": ""80"", ""limited_commands"": ""2"", ""timing_dropped"": ""0""}"
11,b'\x00',can_mock,Active,"{""fault_code"": ""0"", ""cycles"": ""78610"", ""bus_fault_reason"": """", ""period_us"": ""9970.284000"", ""max_abs_jitter_us"": ""35977.843000"", ""read_us"": ""43.326000"", ""write_us"": ""14.265000"", ""overruns"": ""80"", ""limited_commands"": ""2"", ""timing_dropped"": ""0""}"
11,b'\x00',can_mock,Active,"{""fault_code"": ""0"", ""cycles"": ""78620"", ""bus_fault_reason"": """", ""period_us"": ""10088.503000"", ""max_abs_jitter_us"": ""35977.843000"", ""read_us"": ""5.792000"", ""write_us"": ""4.171000"", ""overruns"": ""80"", ""limited_commands"": ""2"", ""timing_dropped"": ""0""}"
11,b'\x00',can_mock,Active,"{""fault_code"": ""0"", ""cycles"": ""78630"", ""bus_fault_reason"": """", ""period_us"": ""9727.555000"", ""max_abs_jitter_us"": ""35977.843000"", ""read_us"": ""7.339000"", ""write_us"": ""31.994000"", ""overruns"": ""80"", ""limited_commands"": ""2"", ""timing_dropped"": ""0""}"
11,b'\x00',can_mock,Active,"{""fault_code"": ""0"", ""cycles"": ""78640"", ""bus_fault_reason"": """", ""period_us"": ""9140.659000"", ""max_abs_jitter_us"": ""35977.843000"", ""read_us"": ""6.420000"", ""write_us"": ""3.362000"", ""overruns"": ""80"", ""limited_commands"": ""2"", ""timing_dropped"": ""0""}"
11,b'\x00',can_mock,Active,"{""fault_code"": ""0"", ""cycles"": ""78650"", ""bus_fault_reason"": """", ""period_us"": ""10000.936000"", ""max_abs_jitter_us"": ""35977.843000"", ""read_us"": ""5.543000"", ""write_us"": ""2.132000"", ""overruns"": ""80"", ""limited_commands"": ""2"", ""timing_dropped"": ""0""}"
11,b'\x00',can_mock,Active,"{""fault_code"": ""0"", ""cycles"": ""78660"", ""bus_fault_reason"": """", ""period_us"": ""7662.125000"", ""max_abs_jitter_us"": ""35977.843000"", ""read_us"": ""8.891000"", ""write_us"": ""5.220000"", ""overruns"": ""80"", ""limited_commands"": ""2"", ""timing_dropped"": ""0""}"
11,b'\x00',can_mock,Active,"{""fault_code"": ""0"", ""cycles"": ""78670"", ""bus_fault_reason"": """", ""period_us"": ""9935.523000"", ""max_abs_jitter_us"": ""35977.843000"", ""read_us"": ""13.129000"", ""write_us"": ""3.789000"", ""overruns"": ""80"", ""limited_commands"": ""2"", ""timing_dropped"": ""0""}"
11,b'\x00',can_mock,Active,"{""fault_code"": ""0"", ""cycles"": ""78680"", ""bus_fault_reason"": """", ""period_us"": ""10012.650000"", ""max_abs_jitter_us"": ""35977.843000"", ""read_us"": ""6.246000"", ""write_us"": ""3.725000"", ""overruns"": ""80"", ""limited_commands"": ""2"", ""timing_dropped"": ""0""}"
11,b'\x00',can_mock,Active,"{""fault_code"": ""0"", ""cycles"": ""78690"", ""bus_fault_reason"": """", ""period_us"": ""9763.453000"", ""max_abs_jitter_us"": ""35977.843000"", ""read_us"": ""4.055000"", ""write_us"": ""2.315000"", ""overruns"": ""80"", ""limited_commands"": ""2"", ""timing_dropped"": ""0""}"
11,b'\x00',can_mock,Active,"{""fault_code"": ""0"", ""cycles"": ""78700"", ""bus_fault_reason"": """", ""period_us"": ""9930.104000"", ""max_abs_jitter_us"": ""35977.843000"", ""read_us"": ""6.338000"", ""write_us"": ""1.566000"", ""overruns"": ""80"", ""limited_commands"": ""2"", ""timing_dropped"": ""0""}"
11,b'\x00',can_mock,Active,"{""fault_code"": ""0"", ""cycles"": ""78710"", ""bus_fault_reason"": """", ""period_us"": ""9731.496000"", ""max_abs_jitter_us"": ""35977.843000"", ""read_us"": ""40.927000"", ""write_us"": ""2.613000"", ""overruns"": ""80"", ""limited_commands"": ""2"", ""timing_dropped"": ""0""}"
11,b'\x00',can_mock,Active,"{""fault_code"": ""0"", ""cycles"": ""78720"", ""bus_fault_reason"": """", ""period_us"": ""9596.547000"", ""max_abs_jitter_us"": ""35977.843000"", ""read_us"": ""4.827000"", ""write_us"": ""2.686000"", ""overruns"": ""80"", ""limited_commands"": ""2"", ""timing_dropped"": ""0""}"
11,b'\x00',can_mock,Active,"{""fault_code"": ""0"", ""cycles"": ""78730"", ""bus_fault_reason"": """", ""period_us"": ""9975.714000"", ""max_abs_jitter_us"": ""35977.843000"", ""read_us"": ""7.115000"", ""write_us"": ""7.787000"", ""overruns"": ""80"", ""limited_commands"": ""2"", ""timing_dropped"": ""0""}"
11,b'\x00',can_mock,Active,"{""fault_code"": ""0"", ""cycles"": ""78740"", ""bus_fault_reason"": """", ""period_us"": ""8082.276000"", ""max_abs_jitter_us"": ""35977.843000"", ""read_us"": ""5.179000"", ""write_us"": ""2.385000"", ""overruns"": ""80"", ""limited_commands"": ""2"", ""timing_dropped"": ""0""}"
11,b'\x00',can_mock,Active,"{""fault_code"": ""0"", ""cycles"": ""78750"", ""bus_fault_reason"": """", ""period_us"": ""10055.403000"", ""max_abs_jitter_us"": ""35977.843000"", ""read_us"": ""7.135000"", ""write_us"": ""5.237000"", ""overruns"": ""80"", ""limited_commands"": ""2"", ""timing_dropped"": ""0""}"
11,b'\x00',can_mock,Active,"{""fault_code"": ""0"", ""cycles"": ""78760"", ""bus_fault_reason"": """", ""period_us"": ""10001.994000"", ""max_abs_jitter_us"": ""35977.843000"", ""read_us"": ""6.027000"", ""write_us"": ""1.756000"", ""overruns"": ""80"", ""limited_commands"": ""2"", ""timing_dropped"": ""0""}"
11,b'\x00',can_mock,Active,"{""fault_code"": ""0"", ""cycles"": ""78770"", ""bus_fault_reason"": """", ""period_us"": ""9791.182000"", ""max_abs_jitter_us"": ""35977.843000"", ""read_us"": ""6.867000"", ""write_us"": ""5.040000"", ""overruns"": ""80"", ""limited_commands"": ""2"", ""timing_dropped"": ""0""}"
11,b'\x00',can_mock,Active,"{""fault_code"": ""0"", ""cycles"": ""78780"", ""bus_fault_reason"": """", ""period_us"": ""10075.980000"", ""max_abs_jitter_us"": ""35977.843000"", ""read_us"": ""6.618000"", ""write_us"": ""5.162000"", ""overruns"": ""80"", ""limited_commands"": ""2"", ""timing_dropped"": ""0""}"
11,b'\x00',can_mock,Active,"{""fault_code"": ""0"", ""cycles"": ""78790"", ""bus_fault_reason"": """", ""period_us"": ""10232.897000"", ""max_abs_jitter_us"": ""35977.843000"", ""read_us"": ""23.948000"", ""write_us"": ""7.013000"", ""overruns"": ""80"", ""limited_commands"": ""2"", ""timing_dropped"": ""0""}"
11,b'\x00',can_mock,Active,"{""fault_code"": ""0"", ""cycles"": ""78800"", ""bus_fault_reason"": """", ""period_us"": ""9943.329000"", ""max_abs_jitter_us"": ""35977.843000"", ""read_us"": ""11.437000"", ""write_us"": ""6.254000"", ""overruns"": ""80"", ""limited_commands"": ""2"", ""timing_dropped"": ""0""}"
11,b'\x00',can_mock,Active,"{""fault_code"": ""0"", ""cycles"": ""78810"", ""bus_fault_reason"": """", ""period_us"": ""9703.394000"", ""max_abs_jitter_us"": ""35977.843000"", ""read_us"": ""4.887000"", ""write_us"": ""2.500000"", ""overruns"": ""80"", ""limited_commands"": ""2"", ""timing_dropped"": ""0""}"
11,b'\x00',can_mock,Active,"{""fault_code"": ""0"", ""cycles"": ""78820"", ""bus_fault_reason"": """", ""period_us"": ""10173.208000"", ""max_abs_jitter_us"": ""35977.843000"", ""read_us"": ""5.662000"", ""write_us"": ""2.897000"", ""overruns"": ""80"", ""limited_commands"": ""2"", ""timing_dropped"": ""0""}"
11,b'\x00',can_mock,Active,"{""fault_code"": ""0"", ""cycles"": ""78830"", ""bus_fault_reason"": """", ""period_us"": ""10029.270000"", ""max_abs_jitter_us"": ""35977.843000"", ""read_us"": ""8.572000"", ""write_us"": ""5.211000"", ""overruns"": ""80"", ""limited_commands"": ""2"", ""timing_dropped"": ""0""}"
11,b'\x00',can_mock,Active,"{""fault_code"": ""0"", ""cycles"": ""78840"", ""bus_fault_reason"": """", ""period_us"": ""9982.695000"", ""max_abs_jitter_us"": ""35977.843000"", ""read_us"": ""6.277000"", ""write_us"": ""1.838000"", ""overruns"": ""80"", ""limited_commands"": ""2"", ""timing_dropped"": ""0""}"
11,b'\x00',can_mock,Active,"{""fault_code"": ""0"", ""cycles"": ""78850"", ""bus_fault_reason"": """", ""period_us"": ""10204.904000"", ""max_abs_jitter_us"": ""35977.843000"", ""read_us"": ""3.676000"", ""write_us"": ""2.322000"", ""overruns"": ""80"", ""limited_commands"": ""2"", ""timing_dropped"": ""0""}"
11,b'\x00',can_mock,Active,"{""fault_code"": ""0"", ""cycles"": ""78860"", ""bus_fault_reason"": """", ""period_us"": ""10090.491000"", ""max_abs_jitter_us"": ""35977.843000"", ""read_us"": ""11.386000"", ""write_us"": ""3.327000"", ""overruns"": ""80"", ""limited_commands"": ""2"", ""timing_dropped"": ""0""}"
11,b'\x00',can_mock,Active,"{""fault_code"": ""0"", ""cycles"": ""78870"", ""bus_fault_reason"": """", ""period_us"": ""10013.525000"", ""max_abs_jitter_us"": ""35977.843000"", ""read_us"": ""23.898000"", ""write_us"": ""3.720000"", ""overruns"": ""80"", ""limited_commands"": ""2"", ""timing_dropped"": ""0""}"
11,b'\x00',can_mock,Active,"{""fault_code"": ""0"", ""cycles"": ""78880"", ""bus_fault_reason"": """", ""period_us"": ""9964.651000"", ""max_abs_jitter_us"": ""35977.843000"", ""read_us"": ""4.464000"", ""write_us"": ""2.452000"", ""overruns"": ""80"", ""limited_commands"": ""2"", ""timing_dropped"": ""0""}"
11,b'\x00',can_mock,Active,"{""fault_code"": ""0"", ""cycles"": ""78890"", ""bus_fault_reason"": """", ""period_us"": ""10068.180000"", ""max_abs_jitter_us"": ""35977.843000"", ""read_us"": ""10.275000"", ""write_us"": ""15.550000"", ""overruns"": ""80"", ""limited_commands"": ""2"", ""timing_dropped"": ""0""}"
11,b'\x00',can_mock,Active,"{""fault_code"": ""0"", ""cycles"": ""78900"", ""bus_fault_reason"": """", ""period_us"": ""8639.803000"", ""max_abs_jitter_us"": ""35977.843000"", ""read_us"": ""6.025000"", ""write_us"": ""5.201000"", ""overruns"": ""80"", ""limited_commands"": ""2"", ""timing_dropped"": ""0""}"
11,b'\x00',can_mock,Active,"{""fault_code"": ""0"", ""cycles"": ""78910"", ""bus_fault_reason"": """", ""period_us"": ""9937.378000"", ""max_abs_jitter_us"": ""35977.843000"", ""read_us"": ""6.639000"", ""write_us"": ""2.797000"", ""overruns"": ""80"", ""limited_commands"": ""2"", ""timing_dropped"": ""0""}"
11,b'\x00',can_mock,Active,"{""fault_code"": ""0"", ""cycles"": ""78920"", ""bus_fault_reason"": """", ""period_us"": ""9998.916000"", ""max_abs_jitter_us"": ""35977.843000"", ""read_us"": ""5.839000"", ""write_us"": ""2.442000"", ""overruns"": ""80"", ""limited_commands"": ""2"", ""timing_dropped"": ""0""}"
11,b'\x00',can_mock,Active,"{""fault_code"": ""0"", ""cycles"": ""78930"", ""bus_fault_reason"": """", ""period_us"": ""9554.625000"", ""max_abs_jitter_us"": ""35977.843000"", ""read_us"": ""3.827000"", ""write_us"": ""16.747000"", ""overruns"": ""80"", ""limited_commands"": ""2"", ""timing_dropped"": ""0""}"
11,b'\x00',can_mock,Active,"{""fault_code"": ""0"", ""cycles"": ""78940"", ""bus_fault_reason"": """", ""period_us"": ""9915.390000"", ""max_abs_jitter_us"": ""35977.843000"", ""read_us"": ""7.408000"", ""write_us"": ""5.874000"", ""overruns"": ""80"", ""limited_commands"": ""2"", ""timing_dropped"": ""0""}"
11,b'\x00',can_mock,Active,"{""fault_code"": ""0"", ""cycles"": ""78950"", ""bus_fault_reason"": """", ""period_us"": ""11191.628000"", ""max_abs_jitter_us"": ""35977.843000"", ""read_us"": ""6.579000"", ""write_us"": ""4.796000"", ""overruns"": ""80"", ""limited_commands"": ""2"", ""timing_dropped"": ""0""}"
11,b'\x00',can_mock,Active,"{""fault_code"": ""0"", ""cycles"": ""78960"", ""bus_fault_reason"": """", ""period_us"": ""10028.542000"", ""max_abs_jitter_us"": ""35977.843000"", ""read_us"": ""5.569000"", ""write_us"": ""3.299000"", ""overruns"": ""80"", ""limited_commands"": ""2"", ""timing_dropped"": ""0""}"
11,b'\x00',can_mock,Active,"{""fault_code"": ""0"", ""cycles"": ""78970"", ""bus_fault_reason"": """", ""period_us"": ""10224.042000"", ""max_abs_jitter_us"": ""35977.843000"", ""read_us"": ""4.231000"", ""write_us"": ""2.490000"", ""overruns"": ""80"", ""limited_commands"": ""2"", ""timing_dropped"": ""0""}"
11,b'\x00',can_mock,Active,"{""fault_code"": ""0"", ""cycles"": ""78980"", ""bus_fault_reason"": """", ""period_us"": ""10811.034000"", ""max_abs_jitter_us"": ""35977.843000"", ""read_us"": ""5.751000"", ""write_us"": ""2.281000"", ""overruns"": ""80"", ""limited_commands"": ""2"", ""timing_dropped"": ""0""}"
11,b'\x00',can_mock,Active,"{""fault_code"": ""0"", ""cycles"": ""78990"", ""bus_fault_reason"": """", ""period_us"": ""9819.900000"", ""max_abs_jitter_us"": ""35977.843000"", ""read_us"": ""5.204000"", ""write_us"": ""7.773000"", ""overruns"": ""80"", ""limited_commands"": ""2"", ""timing_dropped"": ""0""}"
11,b'\x00',can_mock,Active,"{""fault_code"": ""0"", ""cycles"": ""79000"", ""bus_fault_reason"": """", ""period_us"": ""8186.865000"", ""max_abs_jitter_us"": ""35977.843000"", ""read_us"": ""6.316000"", ""write_us"": ""5.388000"", ""overruns"": ""80"", ""limited_commands"": ""2"", ""timing_dropped"": ""0""}"
11,b'\x00',can_mock,Active,"{""fault_code"": ""0"", ""cycles"": ""79010"", ""bus_fault_reason"": """", ""period_us"": ""9726.248000"", ""max_abs_jitter_us"": ""35977.843000"", ""read_us"": ""8.172000"", ""write_us"": ""6.127000"", ""overruns"": ""80"", ""limited_commands"": ""2"", ""timing_dropped"": ""0""}"
11,b'\x00',can_mock,Active,"{""fault_code"": ""0"", ""cycles"": ""79020"", ""bus_fault_reason"": """", ""period_us"": ""9483.938000"", ""max_abs_jitter_us"": ""35977.843000"", ""read_us"": ""5.754000"", ""write_us"": ""3.537000"", ""overruns"": ""80"", ""limited_commands"": ""2"", ""timing_dropped"": ""0""}"
11,b'\x00',can_mock,Active,"{""fault_code"": ""0"", ""cycles"": ""79030"", ""bus_fault_reason"": """", ""period_us"": ""9694.469000"", ""max_abs_jitter_us"": ""35977.843000"", ""read_us"": ""8.332000"", ""write_us"": ""5.617000"", ""overruns"": ""80"", ""limited_commands"": ""2"", ""timing_dropped"": ""0""}"
11,b'\x00',can_mock,Active,"{""fault_code"": ""0"", ""cycles"": ""79040"", ""bus_fault_reason"": """", ""period_us"": ""10037.330000"", ""max_abs_jitter_us"": ""35977.843000"", ""read_us"": ""6.375000"", ""write_us"": ""2.864000"", ""overruns"": ""80"", ""limited_commands"": ""2"", ""timing_dropped"": ""0""}"
11,b'\x00',can_mock,Active,"{""fault_code"": ""0"", ""cycles"": ""79050"", ""bus_fault_reason"": """", ""period_us"": ""10015.727000"", ""max_abs_jitter_us"": ""35977.843000"", ""read_us"": ""7.309000"", ""write_us"": ""5.531000"", ""overruns"": ""80"", ""limited_commands"": ""2"", ""timing_dropped"": ""0""}"
11,b'\x00',can_mock,Active,"{""fault_code"": ""0"", ""cycles"": ""79060"", ""bus_fault_reason"": """", ""period_us"": ""10108.265000"", ""max_abs_jitter_us"": ""35977.843000"", ""read_us"": ""5.190000"", ""write_us"": ""2.189000"", ""overruns"": ""80"", ""limited_commands"": ""2"", ""timing_dropped"": ""0""}"
11,b'\x00',can_mock,Active,"{""fault_code"": ""0"", ""cycles"": ""79070"", ""bus_fault_reason"": """", ""period_us"": ""10089.949000"", ""max_abs_jitter_us"": ""35977.843000"", ""read_us"": ""10.318000"", ""write_us"": ""3.571000"", ""overruns"": ""80"", ""limited_commands"": ""2"", ""timing_dropped"": ""0""}"
11,b'\x00',can_mock,Active,"{""fault_code"": ""0"", ""cycles"": ""79080"", ""bus_fault_reason"": """", ""period_us"": ""10169.256000"", ""max_abs_jitter_us"": ""35977.843000"", ""read_us"": ""36.881000"", ""write_us"": ""14.615000"", ""overruns"": ""80"", ""limited_commands"": ""2"", ""timing_dropped"": ""0""}"
11,b'\x00',can_mock,Active,"{""fault_code"": ""0"", ""cycles"": ""79090"", ""bus_fault_reason"": """", ""period_us"": ""8613.397000"", ""max_abs_jitter_us"": ""35977.843000"", ""read_us"": ""8.354000"", ""write_us"": ""4.485000"", ""overruns"": ""80"", ""limited_commands"": ""2"", ""timing_dropped"": ""0""}"
11,b'\x00',can_mock,Active,"{""fault_code"": ""0"", ""cycles"": ""79100"", ""bus_fault_reason"": """", ""period_us"": ""9749.000000"", ""max_abs_jitter_us"": ""35977.843000"", ""read_us"": ""52.848000"", ""write_us"": ""4.362000"", ""overruns"": ""80"", ""limited_commands"": ""2"", ""timing_dropped"": ""0""}"
11,b'\x00',can_mock,Active,"{""fault_code"": ""0"", ""cycles"": ""79110"", ""bus_fault_reason"": """", ""period_us"": ""8190.796000"", ""max_abs_jitter_us"": ""35977.843000"", ""read_us"": ""4.667000"", ""write_us"": ""1.828000"", ""overruns"": ""80"", ""limited_commands"": ""2"", ""timing_dropped"": ""0""}"
11,b'\x00',can_mock,Active,"{""fault_code"": ""0"", ""cycles"": ""79120"", ""bus_fault_reason"": """", ""period_us"": ""10091.966000"", ""max_abs_jitter_us"": ""35977.843000"", ""read_us"": ""23.584000"", ""write_us"": ""5.640000"", ""overruns"": ""80"", ""limited_commands"": ""2"", ""timing_dropped"": ""0""}"
11,b'\x00',can_mock,Active,"{""fault_code"": ""0"", ""cycles"": ""79130"", ""bus_fault_reason"": """", ""period_us"": ""10018.007000"", ""max_abs_jitter_us"": ""35977.843000"", ""read_us"": ""8.304000"", ""write_us"": ""2.632000"", ""overruns"": ""80"", ""limited_commands"": ""2"", ""timing_dropped"": ""0""}"
11,b'\x00',can_mock,Active,"{""fault_code"": ""0"", ""cycles"": ""79140"", ""bus_fault_reason"": """", ""period_us"": ""9480.768000"", ""max_abs_jitter_us"": ""35977.843000"", ""read_us"": ""8.204000"", ""write_us"": ""4.988000"", ""overruns"": ""80"", ""limited_commands"": ""2"", ""timing_dropped"": ""0""}"
11,b'\x00',can_mock,Active,"{""fault_code"": ""0"", ""cycles"": ""79150"", ""bus_fault_reason"": """", ""period_us"": ""10043.744000"", ""max_abs_jitter_us"": ""35977.843000"", ""read_us"": ""6.305000"", ""write_us"": ""4.624000"", ""overruns"": ""80"", ""limited_commands"": ""2"", ""timing_dropped"": ""0""}"
11,b'\x00',can_mock,Active,"{""fault_code"": ""0"", ""cycles"": ""79160"", ""bus_fault_reason"": """", ""period_us"": ""10574.073000"", ""max_abs_jitter_us"": ""35977.843000"", ""read_us"": ""7.752000"", ""write_us"": ""8.922000"", ""overruns"": ""80"", ""limited_commands"": ""2"", ""timing_dropped"": ""0""}"
11,b'\x00',can_mock,Active,"{""fault_code"": ""0"", ""cycles"": ""79170"", ""bus_fault_reason"": """", ""period_us"": ""8697.118000"", ""max_abs_jitter_us"": ""35977.843000"", ""read_us"": ""9.048000"", ""write_us"": ""20.989000"", ""overruns"": ""80"", ""limited_commands"": ""2"", ""timing_dropped"": ""0""}"
11,b'\x00',can_mock,Active,"{""fault_code"": ""0"", ""cycles"": ""79180"", ""bus_fault_reason"": """", ""period_us"": ""10046.300000"", ""max_abs_jitter_us"": ""35977.843000"", ""read_us"": ""6.646000"", ""write_us"": ""5.113000"", ""overruns"": ""80"", ""limited_commands"": ""2"", ""timing_dropped"": ""0""}"
11,b'\x00',can_mock,Active,"{""fault_code"": ""0"", ""cycles"": ""79190"", ""bus_fault_reason"": """", ""period_us"": ""10947.038000"", ""max_abs_jitter_us"": ""35977.843000"", ""read_us"": ""3.564000"", ""write_us"": ""1.386000"", ""overruns"": ""80"", ""limited_commands"": ""2"", ""timing_dropped"": ""0""}"
11,b'\x00',can_mock,Active,"{""fault_code"": ""0"", ""cycles"": ""79200"", ""bus_fault_reason"": """", ""period_us"": ""9961.331000"", ""max_abs_jitter_us"": ""35977.843000"", ""read_us"": ""17.576000"", ""write_us"": ""3.353000"", ""overruns"": ""80"", ""limited_commands"": ""2"", ""timing_dropped"": ""0""}"
11,b'\x00',can_mock,Active,"{""fault_code"": ""0"", ""cycles"": ""79210"", ""bus_fault_reason"": """", ""period_us"": ""9948.769000"", ""max_abs_jitter_us"": ""35977.843000"", ""read_us"": ""6.800000"", ""write_us"": ""6.792000"", ""overruns"": ""80"", ""limited_commands"": ""2"", ""timing_dropped"": ""0""}"
11,b'\x00',can_mock,Active,"{""fault_code"": ""0"", ""cycles"": ""79220"", ""bus_fault_reason"": """", ""period_us"": ""11990.320000"", ""max_abs_jitter_us"": ""35977.843000"", ""read_us"": ""6.222000"", ""write_us"": ""2.977000"", ""overruns"": ""80"", ""limited_commands"": ""2"", ""timing_dropped"": ""0""}"
11,b'\x00',can_mock,Active,"{""fault_code"": ""0"", ""cycles"": ""79230"", ""bus_fault_reason"": """", ""period_us"": ""10327.836000"", ""max_abs_jitter_us"": ""35977.843000"", ""read_us"": ""8.506000"", ""write_us"": ""5.502000"", ""overruns"": ""80"", ""limited_commands"": ""2"", ""timing_dropped"": ""0""}"
11,b'\x00',can_mock,Active,"{""fault_code"": ""0"", ""cycles"": ""79240"", ""bus_fault_reason"": """", ""period_us"": ""9656.478000"", ""max_abs_jitter_us"": ""35977.843000"", ""read_us"": ""3.887000"", ""write_us"": ""2.744000"", ""overruns"": ""80"", ""limited_commands"": ""2"", ""timing_dropped"": ""0""}"
11,b'\x00',can_mock,Active,"{""fault_code"": ""0"", ""cycles"": ""79250"", ""bus_fault_reason"": """", ""period_us"": ""10068.344000"", ""max_abs_jitter_us"": ""35977.843000"", ""read_us"": ""6.101000"", ""write_us"": ""3.965000"", ""overruns"": ""80"", ""limited_commands"": ""2"", ""timing_dropped"": ""0""}"
11,b'\x00',can_mock,Active,"{""fault_code"": ""0"", ""cycles"": ""79260"", ""bus_fault_reason"": """", ""period_us"": ""9761.904000"", ""max_abs_jitter_us"": ""35977.843000"", ""read_us"": ""6.853000"", ""write_us"": ""3.503000"", ""overruns"": ""80"", ""limited_commands"": ""2"", ""timing_dropped"": ""0""}"
11,b'\x00',can_mock,Active,"{""fault_code"": ""0"", ""cycles"": ""79270"", ""bus_fault_reason"": """", ""period_us"": ""9995.344000"", ""max_abs_jitter_us"": ""35977.843000"", ""read_us"": ""5.867000"", ""write_us"": ""3.422000"", ""overruns"": ""80"", ""limited_commands"": ""2"", ""timing_dropped"": ""0""}"
11,b'\x00',can_mock,Active,"{""fault_code"": ""0"", ""cycles"": ""79280"", ""bus_fault_reason"": """", ""period_us"": ""9990.192000"", ""max_abs_jitter_us"": ""35977.843000"", ""read_us"": ""4.569000"", ""write_us"": ""4.377000"", ""overruns"": ""80"", ""limited_commands"": ""2"", ""timing_dropped"": ""0""}"
11,b'\x00',can_mock,Active,"{""fault_code"": ""0"", ""cycles"": ""79290"", ""bus_fault_reason"": """", ""period_us"": ""9812.546000"", ""max_abs_jitter_us"": ""35977.843000"", ""read_us"": ""7.759000"", ""write_us"": ""3.041000"", ""overruns"": ""80"", ""limited_commands"": ""2"", ""timing_dropped"": ""0""}"
11,b'\x00',can_mock,Active,"{""fault_code"": ""0"", ""cycles"": ""79300"", ""bus_fault_reason"": """", ""period_us"": ""10843.917000"", ""max_abs_jitter_us"": ""35977.843000"", ""read_us"": ""6.076000"", ""write_us"": ""3.696000"", ""overruns"": ""80"", ""limited_commands"": ""2"", ""timing_dropped"": ""0""}"
11,b'\x00',can_mock,Active,"{""fault_code"": ""0"", ""cycles"": ""79310"", ""bus_fault_reason"": """", ""period_us"": ""9996.785000"", ""max_abs_jitter_us"": ""35977.843000"", ""read_us"": ""6.485000"", ""write_us"": ""6.515000"", ""overruns"": ""80"", ""limited_commands"": ""2"", ""timing_dropped"": ""0""}"
11,b'\x00',can_mock,Active,"{""fault_code"": ""0"", ""cycles"": ""79320"", ""bus_fault_reason"": """", ""period_us"": ""9671.905000"", ""max_abs_jitter_us"": ""35977.843000"", ""read_us"": ""8.701000"", ""write_us"": ""10.843000"", ""overruns"": ""80"", ""limited_commands"": ""2"", ""timing_dropped"": ""0""}"
11,b'\x00',can_mock,Active,"{""fault_code"": ""0"", ""cycles"": ""79330"", ""bus_fault_reason"": """", ""period_us"": ""9760.873000"", ""max_abs_jitter_us"": ""35977.843000"", ""read_us"": ""3.541000"", ""write_us"": ""3.978000"", ""overruns"": ""80"", ""limited_commands"": ""2"", ""timing_dropped"": ""0""}"
11,b'\x00',can_mock,Active,"{""fault_code"": ""0"", ""cycles"": ""79340"", ""bus_fault_reason"": """", ""period_us"": ""9995.945000"", ""max_abs_jitter_us"": ""35977.843000"", ""read_us"": ""12.909000"", ""write_us"": ""1.912000"", ""overruns"": ""80"", ""limited_commands"": ""2"", ""timing_dropped"": ""0""}"
11,b'\x00',can_mock,Active,"{""fault_code"": ""0"", ""cycles"": ""79350"", ""bus_fault_reason"": """", ""period_us"": ""9958.944000"", ""max_abs_jitter_us"": ""35977.843000"", ""read_us"": ""4.578000"", ""write_us"": ""2.779000"", ""overruns"": ""80"", ""limited_commands"": ""2"", ""timing_dropped"": ""0""}"
12,b'\x00',can_mock,Active,"{""fault_code"": ""0"", ""cycles"": ""79360"", ""bus_fault_reason"": """", ""period_us"": ""9995.731000"", ""max_abs_jitter_us"": ""35977.843000"", ""read_us"": ""5.840000"", ""write_us"": ""6.295000"", ""overruns"": ""80"", ""limited_commands"": ""2"", ""timing_dropped"": ""0""}"
12,b'\x00',can_mock,Active,"{""fault_code"": ""0"", ""cycles"": ""79370"", ""bus_fault_reason"": """", ""period_us"": ""10074.046000"", ""max_abs_jitter_us"": ""35977.843000"", ""read_us"": ""5.283000"", ""write_us"": ""3.307000"", ""overruns"": ""80"", ""limited_commands"": ""2"", ""timing_dropped"": ""0""}"
12,b'\x00',can_mock,Active,"{""fault_code"": ""0"", ""cycles"": ""79380"", ""bus_fault_reason"": """", ""period_us"": ""10110.652000"", ""max_abs_jitter_us"": ""35977.843000"", ""read_us"": ""219.994000"", ""write_us"": ""2.538000"", ""overruns"": ""80"", ""limited_commands"": ""2"", ""timing_dropped"": ""0""}"
12,b'\x00',can_mock,Active,"{""fault_code"": ""0"", ""cycles"": ""79390"", ""bus_fault_reason"": """", ""period_us"": ""9908.298000"", ""max_abs_jitter_us"": ""35977.843000"", ""read_us"": ""6.170000"", ""write_us"": ""2.448000"", ""overruns"": ""80"", ""limited_commands"": ""2"", ""timing_dropped"": ""0""}"
12,b'\x00',can_mock,Active,"{""fault_code"": ""0"", ""cycles"": ""79400"", ""bus_fault_reason"": """", ""period_us"": ""10181.136000"", ""max_abs_jitter_us"": ""35977.843000"", ""read_us"": ""38.538000"", ""write_us"": ""15.023000"", ""overruns"": ""80"", ""limited_commands"": ""2"", ""timing_dropped"": ""0""}"
12,b'\x00',can_mock,Active,"{""fault_code"": ""0"", ""cycles"": ""79410"", ""bus_fault_reason"": """", ""period_us"": ""9992.824000"", ""max_abs_jitter_us"": ""35977.843000"", ""read_us"": ""4.066000"", ""write_us"": ""2.083000"", ""overruns"": ""80"", ""limited_commands"": ""2"", ""timing_dropped"": ""0""}"
12,b'\x00',can_mock,Active,"{""fault_code"": ""0"", ""cycles"": ""79420"", ""bus_fault_reason"": """", ""period_us"": ""9947.430000"", ""max_abs_jitter_us"": ""35977.843000"", ""read_us"": ""30.137000"", ""write_us"": ""7.434000"", ""overruns"": ""80"", ""limited_commands"": ""2"", ""timing_dropped"": ""0""}"
12,b'\x00',can_mock,Active,"{""fault_code"": ""0"", ""cycles"": ""79430"", ""bus_fault_reason"": """", ""period_us"": ""9951.164000"", ""max_abs_jitter_us"": ""35977.843000"", ""read_us"": ""8.880000"", ""write_us"": ""7.728000"", ""overruns"": ""80"", ""limited_commands"": ""2"", ""timing_dropped"": ""0""}"
12,b'\x00',can_mock,Active,"{""fault_code"": ""0"", ""cycles"": ""79440"", ""bus_fault_reason"": """", ""period_us"": ""9960.842000"", ""max_abs_jitter_us"": ""35977.843000"", ""read_us"": ""4.004000"", ""write_us"": ""2.346000"", ""overruns"": ""80"", ""limited_commands"": ""2"", ""timing_dropped"": ""0""}"
12,b'\x00',can_mock,Active,"{""fault_code"": ""0"", ""cycles"": ""79450"", ""bus_fault_reason"": """", ""period_us"": ""9972.229000"", ""max_abs_jitter_us"": ""35977.843000"", ""read_us"": ""7.493000"", ""write_us"": ""6.371000"", ""overruns"": ""80"", ""limited_commands"": ""2"", ""timing_dropped"": ""0""}"
12,b'\x00',can_mock,Active,"{""fault_code"": ""0"", ""cycles"": ""79460"", ""bus_fault_reason"": """", ""period_us"": ""10878.203000"", ""max_abs_jitter_us"": ""35977.843000"", ""read_us"": ""6.259000"", ""write_us"": ""1.762000"", ""overruns"": ""80"", ""limited_commands"": ""2"", ""timing_dropped"": ""0""}"
12,b'\x00',can_mock,Active,"{""fault_code"": ""0"", ""cycles"": ""79470"", ""bus_fault_reason"": """", ""period_us"": ""9993.068000"", ""max_abs_jitter_us"": ""35977.843000"", ""read_us"": ""5.266000"", ""write_us"": ""5.344000"", ""overruns"": ""80"", ""limited_commands"": ""2"", ""timing_dropped"": ""0""}"
12,b'\x00',can_mock,Active,"{""fault_code"": ""0"", ""cycles"": ""79480"", ""bus_fault_reason"": """", ""period_us"": ""10011.261000"", ""max_abs_jitter_us"": ""35977.843000"", ""read_us"": ""5.141000"", ""write_us"": ""3.191000"", ""overruns"": ""80"", ""limited_commands"": ""2"", ""timing_dropped"": ""0""}"
12,b'\x00',can_mock,Active,"{""fault_code"": ""0"", ""cycles"": ""79489"", ""bus_fault_reason"": """", ""period_us"": ""33789.576000"", ""max_abs_jitter_us"": ""35977.843000"", ""read_us"": ""32.695000"", ""write_us"": ""17.291000"", ""overruns"": ""81"", ""limited_commands"": ""2"", ""timing_dropped"": ""0""}"
12,b'\x00',can_mock,Active,"{""fault_code"": ""0"", ""cycles"": ""79498"", ""bus_fault_reason"": """", ""period_us"": ""12086.155000"", ""max_abs_jitter_us"": ""35977.843000"", ""read_us"": ""6.122000"", ""write_us"": ""2.959000"", ""overruns"": ""81"", ""limited_commands"": ""2"", ""timing_dropped"": ""0""}"
12,b'\x00',can_mock,Active,"{""fault_code"": ""0"", ""cycles"": ""79508"", ""bus_fault_reason"": """", ""period_us"": ""9953.795000"", ""max_abs_jitter_us"": ""35977.843000"", ""read_us"": ""5.285000"", ""write_us"": ""3.088000"", ""overruns"": ""81"", ""limited_commands"": ""2"", ""timing_dropped"": ""0""}"
12,b'\x00',can_mock,Active,"{""fault_code"": ""0"", ""cycles"": ""79518"", ""bus_fault_reason"": """", ""period_us"": ""9970.524000"", ""max_abs_jitter_us"": ""35977.843000"", ""read_us"": ""41.770000"", ""write_us"": ""5.231000"", ""overruns"": ""81"", ""limited_commands"": ""2"", ""timing_dropped"": ""0""}"
12,b'\x00',can_mock,Active,"{""fault_code"": ""0"", ""cycles"": ""79528"", ""bus_fault_reason"": """", ""period_us"": ""10424.728000"", ""max_abs_jitter_us"": ""35977.843000"", ""read_us"": ""5.103000"", ""write_us"": ""3.460000"", ""overruns"": ""81"", ""limited_commands"": ""2"", ""timing_dropped"": ""0""}"
12,b'\x00',can_mock,Active,"{""fault_code"": ""0"", ""cycles"": ""79538"", ""bus_fault_reason"": """", ""period_us"": ""9865.625000"", ""max_abs_jitter_us"": ""35977.843000"", ""read_us"": ""6.850000"", ""write_us"": ""4.333000"", ""overruns"": ""81"", ""limited_commands"": ""2"", ""timing_dropped"": ""0""}"
12,b'\x00',can_mock,Active,"{""fault_code"": ""0"", ""cycles"": ""79548"", ""bus_fault_reason"": """", ""period_us"": ""8949.149000"", ""max_abs_jitter_us"": ""35977.843000"", ""read_us"": ""51.190000"", ""write_us"": ""3.214000"", ""overruns"": ""81"", ""limited_commands"": ""2"", ""timing_dropped"": ""0""}"
12,b'\x00',can_mock,Active,"{""fault_code"": ""0"", ""cycles"": ""79558"", ""bus_fault_reason"": """", ""period_us"": ""10233.499000"", ""max_abs_jitter_us"": ""35977.843000"", ""read_us"": ""26.482000"", ""write_us"": ""2.887000"", ""overruns"": ""81"", ""limited_commands"": ""2"", ""timing_dropped"": ""0""}"
12,b'\x00',can_mock,Active,"{""fault_code"": ""0"", ""cycles"": ""79568"", ""bus_fault_reason"": """", ""period_us"": ""9976.862000"", ""max_abs_jitter_us"": ""35977.843000"", ""read_us"": ""5.211000"", ""write_us"": ""2.152000"", ""overruns"": ""81"", ""limited_commands"": ""2"", ""timing_dropped"": ""0""}"
12,b'\x00',can_mock,Active,"{""fault_code"": ""0"", ""cycles"": ""79578"", ""bus_fault_reason"": """", ""period_us"": ""9926.875000"", ""max_abs_jitter_us"": ""35977.843000"", ""read_us"": ""5.476000"", ""write_us"": ""17.668000"", ""overruns"": ""81"", ""limited_commands"": ""2"", ""timing_dropped"": ""0""}"
12,b'\x00',can_mock,Active,"{""fault_code"": ""0"", ""cycles"": ""79588"", ""bus_fault_reason"": """", ""period_us"": ""10164.418000"", ""max_abs_jitter_us"": ""35977.843000"", ""read_us"": ""93.544000"", ""write_us"": ""4.439000"", ""overruns"": ""81"", ""limited_commands"": ""2"", ""timing_dropped"": ""0""}"
12,b'\x00',can_mock,Active,"{""fault_code"": ""0"", ""cycles"": ""79598"", ""bus_fault_reason"": """", ""period_us"": ""9933.322000"", ""max_abs_jitter_us"": ""35977.843000"", ""read_us"": ""4.869000"", ""write_us"": ""2.024000"", ""overruns"": ""81"", ""limited_commands"": ""2"", ""timing_dropped"": ""0""}"
12,b'\x00',can_mock,Active,"{""fault_code"": ""0"", ""cycles"": ""79608"", ""bus_fault_reason"": """", ""period_us"": ""9957.237000"", ""max_abs_jitter_us"": ""35977.843000"", ""read_us"": ""15.497000"", ""write_us"": ""17.442000"", ""overruns"": ""81"", ""limited_commands"": ""2"", ""timing_dropped"": ""0""}"
12,b'\x00',can_mock,Active,"{""fault_code"": ""0"", ""cycles"": ""79618"", ""bus_fault_reason"": """", ""period_us"": ""11114.994000"", ""max_abs_jitter_us"": ""35977.843000"", ""read_us"": ""5.209000"", ""write_us"": ""3.041000"", ""overruns"": ""81"", ""limited_commands"": ""2"", ""timing_dropped"": ""0""}"
12,b'\x00',can_mock,Active,"{""fault_code"": ""0"", ""cycles"": ""79628"", ""bus_fault_reason"": """", ""period_us"": ""9957.896000"", ""max_abs_jitter_us"": ""35977.843000"", ""read_us"": ""5.487000"", ""write_us"": ""2.827000"", ""overruns"": ""81"", ""limited_commands"": ""2"", ""timing_dropped"": ""0""}"
12,b'\x00',can_mock,Active,"{""fault_code"": ""0"", ""cycles"": ""79638"", ""bus_fault_reason"": """", ""period_us"": ""9999.107000"", ""max_abs_jitter_us"": ""35977.843000"", ""read_us"": ""5.292000"", ""write_us"": ""3.567000"", ""overruns"": ""81"", ""limited_commands"": ""2"", ""timing_dropped"": ""0""}"
12,b'\x00',can_mock,Active,"{""fault_code"": ""0"", ""cycles"": ""79648"", ""bus_fault_reason"": """", ""period_us"": ""8773.236000"", ""max_abs_jitter_us"": ""35977.843000"", ""read_us"": ""487.091000"", ""write_us"": ""2.968000"", ""overruns"": ""81"", ""limited_commands"": ""2"", ""timing_dropped"": ""0""}"
12,b'\x00',can_mock,Active,"{""fault_code"": ""0"", ""cycles"": ""79658"", ""bus_fault_reason"": """", ""period_us"": ""9953.203000"", ""max_abs_jitter_us"": ""35977.843000"", ""read_us"": ""3.815000"", ""write_us"": ""4.266000"", ""overruns"": ""81"", ""limited_commands"": ""2"", ""timing_dropped"": ""0""}"
12,b'\x00',can_mock,Active,"{""fault_code"": ""0"", ""cycles"": ""79668"", ""bus_fault_reason"": """", ""period_us"": ""10288.933000"", ""max_abs_jitter_us"": ""35977.843000"", ""read_us"": ""6.711000"", ""write_us"": ""5.003000"", ""overruns"": ""81"", ""limited_commands"": ""2"", ""timing_dropped"": ""0""}"
12,b'\x00',can_mock,Active,"{""fault_code"": ""0"", ""cycles"": ""79678"", ""bus_fault_reason"": """", ""period_us"": ""9971.522000"", ""max_abs_jitter_us"": ""35977.843000"", ""read_us"": ""3.721000"", ""write_us"": ""2.759000"", ""overruns"": ""81"", ""limited_commands"": ""2"", ""timing_dropped"": ""0""}"
12,b'\x00',can_mock,Active,"{""fault_code"": ""0"", ""cycles"": ""79688"", ""bus_fault_reason"": """", ""period_us"": ""10146.609000"", ""max_abs_jitter_us"": ""35977.843000"", ""read_us"": ""7.260000"", ""write_us"": ""6.252000"", ""overruns"": ""81"", ""limited_commands"": ""2"", ""timing_dropped"": ""0""}"
12,b'\x00',can_mock,Active,"{""fault_code"": ""0"", ""cycles"": ""79698"", ""bus_fault_reason"": """", ""period_us"": ""10085.812000"", ""max_abs_jitter_us"": ""35977.843000"", ""read_us"": ""36.431000"", ""write_us"": ""14.679000"", ""overruns"": ""81"", ""limited_commands"": ""2"", ""timing_dropped"": ""0""}"
12,b'\x00',can_mock,Active,"{""fault_code"": ""0"", ""cycles"": ""79708"", ""bus_fault_reason"": """", ""period_us"": ""10295.549000"", ""max_abs_jitter_us"": ""35977.843000"", ""read_us"": ""14.299000"", ""write_us"": ""2.604000"", ""overruns"": ""81"", ""limited_commands"": ""2"", ""timing_dropped"": ""0""}"
12,b'\x00',can_mock,Active,"{""fault_code"": ""0"", ""cycles"": ""79718"", ""bus_fault_reason"": """", ""period_us"": ""9962.072000"", ""max_abs_jitter_us"": ""35977.843000"", ""read_us"": ""6.841000"", ""write_us"": ""4.632000"", ""overruns"": ""81"", ""limited_commands"": ""2"", ""timing_dropped"": ""0""}"
12,b'\x00',can_mock,Active,"{""fault_code"": ""0"", ""cycles"": ""79728"", ""bus_fault_reason"": """", ""period_us"": ""10031.188000"", ""max_abs_jitter_us"": ""35977.843000"", ""read_us"": ""5.926000"", ""write_us"": ""2.911000"", ""overruns"": ""81"", ""limited_commands"": ""2"", ""timing_dropped"": ""0""}"
