receipt_case,cycle,period_us,read_us,write_us,expected_period_us
0,64105.0,10042.630000000001,8.652,3.678,10000.0
0,64106.0,10022.278,3.271,1.568,10000.0
0,64107.0,10032.859,5.858,4.102,10000.0
0,64108.0,9893.258,5.598,4.938,10000.0
0,64109.0,10002.377,3.76,3.197,10000.0
0,64110.0,10032.537,4.333,2.141,10000.0
0,64111.0,10272.39,6.624,2.852,10000.0
0,64112.0,9922.542,33.934,2.5,10000.0
0,64113.0,12290.271,19.282,29.395,10000.0
0,64114.0,7465.675,3.378,1.933,10000.0
0,64115.0,9985.733,3.68,3.083,10000.0
0,64116.0,10027.414999999999,3.95,1.809,10000.0
0,64117.0,9992.129,3.966,2.409,10000.0
0,64118.0,10023.449,4.276,2.776,10000.0
0,64119.0,9980.625,4.357,2.626,10000.0
0,64120.0,11119.178,4.246,1.72,10000.0
0,64121.0,8934.117,4.549,4.4,10000.0
0,64122.0,9954.235,3.369,1.996,10000.0
0,64123.0,9993.177000000001,3.845,3.484,10000.0
0,64124.0,10001.398,4.784,2.542,10000.0
0,64125.0,10034.461,3.59,2.402,10000.0
0,64126.0,10273.223,4.453,1.457,10000.0
0,64127.0,9818.998000000001,29.998,11.739,10000.0
0,64128.0,9952.423999999999,12.203,10.362,10000.0
0,64129.0,10641.059,38.483,3.102,10000.0
0,64130.0,9335.772,11.724,16.205,10000.0
0,64131.0,9967.027999999998,5.707,2.427,10000.0
0,64132.0,10055.7,10.515,23.462,10000.0
0,64133.0,10046.727,4.326,7.658,10000.0
0,64134.0,9888.713,3.79,3.257,10000.0
0,64135.0,10035.162,4.603,1.464,10000.0
0,64136.0,10105.413,5.965,2.964,10000.0
0,64137.0,9841.97,4.053,12.186,10000.0
0,64138.0,9998.032000000001,4.411,1.231,10000.0
0,64139.0,10025.462000000001,4.106,2.767,10000.0
0,64140.0,10220.93,7.17,2.796,10000.0
0,64141.0,10373.969000000001,34.502,2.965,10000.0
0,64142.0,10588.792,4.24,5.567,10000.0
0,64143.0,8802.11,4.893,1.783,10000.0
0,64144.0,10088.308,6.328,4.042,10000.0
0,64145.0,10070.268,12.12,3.417,10000.0
0,64146.0,9875.68,5.116,1.616,10000.0
0,64147.0,10006.34,7.721,4.542,10000.0
0,64148.0,10114.912,9.794,4.218,10000.0
0,64149.0,9847.209,5.425,3.928,10000.0
0,64150.0,9989.832,32.579,1.717,10000.0
0,64151.0,10055.722,5.133,6.06,10000.0
0,64152.0,9957.506,4.247,1.733,10000.0
0,64153.0,9975.876,3.852,1.309,10000.0
0,64154.0,10005.682,3.54,1.649,10000.0
0,64155.0,10012.752,6.35,3.119,10000.0
0,64156.0,10132.514000000001,5.478,1.954,10000.0
0,64157.0,9987.134,4.645,1.663,10000.0
0,64158.0,10577.425,4.017,1.535,10000.0
0,64159.0,9522.436,5.774,1.617,10000.0
0,64160.0,9804.866,4.094,4.574,10000.0
0,64161.0,9975.589,6.257,1.397,10000.0
0,64162.0,10024.739,3.72,2.001,10000.0
0,64163.0,10007.819,3.594,1.963,10000.0
0,64164.0,10115.146999999999,6.082,2.067,10000.0
0,64165.0,10093.104000000001,3.744,2.197,10000.0
0,64166.0,10827.144,4.048,2.326,10000.0
0,64167.0,8973.122,15.761,1.489,10000.0
0,64168.0,10088.838,33.508,1.425,10000.0
0,64169.0,10057.03,30.477,4.341,10000.0
0,64170.0,9973.421999999999,35.056,8.719,10000.0
0,64171.0,10315.175,32.205,2.17,10000.0
0,64172.0,9785.359,34.629,2.115,10000.0
0,64173.0,9796.422,6.302,12.517,10000.0
0,64174.0,10193.519,6.953,2.856,10000.0
0,64175.0,9798.072999999999,5.246,20.292,10000.0
0,64176.0,9944.503999999999,4.909,2.769,10000.0
0,64177.0,10004.234,3.522,7.012,10000.0
0,64178.0,10036.667000000001,4.394,4.371,10000.0
0,64179.0,10061.585,5.165,3.75,10000.0
0,64180.0,9929.29,3.645,1.448,10000.0
0,64181.0,10138.389,5.108,2.817,10000.0
0,64182.0,9891.38,3.613,2.006,10000.0
0,64183.0,10029.471,3.255,1.717,10000.0
0,64184.0,9923.453000000001,3.756,4.592,10000.0
0,64185.0,9989.075,3.066,1.607,10000.0
0,64186.0,9991.326000000001,3.745,2.633,10000.0
0,64187.0,10034.448,4.129,3.358,10000.0
0,64188.0,10014.751,5.955,3.663,10000.0
0,64189.0,10001.58,5.972,3.452,10000.0
0,64190.0,10057.042000000001,5.295,1.323,10000.0
0,64191.0,10035.021,34.098,3.306,10000.0
0,64192.0,9897.032,5.376,2.468,10000.0
0,64193.0,10053.135,4.685,1.424,10000.0
0,64194.0,9940.072,29.836,4.932,10000.0
0,64195.0,10013.201,5.17,2.796,10000.0
0,64196.0,10016.389000000001,19.485,4.121,10000.0
0,64197.0,9985.741,3.821,1.725,10000.0
0,64198.0,10198.559,39.191,3.659,10000.0
0,64199.0,9816.09,5.899,2.054,10000.0
0,64200.0,11020.115,5.517,4.672,10000.0
0,64201.0,8983.096,7.042,3.539,10000.0
0,64202.0,10004.097,3.471,1.737,10000.0
0,64203.0,9949.357,5.423,2.009,10000.0
0,64204.0,9984.425,4.341,3.122,10000.0
0,64205.0,9994.576,3.043,1.7,10000.0
0,64206.0,10023.568,5.187,2.814,10000.0
0,64207.0,9976.992,3.748,2.016,10000.0
0,64208.0,10000.398000000001,4.104,1.694,10000.0
0,64209.0,9999.172,3.905,1.759,10000.0
0,64210.0,10044.649,4.214,1.705,10000.0
0,64211.0,9971.169,3.538,2.906,10000.0
0,64212.0,10006.603,3.485,2.225,10000.0
0,64213.0,10019.685,3.838,2.102,10000.0
0,64214.0,9964.476999999999,3.964,2.806,10000.0
0,64215.0,10036.448,4.221,1.489,10000.0
0,64216.0,9968.943,6.204,1.702,10000.0
0,64217.0,10030.895,4.521,2.46,10000.0
0,64218.0,9971.252,4.283,1.437,10000.0
0,64219.0,10137.032000000001,6.732,2.131,10000.0
0,64220.0,9905.464,4.668,2.748,10000.0
0,64221.0,9948.762999999999,4.922,3.825,10000.0
0,64222.0,10289.128999999999,43.434,4.128,10000.0
0,64223.0,9730.73,4.117,1.446,10000.0
0,64224.0,10027.694,3.706,2.027,10000.0
0,64225.0,9957.04,3.247,1.327,10000.0
0,64226.0,10059.821,4.227,1.591,10000.0
0,64227.0,9955.043,4.078,2.419,10000.0
0,64228.0,10000.651,4.733,2.489,10000.0
0,64229.0,10065.051,22.109,2.676,10000.0
0,64230.0,10126.674,4.808,2.851,10000.0
0,64231.0,9910.735,4.609,3.155,10000.0
0,64232.0,10008.025,4.951,1.853,10000.0
0,64233.0,9958.537,4.089,1.433,10000.0
0,64234.0,10229.118,5.892,3.439,10000.0
0,64235.0,9761.836,25.15,1.401,10000.0
0,64236.0,9932.177,4.444,2.843,10000.0
0,64237.0,9990.538,4.033,4.333,10000.0
0,64238.0,10120.683,5.619,1.189,10000.0
0,64239.0,9883.772,4.386,3.14,10000.0
0,64240.0,9988.651,3.716,2.16,10000.0
0,64241.0,10537.76,30.389,2.781,10000.0
0,64242.0,9613.602,4.76,2.79,10000.0
0,64243.0,10618.229,34.754,3.536,10000.0
0,64244.0,9267.783,4.165,4.297,10000.0
0,64245.0,10312.605000000001,6.056,1.958,10000.0
0,64246.0,9888.994999999999,4.656,2.714,10000.0
0,64247.0,9902.298,29.108,2.863,10000.0
0,64248.0,10001.664,20.607,13.233,10000.0
0,64249.0,10042.086000000001,30.683,16.771,10000.0
0,64250.0,9921.878999999999,11.636,2.548,10000.0
0,64251.0,9993.987,10.661,11.516,10000.0
0,64252.0,10017.381000000001,18.019,3.226,10000.0
0,64253.0,9912.558,3.765,2.986,10000.0
0,64254.0,10633.591,5.488,2.183,10000.0
0,64255.0,9420.507,4.819,4.153,10000.0
0,64256.0,9944.069,4.296,12.383,10000.0
0,64257.0,9981.613000000001,3.516,1.817,10000.0
0,64258.0,9993.729,3.338,2.083,10000.0
0,64259.0,10103.284000000001,4.579,1.546,10000.0
0,64260.0,9984.461,4.812,1.963,10000.0
0,64261.0,9957.967,5.288,2.709,10000.0
0,64262.0,10065.385,4.166,1.616,10000.0
0,64263.0,10158.514000000001,3.64,1.759,10000.0
0,64264.0,9791.108999999999,7.623,3.673,10000.0
0,64265.0,10011.142,3.252,1.368,10000.0
0,64266.0,9938.878999999999,4.925,3.461,10000.0
0,64267.0,10149.45,5.354,4.718,10000.0
0,64268.0,10005.52,30.279,4.66,10000.0
0,64269.0,10035.661,36.056,2.915,10000.0
0,64270.0,10234.802,3.68,1.748,10000.0
0,64271.0,9602.332999999999,20.645,41.36,10000.0
0,64272.0,10116.638,12.611,15.919,10000.0
0,64273.0,10032.865,15.318,2.181,10000.0
0,64274.0,9855.368999999999,8.533,13.191,10000.0
0,64275.0,9992.4,10.873,8.489,10000.0
0,64276.0,9975.274,4.369,4.087,10000.0
0,64277.0,10050.753,6.741,1.693,10000.0
0,64278.0,10120.418000000001,7.476,4.562,10000.0
0,64279.0,9844.872,6.482,8.591,10000.0
0,64280.0,10026.125,5.535,1.82,10000.0
0,64281.0,10008.899,4.846,5.974,10000.0
0,64282.0,9953.579,4.117,5.238,10000.0
0,64283.0,10046.961,6.071,7.173,10000.0
0,64284.0,9945.015,6.344,4.195,10000.0
0,64285.0,9988.756,3.678,2.201,10000.0
0,64286.0,10579.476,7.329,2.726,10000.0
0,64287.0,9438.761,3.062,1.571,10000.0
0,64288.0,9997.387,3.817,1.845,10000.0
0,64289.0,9986.2,3.664,2.97,10000.0
0,64290.0,10029.171999999999,4.946,2.572,10000.0
0,64291.0,9980.304,4.518,1.642,10000.0
0,64292.0,9997.100999999999,4.201,1.594,10000.0
0,64293.0,10320.729000000001,30.473,1.994,10000.0
0,64294.0,10104.694,6.369,3.368,10000.0
0,64295.0,9563.255,3.908,7.833,10000.0
0,64296.0,10041.79,3.661,25.067,10000.0
0,64297.0,10086.573,6.083,3.429,10000.0
0,64298.0,9999.472,3.547,2.885,10000.0
0,64299.0,9875.023,5.768,2.175,10000.0
0,64300.0,10063.042,14.129,24.222,10000.0
0,64301.0,10042.328,15.689,4.148,10000.0
0,64302.0,10209.247,3.636,2.017,10000.0
0,64303.0,9688.476999999999,4.177,1.93,10000.0
0,64304.0,10085.644,5.234,3.479,10000.0
0,64305.0,9985.803,3.781,1.257,10000.0
0,64306.0,9956.947,4.27,2.094,10000.0
0,64307.0,10076.543,3.325,1.659,10000.0
0,64308.0,9897.886,3.616,1.744,10000.0
0,64309.0,10003.661,14.735,3.482,10000.0
0,64310.0,10163.309000000001,23.678,2.437,10000.0
0,64311.0,10134.92,32.911,2.401,10000.0
0,64312.0,9787.9,12.74,25.354,10000.0
0,64313.0,10182.382,27.258,2.264,10000.0
0,64314.0,10234.307999999999,31.971,8.859,10000.0
0,64315.0,9764.591,27.312,1.709,10000.0
0,64316.0,9781.185,5.697,1.635,10000.0
0,64317.0,10112.455,15.727,16.627,10000.0
0,64318.0,9905.487,28.992,3.727,10000.0
0,64319.0,9948.115,5.148,4.107,10000.0
0,64320.0,10441.931,6.604,4.753,10000.0
0,64321.0,9615.82,11.526,5.711,10000.0
0,64322.0,10455.341999999999,5.923,7.056,10000.0
0,64323.0,11593.986,5.18,5.355,10000.0
0,64324.0,8077.219999999999,6.248,4.958,10000.0
0,64325.0,11087.106,36.522,3.691,10000.0
0,64326.0,9048.264000000001,38.05,4.571,10000.0
0,64327.0,11926.23,47.311,3.975,10000.0
0,64328.0,7786.608,7.758,4.517,10000.0
0,64329.0,11431.439,10.598,16.205,10000.0
0,64330.0,8582.827,6.682,3.17,10000.0
0,64331.0,10037.401,5.187,3.925,10000.0
0,64332.0,10101.455,6.159,11.142,10000.0
0,64333.0,9883.27,8.799,12.564,10000.0
0,64334.0,10225.181,69.647,6.115,10000.0
0,64335.0,9772.683,8.348,3.221,10000.0
0,64336.0,9895.728,5.807,4.426,10000.0
0,64337.0,10084.387,6.375,4.436,10000.0
0,64338.0,9940.337000000001,6.424,6.196,10000.0
0,64339.0,10755.189,6.551,4.932,10000.0
0,64340.0,9290.561,6.425,3.546,10000.0
0,64341.0,9979.978000000001,6.471,5.204,10000.0
0,64342.0,10339.658,6.479,4.894,10000.0
0,64343.0,9660.078000000001,7.177,18.115,10000.0
0,64344.0,10094.393,5.832,3.868,10000.0
0,64345.0,9850.901,5.758,17.808,10000.0
0,64346.0,10034.418,7.208,4.692,10000.0
0,64347.0,10077.868,6.148,2.958,10000.0
0,64348.0,9997.454,5.853,4.395,10000.0
0,64349.0,9972.151,7.494,5.436,10000.0
0,64350.0,9949.553,6.224,3.064,10000.0
0,64351.0,11760.036999999998,7.252,2.825,10000.0
0,64352.0,8479.876,19.609,3.64,10000.0
0,64353.0,9931.043,20.07,13.75,10000.0
0,64354.0,10189.116,5.368,2.902,10000.0
0,64355.0,9949.296,6.411,4.788,10000.0
0,64356.0,9727.176000000001,7.88,6.264,10000.0
0,64357.0,10012.532,6.777,4.951,10000.0
0,64358.0,10280.785,38.252,4.556,10000.0
0,64359.0,9892.682,17.551,5.544,10000.0
0,64360.0,9810.726,6.835,5.773,10000.0
0,64361.0,9986.32,6.761,4.678,10000.0
0,64362.0,10010.315,6.83,6.159,10000.0
0,64363.0,10052.845,5.951,4.138,10000.0
0,64364.0,10794.916,38.992,11.124,10000.0
0,64365.0,9132.376,5.754,4.24,10000.0
0,64366.0,10501.009,36.354,3.754,10000.0
0,64367.0,10654.136,41.603,11.737,10000.0
0,64368.0,9681.807,37.078,7.877,10000.0
0,64369.0,10161.535,5.395,2.041,10000.0
0,64370.0,9135.355,39.803,3.539,10000.0
0,64371.0,9888.825,8.888,4.016,10000.0
0,64372.0,9993.202,4.993,2.701,10000.0
0,64373.0,10013.666,8.425,7.902,10000.0
0,64374.0,10276.725,7.094,2.777,10000.0
0,64375.0,9744.77,13.266,1.831,10000.0
0,64376.0,9992.845,8.122,6.006,10000.0
0,64377.0,9982.298,6.55,4.279,10000.0
0,64378.0,9993.889000000001,8.097,2.978,10000.0
0,64379.0,10319.607,20.84,9.657,10000.0
0,64380.0,9671.229,5.867,3.602,10000.0
0,64381.0,9990.66,5.69,3.98,10000.0
0,64382.0,9996.564,5.839,3.795,10000.0
0,64383.0,10002.14,5.821,3.671,10000.0
0,64384.0,10055.761999999999,8.209,4.279,10000.0
0,64385.0,9934.516,4.54,4.242,10000.0
0,64386.0,10008.301000000001,5.407,35.792,10000.0
0,64387.0,11307.304,5.879,3.977,10000.0
0,64388.0,8817.379,6.774,5.068,10000.0
0,64389.0,10087.297999999999,7.031,2594.7,10000.0
0,64390.0,10000.718,6.542,3.84,10000.0
0,64391.0,9755.046999999999,8.084,4.633,10000.0
0,64392.0,12224.437,20.38,19.752,10000.0
0,64393.0,8182.148,7.352,3.492,10000.0
0,64394.0,18595.478,27.282,3.222,10000.0
0,64395.0,1068.327,5.67,2.168,10000.0
0,64396.0,11025.97,7.046,2.7,10000.0
0,64397.0,8927.04,5.234,2.862,10000.0
0,64398.0,10301.401,5.426,2.096,10000.0
0,64399.0,10397.225,7.275,2.247,10000.0
0,64400.0,9412.716,16.743,6.776,10000.0
0,64401.0,9915.880000000001,6.694,2.245,10000.0
0,64402.0,9963.33,5.171,1.868,10000.0
0,64403.0,10035.653,6.146,4.173,10000.0
0,64404.0,10200.731,6.656,3.045,10000.0
0,64405.0,9716.262999999999,4.169,1.585,10000.0
0,64406.0,10063.69,3.892,2.401,10000.0
0,64407.0,9988.172,4.02,2.396,10000.0
0,64408.0,10166.422,22.52,17.556,10000.0
0,64409.0,10019.88,41.663,3.33,10000.0
0,64410.0,10091.904,19.643,4.406,10000.0
0,64411.0,11115.699,44.171,2.502,10000.0
0,64412.0,8680.198999999999,7.235,5.386,10000.0
0,64413.0,9982.380000000001,7.725,4.822,10000.0
0,64414.0,10970.494,8.872,5.348,10000.0
0,64415.0,9077.383,14.181,3.92,10000.0
0,64416.0,9923.302,5.165,6.391,10000.0
0,64417.0,10026.627999999999,6.854,4.272,10000.0
0,64418.0,9972.333999999999,5.7,3.492,10000.0
0,64419.0,10179.518,6.289,4.796,10000.0
0,64420.0,9827.653,5.508,4.194,10000.0
0,64421.0,9992.018,5.969,3.211,10000.0
0,64422.0,10008.204,5.929,4.436,10000.0
0,64423.0,10368.405,17.508,28.01,10000.0
0,64424.0,9717.689,6.27,2.674,10000.0
0,64425.0,9929.9,7.127,3.879,10000.0
0,64426.0,9990.98,5.477,3.626,10000.0
0,64427.0,10777.15,7.354,3.963,10000.0
0,64428.0,9530.731,9.029,5.008,10000.0
0,64429.0,9692.073,8.142,18.029,10000.0
0,64430.0,10349.514000000001,41.417,2.934,10000.0
0,64431.0,9660.741,7.641,6.643,10000.0
0,64432.0,10098.065999999999,19.072,6.429,10000.0
0,64433.0,10014.109,5.93,4.579,10000.0
0,64434.0,9984.331,6.866,3.282,10000.0
0,64435.0,9892.361,6.288,3.864,10000.0
0,64436.0,10097.187,4.975,2.562,10000.0
0,64437.0,9862.577000000001,5.298,4.07,10000.0
0,64438.0,10282.53,7.225,2.87,10000.0
0,64439.0,10186.223,16.064,10.85,10000.0
0,64440.0,9714.206,6.607,3.734,10000.0
0,64441.0,9822.914,7.036,6.614,10000.0
0,64442.0,10392.284,8.227,3.205,10000.0
0,64443.0,9629.499,5.521,8.08,10000.0
0,64444.0,10139.165,8.48,5.783,10000.0
0,64445.0,9830.644,4.548,2.7,10000.0
0,64446.0,10014.686,7.332,3.847,10000.0
0,64447.0,10500.194,40.577,3.928,10000.0
0,64448.0,9555.282,14.973,5.448,10000.0
0,64449.0,10174.548,12.091,4.826,10000.0
0,64450.0,10116.730000000001,15.065,286.783,10000.0
0,64451.0,9684.025000000001,5.676,2.433,10000.0
0,64452.0,9995.123,6.229,4.735,10000.0
0,64453.0,9926.979000000001,6.393,3.066,10000.0
0,64454.0,11488.470000000001,5.24,4.331,10000.0
0,64455.0,8661.85,7.469,5.903,10000.0
0,64456.0,10590.682,4.979,5.345,10000.0
0,64457.0,9448.547999999999,5.583,3.86,10000.0
0,64458.0,9865.317000000001,4.041,3.992,10000.0
0,64459.0,10165.716999999999,6.701,5.827,10000.0
0,64460.0,9893.581,7.482,3.295,10000.0
0,64461.0,10033.349,4.807,3.822,10000.0
0,64462.0,10061.753999999999,35.982,2.68,10000.0
0,64463.0,9969.476,47.23,3.16,10000.0
0,64464.0,9873.945,6.53,3.245,10000.0
0,64465.0,10239.707,40.602,11.743,10000.0
0,64466.0,9995.944,13.76,11.681,10000.0
0,64467.0,9820.043,12.598,12.13,10000.0
0,64468.0,9968.59,4.341,7.704,10000.0
0,64469.0,10153.728000000001,19.358,7.894,10000.0
0,64470.0,10397.231,37.061,19.397,10000.0
0,64471.0,9704.963,12.087,2.021,10000.0
0,64472.0,9834.703,11.428,5.064,10000.0
0,64473.0,9900.913,5.073,2.178,10000.0
0,64474.0,10023.189999999999,8.288,4.43,10000.0
0,64475.0,11524.349999999999,12.559,3.844,10000.0
0,64476.0,8453.263,6.54,3.149,10000.0
0,64477.0,10313.734,4.602,1.897,10000.0
0,64478.0,10429.618999999999,7.882,2.192,10000.0
0,64479.0,9521.158,36.466,3.761,10000.0
0,64480.0,9804.479,8.725,11.684,10000.0
0,64481.0,10210.1,15.849,4.959,10000.0
0,64482.0,9701.456,11.076,2.873,10000.0
0,64483.0,10346.651,8.611,6.663,10000.0
0,64484.0,9795.219000000001,6.977,3.796,10000.0
0,64485.0,10475.699999999999,7.71,3.945,10000.0
0,64486.0,10323.268,5.599,3.348,10000.0
0,64487.0,9239.409,30.832,3.952,10000.0
0,64488.0,9876.324,4.31,2.039,10000.0
0,64489.0,10658.568,12.582,11.924,10000.0
0,64490.0,9630.085,19.449,3.82,10000.0
0,64491.0,9714.456999999999,553.53,5.694,10000.0
0,64492.0,10164.801,9.283,3.507,10000.0
0,64493.0,10044.242,20.255,2.044,10000.0
0,64494.0,9970.848,6.915,4.123,10000.0
0,64495.0,9947.408,7.506,8.241,10000.0
0,64496.0,9880.076,6.712,3.978,10000.0
0,64497.0,9950.565,6.948,3.558,10000.0
0,64498.0,10215.315,16.019,6.057,10000.0
0,64499.0,10012.778999999999,560.565,4.207,10000.0
0,64500.0,9850.732,9.078,4.929,10000.0
0,64501.0,9879.933,6.078,4.185,10000.0
0,64502.0,9971.259,4.489,1.558,10000.0
0,64503.0,10091.737,8.056,3.33,10000.0
0,64504.0,9907.242,5.417,3.631,10000.0
0,64505.0,10231.472,28.288,2.418,10000.0
0,64506.0,9886.382000000001,35.084,1.864,10000.0
0,64507.0,9917.818,4.762,2.137,10000.0
0,64508.0,10991.404999999999,113.145,23.036,10000.0
0,64509.0,9989.581,5.2,3.816,10000.0
0,64510.0,9268.13,37.8,2.848,10000.0
0,64511.0,9944.714,17.224,86.23,10000.0
0,64512.0,9800.816,8.621,1.683,10000.0
0,64513.0,10152.969,8.827,1.767,10000.0
0,64514.0,10397.214,6.982,2.522,10000.0
0,64515.0,9409.750999999998,3.061,1.704,10000.0
0,64516.0,10020.377,5.316,3.665,10000.0
0,64517.0,10073.044,6.365,3.734,10000.0
0,64518.0,9973.734,4.459,1.655,10000.0
0,64519.0,10106.684,5.964,4.829,10000.0
0,64520.0,9997.572999999999,4.185,1.739,10000.0
0,64521.0,9898.887999999999,4.688,1.473,10000.0
0,64522.0,9991.059,3.832,2.219,10000.0
0,64523.0,10006.865,4.061,8.988,10000.0
0,64524.0,10057.996,4.174,1.413,10000.0
0,64525.0,9936.769,3.663,1.436,10000.0
0,64526.0,10086.002,3.682,1.948,10000.0
0,64527.0,9888.516,3.393,1.565,10000.0
0,64528.0,10070.274000000001,4.204,1.173,10000.0
0,64529.0,10016.139000000001,6.353,2.077,10000.0
0,64530.0,10025.047,5.689,2.299,10000.0
0,64531.0,10033.880000000001,32.625,1.937,10000.0
0,64532.0,10031.294,32.334,1.776,10000.0
0,64533.0,10033.858999999999,36.764,3.217,10000.0
0,64534.0,9888.402,5.552,1.69,10000.0
0,64535.0,10459.738,14.514,1.802,10000.0
0,64536.0,9547.487000000001,15.496,6.787,10000.0
0,64537.0,10073.383,28.322,10.65,10000.0
0,64538.0,10023.815999999999,33.956,9.963,10000.0
0,64539.0,9980.129,4.649,3.082,10000.0
0,64540.0,9853.511,3.892,1.482,10000.0
0,64541.0,9982.858,5.352,3.653,10000.0
0,64542.0,10283.278999999999,5.416,3.032,10000.0
0,64543.0,9734.489000000001,4.409,1.953,10000.0
0,64544.0,10093.717999999999,7.154,3.793,10000.0
0,64545.0,9894.008,3.806,2.728,10000.0
0,64546.0,9989.787,6.457,2.374,10000.0
0,64547.0,10007.527,5.098,2.341,10000.0
0,64548.0,9997.008,4.746,1.978,10000.0
0,64549.0,10095.395,5.904,4.531,10000.0
0,64550.0,9882.187,3.374,2.403,10000.0
0,64551.0,10054.93,5.589,8.172,10000.0
0,64552.0,10143.187,5.634,3.532,10000.0
0,64553.0,10080.126,38.446,4.087,10000.0
0,64554.0,9758.627,5.297,2.056,10000.0
0,64555.0,10020.325,6.86,3.231,10000.0
0,64556.0,10346.762,39.36,4.007,10000.0
0,64557.0,9899.003999999999,34.491,2.624,10000.0
0,64558.0,10336.369999999999,49.17,4.843,10000.0
0,64559.0,9625.33,38.003,15.612,10000.0
0,64560.0,10035.312,28.001,10.271,10000.0
0,64561.0,10033.564999999999,5.543,4.617,10000.0
0,64562.0,9699.096000000001,6.21,4.449,10000.0
0,64563.0,10005.136,6.466,6.355,10000.0
0,64564.0,9985.319,6.276,3.08,10000.0
0,64565.0,10219.394,3.665,1.539,10000.0
0,64566.0,9805.23,6.191,4.511,10000.0
0,64567.0,9960.213000000002,4.055,1.441,10000.0
0,64568.0,10048.335000000001,5.68,3.624,10000.0
0,64569.0,10008.773000000001,8.466,3.931,10000.0
0,64570.0,9983.882,4.102,1.908,10000.0
0,64571.0,9955.807,26.334,5.267,10000.0
0,64572.0,10024.076,3.432,3.754,10000.0
0,64573.0,10001.876999999999,4.775,31.923,10000.0
0,64574.0,9990.392,6.511,2.276,10000.0
0,64575.0,10063.487,69.133,29.958,10000.0
0,64576.0,10091.66,8.864,2.312,10000.0
0,64577.0,9852.662,4.391,3.112,10000.0
0,64578.0,10057.024,11.679,13.343,10000.0
0,64579.0,9996.92,5.703,13.768,10000.0
0,64580.0,10169.029,38.901,20.977,10000.0
0,64581.0,9766.371,3.996,2.963,10000.0
0,64582.0,10061.437,15.898,1.566,10000.0
0,64583.0,9971.081999999999,4.645,4.202,10000.0
0,64584.0,10004.757,5.473,5.711,10000.0
0,64585.0,10021.787,9.354,7.403,10000.0
0,64586.0,9990.853,6.621,5.732,10000.0
0,64587.0,9945.498000000001,3.921,2.435,10000.0
0,64588.0,10157.127999999999,4.525,2.012,10000.0
0,64589.0,9854.966,6.796,3.289,10000.0
0,64590.0,11140.953,4.874,1.395,10000.0
0,64591.0,8845.01,4.071,1.682,10000.0
0,64592.0,9993.46,3.622,1.658,10000.0
0,64593.0,10040.148000000001,4.082,2.017,10000.0
0,64594.0,10003.282000000001,6.375,37.314,10000.0
0,64595.0,9956.207999999999,2.631,2.273,10000.0
0,64596.0,10025.126,4.084,1.662,10000.0
0,64597.0,10007.678,4.173,1.585,10000.0
0,64598.0,9982.22,4.32,1.922,10000.0
0,64599.0,9988.675000000001,3.773,3.347,10000.0
0,64600.0,9998.638,3.981,5.27,10000.0
0,64601.0,9967.767,3.651,2.467,10000.0
0,64602.0,9994.180999999999,4.711,78.153,10000.0
0,64603.0,10071.717,4.936,4.037,10000.0
0,64604.0,10000.605,4.493,86.71,10000.0
0,64605.0,9971.755000000001,4.107,2.279,10000.0
0,64606.0,10035.512999999999,5.036,1.454,10000.0
0,64607.0,9990.436,3.84,2.951,10000.0
0,64608.0,9965.761,3.49,4.422,10000.0
0,64609.0,10113.636,4.301,1.927,10000.0
0,64610.0,10081.562,24.89,2.517,10000.0
0,64611.0,9883.363,41.676,1.892,10000.0
0,64612.0,10233.064999999999,74.414,3.464,10000.0
0,64613.0,10104.949999999999,8.23,2.821,10000.0
0,64614.0,9601.42,4.125,2.636,10000.0
0,64615.0,10344.891,24.847,2.598,10000.0
0,64616.0,9750.202,4.445,2.676,10000.0
0,64617.0,9994.058,31.753,1.76,10000.0
0,64618.0,10000.609,36.025,2.277,10000.0
0,64619.0,10071.849,15.805,13.557,10000.0
0,64620.0,9845.273,13.956,11.412,10000.0
0,64621.0,9995.944,4.145,3.065,10000.0
0,64622.0,10741.692000000001,6.144,2.128,10000.0
0,64623.0,9288.654,8.687,5.083,10000.0
0,64624.0,10149.594,11.369,2.467,10000.0
0,64625.0,9941.279,7.513,2.691,10000.0
0,64626.0,10024.416,11.191,3.859,10000.0
0,64627.0,9871.716,3.687,1.423,10000.0
0,64628.0,9959.244,4.203,1.362,10000.0
0,64629.0,10092.845,5.655,1.724,10000.0
0,64630.0,9942.66,4.496,1.469,10000.0
0,64631.0,10097.573,28.207,2.133,10000.0
0,64632.0,10099.978000000001,28.721,14.136,10000.0
0,64633.0,9772.783,3.708,1.713,10000.0
0,64634.0,10080.796,4.47,1.744,10000.0
0,64635.0,9918.174,4.283,1.593,10000.0
0,64636.0,10204.295,21.438,1.983,10000.0
0,64637.0,9817.259,5.351,2.481,10000.0
0,64638.0,10173.539,10.458,3.264,10000.0
0,64639.0,9884.604,4.131,2.668,10000.0
0,64640.0,10129.667,27.608,4.214,10000.0
0,64641.0,9808.776,3.981,3.257,10000.0
0,64642.0,12054.696,4.654,2.171,10000.0
0,64643.0,7971.710999999999,8.852,3.545,10000.0
0,64644.0,10059.641,6.332,4.047,10000.0
0,64645.0,9996.186000000002,16.824,2.749,10000.0
0,64646.0,9908.169,3.907,3.838,10000.0
0,64647.0,10001.688999999998,3.312,4.755,10000.0
0,64648.0,9995.485999999999,3.929,3.282,10000.0
0,64649.0,9949.266,8.809,2.047,10000.0
0,64650.0,10046.134,4.471,2.677,10000.0
0,64651.0,10205.588,5.445,2.978,10000.0
0,64652.0,9795.17,4.414,2.297,10000.0
0,64653.0,10015.985,3.913,3.005,10000.0
0,64654.0,11473.524000000001,3.559,1.356,10000.0
0,64655.0,8536.417,4.252,4.615,10000.0
0,64656.0,9995.589,3.63,3.281,10000.0
0,64657.0,9949.717,3.764,8.039,10000.0
0,64658.0,9989.368,3.696,2.04,10000.0
0,64659.0,10051.587000000001,6.441,4.034,10000.0
0,64660.0,9985.762,3.56,2.936,10000.0
0,64661.0,10165.203,10.634,29.833,10000.0
0,64662.0,9899.041000000001,7.852,4.72,10000.0
0,64663.0,9962.634,6.149,3.458,10000.0
0,64664.0,10022.616,5.9,1.428,10000.0
0,64665.0,10069.203000000001,4.225,2.33,10000.0
0,64666.0,9947.724,4.599,3.23,10000.0
0,64667.0,10104.251999999999,4.379,2.849,10000.0
0,64668.0,9853.089,3.903,1.451,10000.0
0,64669.0,10018.61,5.068,2.369,10000.0
0,64670.0,10088.226,4.898,2.882,10000.0
0,64671.0,9869.012,5.415,3.773,10000.0
0,64672.0,10103.635,27.856,1.958,10000.0
0,64673.0,10196.097,3.859,19.594,10000.0
0,64674.0,9740.708,6.89,2.671,10000.0
0,64675.0,10043.529,3.1,1.421,10000.0
0,64676.0,9963.497,3.744,1.775,10000.0
0,64677.0,9948.702000000001,4.441,1.241,10000.0
0,64678.0,10025.669,3.704,1.65,10000.0
0,64679.0,10005.316,4.417,1.612,10000.0
0,64680.0,9948.201000000001,4.186,1.651,10000.0
0,64681.0,9971.528,5.402,1.994,10000.0
0,64682.0,10174.324999999999,4.067,2.142,10000.0
0,64683.0,10095.575,5.951,1.955,10000.0
0,64684.0,9806.725,4.656,3.161,10000.0
0,64685.0,10074.689,5.6,2.131,10000.0
0,64686.0,10093.035,42.683,3.142,10000.0
0,64687.0,10118.564999999999,29.607,7.338,10000.0
0,64688.0,9954.192000000001,35.975,10.695,10000.0
0,64689.0,9939.668,15.783,4.293,10000.0
0,64690.0,9810.905999999999,4.102,1.445,10000.0
0,64691.0,10133.530999999999,4.305,1.647,10000.0
0,64692.0,9867.198,3.611,1.613,10000.0
0,64693.0,10019.104,3.823,2.061,10000.0
0,64694.0,10036.295,4.143,1.723,10000.0
0,64695.0,10157.941,28.771,6.131,10000.0
0,64696.0,9898.993999999999,11.433,16.102,10000.0
0,64697.0,10270.346,32.827,10.303,10000.0
0,64698.0,9727.341,12.757,2.302,10000.0
0,64699.0,9944.916,7.917,2.945,10000.0
0,64700.0,10361.658,4.552,1.615,10000.0
0,64701.0,9590.365,5.911,1.439,10000.0
0,64702.0,9983.284,4.87,3.249,10000.0
0,64703.0,10043.842,3.919,2.259,10000.0
0,64704.0,10184.355000000001,5.124,1.451,10000.0
0,64705.0,9795.622000000001,3.758,1.379,10000.0
0,64706.0,9987.226999999999,6.157,1.329,10000.0
0,64707.0,10081.947,3.694,1.276,10000.0
0,64708.0,9954.173999999999,3.959,1.447,10000.0
0,64709.0,9946.761,6.478,1.814,10000.0
0,64710.0,10053.236,4.409,1.391,10000.0
0,64711.0,10136.756,27.628,1.875,10000.0
0,64712.0,9908.887999999999,4.537,3.099,10000.0
0,64713.0,9925.83,4.021,1.473,10000.0
0,64714.0,10003.632,5.494,2.254,10000.0
0,64715.0,11091.841999999999,4.212,3.14,10000.0
0,64716.0,8930.300000000001,4.381,1.338,10000.0
0,64717.0,10040.971,4.276,1.811,10000.0
0,64718.0,10231.719000000001,124.584,3.877,10000.0
0,64719.0,9733.092,38.13,12.41,10000.0
0,64720.0,10032.693000000001,21.572,12.118,10000.0
0,64721.0,10050.716,4.582,8.803,10000.0
0,64722.0,9919.537,7.944,18.253,10000.0
0,64723.0,10039.549,5.38,2.234,10000.0
0,64724.0,10032.503,4.336,1.711,10000.0
0,64725.0,9873.358,2.711,1.765,10000.0
0,64726.0,10003.496000000001,3.433,1.838,10000.0
0,64727.0,9987.141,3.378,2.094,10000.0
0,64728.0,10004.960000000001,3.253,2.086,10000.0
0,64729.0,10033.261999999999,5.836,2.416,10000.0
0,64730.0,9983.316,4.861,2.835,10000.0
0,64731.0,9987.627,67.966,1.874,10000.0
0,64732.0,9994.727,3.472,2.037,10000.0
0,64733.0,9999.451,3.265,2.318,10000.0
0,64734.0,10024.003,5.655,3.496,10000.0
0,64735.0,9975.515000000001,4.052,2.931,10000.0
0,64736.0,10014.4,3.852,2.079,10000.0
0,64737.0,9975.909,3.756,1.253,10000.0
0,64738.0,10021.918,4.12,1.374,10000.0
0,64739.0,9988.639000000001,5.904,3.456,10000.0
0,64740.0,10333.165,28.269,3.398,10000.0
0,64741.0,11274.67,45.733,4.169,10000.0
0,64742.0,8430.149,6.223,16.058,10000.0
0,64743.0,10043.941,9.507,4.731,10000.0
0,64744.0,10013.253999999999,9.73,3.001,10000.0
0,64745.0,9982.917,8.46,7.156,10000.0
0,64746.0,9996.16,5.831,7.075,10000.0
0,64747.0,9956.267,4.21,2.971,10000.0
0,64748.0,10075.964999999998,4.613,17.505,10000.0
0,64749.0,9962.550000000001,5.803,2.395,10000.0
0,64750.0,9933.117999999999,4.374,2.25,10000.0
0,64751.0,10216.130000000001,35.641,1.67,10000.0
0,64752.0,10076.055,29.01,2.727,10000.0
0,64753.0,9789.357,3.49,2.928,10000.0
0,64754.0,10056.815,13.426,13.674,10000.0
0,64755.0,9996.411,13.006,10.04,10000.0
0,64756.0,10123.966999999999,34.635,2.636,10000.0
0,64757.0,9881.597,6.457,11.908,10000.0
0,64758.0,10232.175,33.588,1.922,10000.0
0,64759.0,10688.849,16.394,2.0,10000.0
0,64760.0,8986.257,8.95,2.927,10000.0
0,64761.0,10100.222000000002,10.07,1.777,10000.0
0,64762.0,10019.016,8.1,4.673,10000.0
0,64763.0,9818.729,9.663,2.005,10000.0
0,64764.0,10152.16,8.114,2.954,10000.0
0,64765.0,9885.692,4.166,1.975,10000.0
0,64766.0,9970.717,4.06,2.017,10000.0
0,64767.0,11230.594,3.501,1.837,10000.0
0,64768.0,8881.391000000001,6.92,2.861,10000.0
0,64769.0,9905.58,4.457,1.697,10000.0
0,64770.0,9991.222,3.997,1.503,10000.0
0,64771.0,10217.523,47.354,4.938,10000.0
0,64772.0,10043.867999999999,26.891,3.186,10000.0
0,64773.0,9781.401,3.923,3.641,10000.0
0,64774.0,10555.3,42.544,2.576,10000.0
0,64775.0,9411.641,4.082,2.602,10000.0
0,64776.0,10067.124,5.839,8.53,10000.0
0,64777.0,10227.802,27.602,5.187,10000.0
0,64778.0,9856.159,9.631,3.141,10000.0
0,64779.0,9916.038,9.668,10.388,10000.0
0,64780.0,10050.596,7.963,8.055,10000.0
0,64781.0,9939.205,6.981,2.851,10000.0
0,64782.0,11076.628,5.173,1.61,10000.0
0,64783.0,8871.752,3.881,2.391,10000.0
0,64784.0,9984.774,4.073,1.868,10000.0
0,64785.0,9996.478,3.583,1.675,10000.0
0,64786.0,9999.016,4.186,3.57,10000.0
0,64787.0,9998.778,3.917,2.461,10000.0
0,64788.0,10022.984,4.201,1.571,10000.0
0,64789.0,10000.586000000001,5.078,1.658,10000.0
0,64790.0,9976.098,4.013,4.096,10000.0
0,64791.0,10270.956,32.267,12.897,10000.0
0,64792.0,9949.079,43.315,8.713,10000.0
0,64793.0,9831.748,33.179,8.878,10000.0
0,64794.0,10257.389000000001,16.965,9.115,10000.0
0,64795.0,10017.67,39.683,15.562,10000.0
0,64796.0,9976.911999999998,7.722,2.943,10000.0
0,64797.0,11046.053,83.897,3.341,10000.0
0,64798.0,8685.475,8.93,15.453,10000.0
0,64799.0,10009.221,10.064,3.359,10000.0
0,64800.0,9960.827,4.685,1.699,10000.0
0,64801.0,10111.177000000001,9.452,24.105,10000.0
0,64802.0,9942.008,6.904,2.58,10000.0
0,64803.0,9962.007,4.087,1.374,10000.0
0,64804.0,9987.190999999999,4.715,2.259,10000.0
0,64805.0,10027.357,3.386,1.45,10000.0
0,64806.0,9996.648000000001,3.272,1.453,10000.0
0,64807.0,10006.695,3.481,2.178,10000.0
0,64808.0,10127.525,3.852,1.444,10000.0
0,64809.0,9978.334,3.773,1.638,10000.0
0,64810.0,9893.570000000002,3.551,1.522,10000.0
0,64811.0,10006.285,4.006,2.768,10000.0
0,64812.0,10013.172,3.633,4.064,10000.0
0,64813.0,9894.583,4.478,1.708,10000.0
0,64814.0,10186.241,4.453,1.688,10000.0
0,64815.0,9885.217,4.15,3.275,10000.0
0,64816.0,9988.631,4.396,3.179,10000.0
0,64817.0,10097.972,3.955,1.635,10000.0
0,64818.0,10206.077,36.643,18.608,10000.0
0,64819.0,9811.691,9.352,14.854,10000.0
0,64820.0,10185.871000000001,35.04,2.451,10000.0
0,64821.0,9767.985,17.946,13.96,10000.0
0,64822.0,10066.749,37.996,16.114,10000.0
0,64823.0,9899.473,6.157,14.29,10000.0
0,64824.0,9989.051000000001,10.046,4.852,10000.0
0,64825.0,10063.749,5.367,26.338,10000.0
0,64826.0,10024.883,10.016,11.607,10000.0
0,64827.0,9882.695,6.412,2.014,10000.0
0,64828.0,10000.436,4.401,2.03,10000.0
0,64829.0,10100.63,4.337,1.344,10000.0
0,64830.0,9894.148000000001,3.812,1.642,10000.0
0,64831.0,10405.866999999998,3.807,1.985,10000.0
0,64832.0,9608.005,3.567,2.085,10000.0
0,64833.0,10077.157,3.996,2.176,10000.0
0,64834.0,9997.793,6.062,1.799,10000.0
0,64835.0,9932.321,4.805,3.18,10000.0
0,64836.0,9980.919,3.708,1.423,10000.0
0,64837.0,10005.874,3.712,1.44,10000.0
0,64838.0,9988.999,3.991,1.502,10000.0
0,64839.0,10019.280999999999,7.369,2.46,10000.0
0,64840.0,9969.013,4.217,2.19,10000.0
0,64841.0,10020.688999999998,4.566,1.627,10000.0
0,64842.0,10218.193000000001,4.121,1.883,10000.0
0,64843.0,9840.362,7.485,3.217,10000.0
0,64844.0,9960.353,5.58,1.721,10000.0
0,64845.0,10000.251999999999,3.2,1.696,10000.0
0,64846.0,10202.093,3.728,1.72,10000.0
0,64847.0,9776.623,4.687,1.599,10000.0
0,64848.0,9994.338,3.805,1.865,10000.0
0,64849.0,10006.423999999999,4.681,1.567,10000.0
0,64850.0,10191.658,28.875,8.855,10000.0
0,64851.0,9905.324999999999,31.422,23.73,10000.0
0,64852.0,9983.926000000001,20.802,2.289,10000.0
0,64853.0,10041.099,8.605,7.886,10000.0
0,64854.0,10348.789,41.522,4.505,10000.0
0,64855.0,9923.176000000001,28.087,8.59,10000.0
0,64856.0,9689.141,15.073,16.618,10000.0
0,64857.0,9970.708999999999,5.638,16.338,10000.0
0,64858.0,10200.288,5.46,1.58,10000.0
0,64859.0,9806.881,6.275,1.905,10000.0
0,64860.0,9947.871000000001,4.144,1.342,10000.0
0,64861.0,9998.446,5.859,1.961,10000.0
0,64862.0,10016.348,5.267,3.19,10000.0
0,64863.0,9986.662,3.706,2.608,10000.0
0,64864.0,10007.537,5.452,2.333,10000.0
0,64865.0,10056.482,4.512,2.1,10000.0
0,64866.0,9947.108,4.057,1.737,10000.0
0,64867.0,10012.304,4.164,2.297,10000.0
0,64868.0,9959.012,3.877,2.269,10000.0
0,64869.0,10332.77,5.183,1.343,10000.0
0,64870.0,9682.431999999999,4.401,1.663,10000.0
0,64871.0,10290.542,42.616,2.369,10000.0
0,64872.0,9893.156,35.054,3.121,10000.0
0,64873.0,9832.923999999999,4.047,1.225,10000.0
0,64874.0,10413.545,5.062,3.182,10000.0
0,64875.0,11915.839,29.48,2.679,10000.0
0,64876.0,8041.5160000000005,11.988,9.809,10000.0
0,64877.0,9808.533,33.102,3.544,10000.0
0,64878.0,11606.322,5.339,1.769,10000.0
0,64879.0,8271.531,5.621,1.503,10000.0
0,64880.0,9909.902,6.616,2.494,10000.0
0,64881.0,10016.25,6.946,3.859,10000.0
0,64882.0,10038.651000000002,5.09,2.55,10000.0
0,64883.0,9959.614,4.33,1.607,10000.0
0,64884.0,10028.256,5.167,3.299,10000.0
0,64885.0,9974.135,3.705,2.025,10000.0
0,64886.0,9943.807,3.685,2.61,10000.0
0,64887.0,10030.792,3.931,1.95,10000.0
0,64888.0,10025.710000000001,4.229,4.028,10000.0
0,64889.0,10009.33,5.117,3.083,10000.0
0,64890.0,9973.235,3.819,1.931,10000.0
0,64891.0,10344.471,4.954,1.692,10000.0
0,64892.0,9666.425,3.892,1.742,10000.0
0,64893.0,10005.06,4.302,2.918,10000.0
0,64894.0,10173.01,4.158,1.636,10000.0
0,64895.0,9931.172,3.695,1.831,10000.0
0,64896.0,9875.448,4.001,1.918,10000.0
0,64897.0,10023.054,4.429,1.579,10000.0
0,64898.0,9996.442,3.984,1.584,10000.0
0,64899.0,10061.211000000001,77.843,17.396,10000.0
0,64900.0,10128.728,6.118,1.58,10000.0
0,64901.0,9867.409000000001,11.785,1.981,10000.0
0,64902.0,10021.312,4.31,2.12,10000.0
0,64903.0,10139.663999999999,46.103,3.77,10000.0
0,64904.0,9852.074,31.446,10.896,10000.0
0,64905.0,9938.258,4.117,1.357,10000.0
0,64906.0,10018.243,5.28,1.976,10000.0
0,64907.0,10179.155,11.333,2.322,10000.0
0,64908.0,9970.869999999999,8.035,1.288,10000.0
0,64909.0,9927.918000000001,6.464,1.862,10000.0
0,64910.0,10020.390000000001,5.868,3.541,10000.0
0,64911.0,9910.708,5.674,1.39,10000.0
0,64912.0,9962.964,4.196,1.764,10000.0
0,64913.0,10084.885,3.788,3.755,10000.0
0,64914.0,9944.365,5.579,1.87,10000.0
0,64915.0,10052.976999999999,3.876,1.682,10000.0
0,64916.0,9977.111,3.611,1.979,10000.0
0,64917.0,11036.229,5.1,1.287,10000.0
0,64918.0,8977.298999999999,5.359,1.742,10000.0
0,64919.0,10008.526,4.804,1.348,10000.0
0,64920.0,9945.043000000001,4.418,1.789,10000.0
0,64921.0,10397.663,31.772,3.72,10000.0
0,64922.0,9704.628,4.726,1.489,10000.0
0,64923.0,9884.016000000001,4.642,1.701,10000.0
0,64924.0,10061.967,6.829,3.624,10000.0
0,64925.0,10014.666000000001,3.336,1.537,10000.0
0,64926.0,10152.45,38.727,15.164,10000.0
0,64927.0,10003.472,9.86,4.46,10000.0
0,64928.0,10850.538999999999,4.079,1.64,10000.0
0,64929.0,8944.235999999999,4.648,15.608,10000.0
0,64930.0,9986.78,4.931,22.568,10000.0
0,64931.0,11098.52,15.429,15.738,10000.0
0,64932.0,9123.348,27.117,8.358,10000.0
0,64933.0,9808.298,4.569,3.375,10000.0
0,64934.0,10050.557,5.773,1.79,10000.0
0,64935.0,10053.988,6.11,5.159,10000.0
0,64936.0,9905.615,11.386,4.014,10000.0
0,64937.0,10359.918,10.254,11.206,10000.0
0,64938.0,9571.905999999999,4.95,2.415,10000.0
0,64939.0,10035.649000000001,10.543,6.278,10000.0
0,64940.0,9952.960000000001,3.935,2.409,10000.0
0,64941.0,10011.579,4.946,3.077,10000.0
0,64942.0,10185.939999999999,4.75,2.274,10000.0
0,64943.0,9832.762999999999,4.642,1.514,10000.0
0,64944.0,9978.969000000001,5.393,4.768,10000.0
0,64945.0,10014.244,2.558,3.086,10000.0
0,64946.0,9999.321,5.044,2.34,10000.0
0,64947.0,10007.148000000001,4.694,3.248,10000.0
0,64948.0,9973.93,3.522,2.014,10000.0
0,64949.0,10007.124,4.896,4.734,10000.0
0,64950.0,10141.037,28.709,2.479,10000.0
0,64951.0,10250.181,32.488,3.368,10000.0
0,64952.0,9675.918,4.31,19.699,10000.0
0,64953.0,10074.192,26.18,3.024,10000.0
0,64954.0,10201.566,31.378,42.233,10000.0
0,64955.0,10865.539,25.028,3.485,10000.0
0,64956.0,8811.970000000001,5.518,7.35,10000.0
0,64957.0,10088.705,8.851,19.444,10000.0
0,64958.0,10077.051,4.088,6.964,10000.0
0,64959.0,9804.670999999998,5.612,1.4,10000.0
0,64960.0,10006.374,3.757,1.845,10000.0
0,64961.0,10094.249,3.714,1.887,10000.0
0,64962.0,9921.371,5.545,2.566,10000.0
0,64963.0,10001.262,3.774,2.197,10000.0
0,64964.0,9995.439,4.503,1.774,10000.0
0,64965.0,10327.520999999999,3.623,2.549,10000.0
0,64966.0,9654.842999999999,3.552,1.809,10000.0
0,64967.0,10180.039999999999,4.614,5.547,10000.0
0,64968.0,9825.094,3.977,1.692,10000.0
0,64969.0,10022.771,4.312,2.608,10000.0
0,64970.0,10026.408000000001,4.959,1.575,10000.0
0,64971.0,10076.824,6.612,4.849,10000.0
0,64972.0,9878.25,4.513,2.393,10000.0
0,64973.0,10005.469,4.503,3.55,10000.0
0,64974.0,10039.675,5.207,3.198,10000.0
0,64975.0,9954.831,18.453,1.579,10000.0
0,64976.0,10013.16,3.744,2.344,10000.0
0,64977.0,9977.997000000001,3.884,1.748,10000.0
0,64978.0,9998.962,4.42,1.448,10000.0
0,64979.0,10016.146999999999,4.515,1.414,10000.0
0,64980.0,10622.114,3.889,2.076,10000.0
0,64981.0,9580.629,33.078,16.599,10000.0
0,64982.0,9816.088,5.727,2.923,10000.0
0,64983.0,9974.891,4.14,2.674,10000.0
0,64984.0,10077.134,10.482,1.988,10000.0
0,64985.0,10193.226,5.179,1.815,10000.0
0,64986.0,9854.210000000001,21.952,2.24,10000.0
0,64987.0,9974.464,8.475,2.504,10000.0
0,64988.0,10423.826000000001,5.18,5.05,10000.0
0,64989.0,9439.093,6.325,3.12,10000.0
0,64990.0,10985.892,7.465,1.788,10000.0
0,64991.0,9061.496000000001,4.466,3.563,10000.0
0,64992.0,10011.77,3.339,1.51,10000.0
0,64993.0,9984.593,5.126,2.17,10000.0
0,64994.0,9953.362000000001,5.258,2.968,10000.0
0,64995.0,10075.471000000001,3.185,1.512,10000.0
0,64996.0,10003.642,3.961,2.201,10000.0
0,64997.0,9955.195,3.807,2.738,10000.0
0,64998.0,9971.577000000001,4.427,1.85,10000.0
0,64999.0,10008.667000000001,6.196,1.796,10000.0
0,65000.0,10340.691,4.36,1.721,10000.0
0,65001.0,9950.311,26.076,19.265,10000.0
0,65002.0,10052.141000000001,33.902,2.247,10000.0
0,65003.0,10233.758000000002,8.062,6.294,10000.0
0,65004.0,9477.76,12.075,9.472,10000.0
0,65005.0,10067.819000000001,6.99,5.132,10000.0
0,65006.0,10469.41,4.659,1.504,10000.0
0,65007.0,9464.340999999999,6.033,1.886,10000.0
0,65008.0,9971.421,4.309,1.488,10000.0
0,65009.0,10902.673999999999,63.702,3.489,10000.0
0,65010.0,9141.175,17.54,2.46,10000.0
0,65011.0,9962.877,5.72,5.322,10000.0
0,65012.0,9993.191,4.027,2.884,10000.0
0,65013.0,10056.796,9.679,3.24,10000.0
0,65014.0,10078.735,11.699,1.722,10000.0
0,65015.0,9853.908,3.016,1.786,10000.0
0,65016.0,10107.488,4.98,1.614,10000.0
0,65017.0,9920.781,4.408,1.813,10000.0
0,65018.0,9984.072,4.005,1.603,10000.0
0,65019.0,9986.412999999999,5.094,1.968,10000.0
0,65020.0,9990.992,4.185,7.604,10000.0
0,65021.0,10026.511,4.703,5.576,10000.0
0,65022.0,10075.095,12.146,2.511,10000.0
0,65023.0,9966.447999999999,68.512,8.034,10000.0
0,65024.0,12205.307999999999,21.262,3.996,10000.0
0,65025.0,7737.519,2.846,1.622,10000.0
0,65026.0,10091.826,3.881,1.928,10000.0
0,65027.0,9953.917,3.561,1.722,10000.0
0,65028.0,10226.074999999999,37.637,1.489,10000.0
0,65029.0,10914.371000000001,35.013,2.969,10000.0
0,65030.0,9046.086,26.495,2.345,10000.0
0,65031.0,9711.813,5.667,2.344,10000.0
0,65032.0,10077.430999999999,3.903,4.165,10000.0
0,65033.0,9983.138,3.415,2.188,10000.0
0,65034.0,10048.217999999999,4.298,2.607,10000.0
0,65035.0,9979.528,3.085,1.613,10000.0
0,65036.0,9977.58,4.013,1.904,10000.0
0,65037.0,10063.393,3.647,2.665,10000.0
0,65038.0,10163.773,25.692,5.45,10000.0
0,65039.0,9867.057,7.336,13.07,10000.0
0,65040.0,10086.661,9.52,3.168,10000.0
0,65041.0,9835.758,4.455,2.383,10000.0
0,65042.0,10043.444,6.266,3.185,10000.0
0,65043.0,10154.901,14.713,7.937,10000.0
0,65044.0,10444.221,5.25,2.691,10000.0
0,65045.0,9433.896,5.861,1.422,10000.0
0,65046.0,9910.619,4.269,1.469,10000.0
0,65047.0,10678.577,4.471,1.655,10000.0
0,65048.0,9321.212000000001,4.266,1.437,10000.0
0,65049.0,9989.785,4.732,1.602,10000.0
0,65050.0,10032.92,3.673,1.581,10000.0
0,65051.0,9960.706999999999,4.482,2.958,10000.0
0,65052.0,9997.868999999999,4.615,1.502,10000.0
0,65053.0,10157.996000000001,5.962,1.666,10000.0
0,65054.0,9974.871,6.179,2.054,10000.0
0,65055.0,9889.478000000001,3.74,1.914,10000.0
0,65056.0,9971.846,4.149,1.53,10000.0
0,65057.0,10001.224,3.648,1.637,10000.0
0,65058.0,10018.644,5.157,1.767,10000.0
0,65059.0,10126.434,7.753,3.514,10000.0
0,65060.0,10061.772,104.85,1.996,10000.0
0,65061.0,9868.809,10.789,3.392,10000.0
0,65062.0,9950.569,3.95,1.993,10000.0
0,65063.0,10036.096,4.022,1.655,10000.0
0,65064.0,9998.204,5.618,1.72,10000.0
0,65065.0,9984.474,4.053,3.108,10000.0
0,65066.0,10010.896999999999,4.506,2.127,10000.0
0,65067.0,9952.411,4.33,1.72,10000.0
0,65068.0,10044.817,4.338,1.812,10000.0
0,65069.0,9988.47,6.38,1.747,10000.0
0,65070.0,9966.038,4.69,1.534,10000.0
0,65071.0,10014.443,4.543,4.783,10000.0
0,65072.0,9980.719000000001,4.468,3.114,10000.0
0,65073.0,10204.171999999999,5.078,2.817,10000.0
0,65074.0,9867.129,7.086,3.13,10000.0
0,65075.0,10087.061,12.292,3.265,10000.0
0,65076.0,9875.998,5.864,2.767,10000.0
0,65077.0,9972.17,3.445,2.641,10000.0
0,65078.0,10028.677,3.572,2.282,10000.0
0,65079.0,9985.876,3.555,1.887,10000.0
0,65080.0,10005.917,4.257,1.695,10000.0
0,65081.0,10001.288,4.413,1.704,10000.0
0,65082.0,9973.561,3.288,1.968,10000.0
0,65083.0,10000.583,3.903,1.654,10000.0
0,65084.0,10179.462,39.691,3.741,10000.0
0,65085.0,10127.927,33.844,14.714,10000.0
0,65086.0,10125.284,27.553,1.46,10000.0
0,65087.0,9640.466,9.636,18.965,10000.0
0,65088.0,9971.723,10.878,1.461,10000.0
0,65089.0,10074.489000000001,130.857,12.489,10000.0
0,65090.0,10110.741,5.913,4.443,10000.0
0,65091.0,9786.284,5.64,2.303,10000.0
0,65092.0,10071.391000000001,6.376,2.159,10000.0
0,65093.0,10060.226,4.654,2.526,10000.0
0,65094.0,9893.51,4.175,2.573,10000.0
0,65095.0,9967.58,3.701,14.524,10000.0
0,65096.0,10026.526,3.761,1.843,10000.0
0,65097.0,10169.387,20.289,2.279,10000.0
0,65098.0,9966.099,30.479,1.919,10000.0
0,65099.0,9847.619999999999,5.343,1.426,10000.0
0,65100.0,9941.519,3.404,1.984,10000.0
0,65101.0,10083.616,3.73,1.787,10000.0
0,65102.0,10137.113,5.062,1.592,10000.0
0,65103.0,9967.679,12.743,9.844,10000.0
0,65104.0,9941.777,17.133,4.212,10000.0
0,65105.0,9937.471,6.838,4.298,10000.0
0,65106.0,10054.383,11.62,7.045,10000.0
0,65107.0,10016.521999999999,9.272,3.644,10000.0
0,65108.0,10072.849,13.111,1.721,10000.0
0,65109.0,9905.256,94.398,3.87,10000.0
0,65110.0,9934.052,4.881,3.664,10000.0
0,65111.0,10018.149000000001,4.284,3.321,10000.0
0,65112.0,10011.942,3.231,1.998,10000.0
0,65113.0,9959.167,3.396,1.857,10000.0
0,65114.0,10014.993,4.614,2.968,10000.0
0,65115.0,10014.135,4.403,1.664,10000.0
0,65116.0,9975.134,3.888,8.573,10000.0
0,65117.0,10015.052,4.581,2.387,10000.0
0,65118.0,11413.619999999999,6.561,3.144,10000.0
0,65119.0,8585.485,5.135,3.565,10000.0
0,65120.0,9982.313,3.816,1.483,10000.0
0,65121.0,10002.169,3.877,2.065,10000.0
0,65122.0,10004.211000000001,4.014,2.537,10000.0
0,65123.0,10000.019,5.505,2.162,10000.0
0,65124.0,10031.371000000001,5.429,2.872,10000.0
0,65125.0,9990.803,4.904,2.598,10000.0
0,65126.0,10146.304,26.991,4.782,10000.0
0,65127.0,10033.177000000001,68.774,2.441,10000.0
0,65128.0,9908.874,7.194,3.573,10000.0
0,65129.0,11207.97,10.285,3.149,10000.0
0,65130.0,8960.357,42.181,9.053,10000.0
0,65131.0,9757.196,8.257,4.655,10000.0
0,65132.0,9949.409,8.909,2.512,10000.0
0,65133.0,9978.423999999999,7.401,148.27,10000.0
0,65134.0,10052.583999999999,6.267,3.675,10000.0
0,65135.0,9941.51,3.803,1.829,10000.0
0,65136.0,10099.644,5.14,4.341,10000.0
0,65137.0,9959.555,3.685,1.918,10000.0
0,65138.0,10139.282,4.969,2.666,10000.0
0,65139.0,10044.142,36.468,2.612,10000.0
0,65140.0,10048.378999999999,3.852,1.934,10000.0
0,65141.0,9770.237,3.929,3.479,10000.0
0,65142.0,10086.524,5.355,2.578,10000.0
0,65143.0,9935.11,3.922,1.824,10000.0
0,65144.0,9992.188,5.15,1.984,10000.0
0,65145.0,9987.223,3.571,1.222,10000.0
0,65146.0,9973.902999999998,3.69,2.108,10000.0
0,65147.0,10035.292,5.381,4.135,10000.0
0,65148.0,10425.83,3.806,2.344,10000.0
0,65149.0,9556.65,5.553,1.548,10000.0
0,65150.0,9986.939,5.402,2.4,10000.0
0,65151.0,10330.497,43.419,2.128,10000.0
0,65152.0,9915.224,36.224,8.95,10000.0
0,65153.0,10127.931999999999,4.577,3.65,10000.0
0,65154.0,9634.017,4.98,2.005,10000.0
0,65155.0,10112.586,4.634,2.353,10000.0
0,65156.0,9918.883,4.02,2.074,10000.0
0,65157.0,9929.484,3.735,1.628,10000.0
0,65158.0,9987.101999999999,3.787,2.445,10000.0
0,65159.0,10119.012,4.198,2.082,10000.0
0,65160.0,9975.761,4.673,5.816,10000.0
0,65161.0,10313.201,8.602,4.494,10000.0
0,65162.0,9632.599,4.471,21.173,10000.0
0,65163.0,10571.659000000001,5.266,2.489,10000.0
0,65164.0,9430.012,4.213,3.113,10000.0
0,65165.0,10006.493999999999,4.489,2.203,10000.0
0,65166.0,10076.951000000001,5.212,2.632,10000.0
0,65167.0,9925.27,7.689,10.913,10000.0
0,65168.0,10117.203,18.374,26.721,10000.0
0,65169.0,9904.954,6.771,6.561,10000.0
0,65170.0,9977.874,4.267,2.406,10000.0
0,65171.0,10031.966999999999,4.585,2.301,10000.0
0,65172.0,10064.56,5.184,2.468,10000.0
0,65173.0,9890.387,3.551,2.576,10000.0
0,65174.0,10276.321,32.8,5.119,10000.0
0,65175.0,9794.789,10.044,18.772,10000.0
0,65176.0,10078.479,6.78,14.419,10000.0
0,65177.0,9993.258,10.854,2.753,10000.0
0,65178.0,9914.322999999999,3.935,2.78,10000.0
0,65179.0,9995.212,4.376,1.844,10000.0
0,65180.0,9967.883,6.106,3.238,10000.0
0,65181.0,9945.196,5.236,2.234,10000.0
0,65182.0,10183.661,3.831,1.8,10000.0
0,65183.0,9876.723,3.773,1.727,10000.0
0,65184.0,10022.555,4.809,2.355,10000.0
0,65185.0,9955.586000000001,3.84,1.338,10000.0
0,65186.0,10027.207,27.354,3.516,10000.0
0,65187.0,9974.297,4.38,1.86,10000.0
0,65188.0,10011.792,3.831,2.41,10000.0
0,65189.0,10131.893,25.286,3.282,10000.0
0,65190.0,9855.422,3.995,2.337,10000.0
0,65191.0,10834.862000000001,5.009,3.268,10000.0
0,65192.0,9362.807,33.946,8.849,10000.0
0,65193.0,9815.423999999999,4.505,8.874,10000.0
0,65194.0,9982.89,5.077,1.84,10000.0
0,65195.0,10002.271999999999,3.846,1.397,10000.0
0,65196.0,9999.591,4.841,1.463,10000.0
0,65197.0,10007.644,3.412,1.508,10000.0
0,65198.0,11300.052,40.007,3.056,10000.0
0,65199.0,8919.461,10.532,3.266,10000.0
0,65200.0,9901.391000000001,4.249,3.152,10000.0
0,65201.0,9908.297999999999,5.9,4.957,10000.0
0,65202.0,10099.521,4.692,1.592,10000.0
0,65203.0,9871.421999999999,3.902,1.9,10000.0
0,65204.0,10068.838,4.0,2.11,10000.0
0,65205.0,9921.806,3.551,2.017,10000.0
0,65206.0,10001.552,3.786,1.902,10000.0
0,65207.0,10038.221,3.754,10.694,10000.0
0,65208.0,9964.275,3.915,1.602,10000.0
0,65209.0,10013.12,5.528,1.769,10000.0
0,65210.0,9994.855,3.195,1.918,10000.0
0,65211.0,10567.268,75.413,1.469,10000.0
0,65212.0,9427.869999999999,3.853,3.072,10000.0
0,65213.0,10261.096000000001,26.47,3.785,10000.0
0,65214.0,9763.25,4.112,1.891,10000.0
0,65215.0,9965.101,5.253,2.042,10000.0
0,65216.0,10018.052,5.047,1.865,10000.0
0,65217.0,9983.489,3.276,1.434,10000.0
0,65218.0,10274.696,82.203,2.258,10000.0
0,65219.0,10267.470000000001,20.795,1.479,10000.0
0,65220.0,9461.782000000001,3.417,2.16,10000.0
0,65221.0,10495.683,33.981,3.227,10000.0
0,65222.0,9747.759,6.456,9.42,10000.0
0,65223.0,10011.942,30.394,9.259,10000.0
0,65224.0,9944.696,13.411,3.857,10000.0
0,65225.0,9807.17,4.802,3.738,10000.0
0,65226.0,10050.881,3.798,1.63,10000.0
0,65227.0,9973.454,3.967,1.694,10000.0
0,65228.0,9986.238,3.549,2.314,10000.0
0,65229.0,10019.777,4.75,2.454,10000.0
0,65230.0,9983.872,4.987,3.307,10000.0
0,65231.0,10005.882000000001,5.037,3.413,10000.0
0,65232.0,10034.662,5.364,1.98,10000.0
0,65233.0,10140.044000000002,33.169,2.337,10000.0
0,65234.0,9988.461000000001,32.293,8.961,10000.0
0,65235.0,9991.676,8.744,10.942,10000.0
0,65236.0,9998.740000000002,4.645,2.979,10000.0
0,65237.0,9874.545,6.419,2.529,10000.0
0,65238.0,10088.032000000001,12.54,2.329,10000.0
0,65239.0,9867.381,5.431,2.807,10000.0
0,65240.0,9993.482999999998,4.079,2.077,10000.0
0,65241.0,9991.375,4.428,1.898,10000.0
0,65242.0,10026.592,4.608,1.829,10000.0
0,65243.0,10052.661,4.241,1.848,10000.0
0,65244.0,9943.14,3.833,1.565,10000.0
0,65245.0,10252.425000000001,4.493,1.245,10000.0
0,65246.0,9742.297,5.1,2.506,10000.0
0,65247.0,9984.860999999999,3.826,8.995,10000.0
0,65248.0,10034.124,4.532,2.236,10000.0
0,65249.0,9973.464,4.337,1.814,10000.0
0,65250.0,11146.228,4.84,3.369,10000.0
0,65251.0,8940.65,3.609,3.152,10000.0
0,65252.0,9973.922,5.844,3.138,10000.0
0,65253.0,9949.105,3.71,1.635,10000.0
0,65254.0,10231.092,39.223,3.589,10000.0
0,65255.0,9836.463,3.361,1.958,10000.0
0,65256.0,9974.82,21.007,10.106,10000.0
0,65257.0,10453.876,39.977,3.04,10000.0
0,65258.0,9630.862000000001,4.275,1.208,10000.0
0,65259.0,10260.478,39.219,11.789,10000.0
0,65260.0,9630.399,4.854,29.566,10000.0
0,65261.0,10052.419,4.671,15.827,10000.0
0,65262.0,10074.407000000001,9.533,10.404,10000.0
0,65263.0,9888.765000000001,4.435,3.194,10000.0
0,65264.0,10021.492,8.281,3.814,10000.0
0,65265.0,10083.895,12.685,33.346,10000.0
0,65266.0,9874.427,5.761,3.169,10000.0
0,65267.0,10061.545999999998,3.561,11.246,10000.0
0,65268.0,9981.831,4.446,35.634,10000.0
0,65269.0,10012.864,5.091,3.68,10000.0
0,65270.0,9922.637,3.717,1.764,10000.0
0,65271.0,10012.517,4.45,4.264,10000.0
0,65272.0,10035.074999999999,4.6,1.899,10000.0
0,65273.0,10028.301,4.614,2.101,10000.0
0,65274.0,9983.692000000001,4.101,4.741,10000.0
0,65275.0,9935.421999999999,4.331,2.456,10000.0
0,65276.0,10260.499,31.316,1.564,10000.0
0,65277.0,9949.732,29.389,1.97,10000.0
0,65278.0,10039.971,34.611,5.94,10000.0
0,65279.0,9778.393999999998,5.821,13.046,10000.0
0,65280.0,10040.301,3.955,1.342,10000.0
0,65281.0,10022.252,4.587,9.416,10000.0
0,65282.0,10454.514,9.288,4.911,10000.0
0,65283.0,9404.789,3.66,1.568,10000.0
0,65284.0,10075.782,6.394,3.335,10000.0
0,65285.0,9992.673,3.948,65.566,10000.0
0,65286.0,9976.44,3.563,1.632,10000.0
0,65287.0,10020.363,3.854,1.895,10000.0
0,65288.0,9993.185,3.69,1.935,10000.0
0,65289.0,10007.646999999999,4.917,2.158,10000.0
0,65290.0,9978.07,3.921,1.253,10000.0
0,65291.0,10015.146,4.434,1.897,10000.0
0,65292.0,9991.866,3.969,2.563,10000.0
0,65293.0,10005.030999999999,4.026,1.984,10000.0
0,65294.0,10778.034000000001,4.096,2.797,10000.0
0,65295.0,9210.502,2.644,1.783,10000.0
0,65296.0,10012.658000000001,3.43,2.723,10000.0
0,65297.0,10005.978000000001,3.786,4.805,10000.0
0,65298.0,10029.217,5.41,4.502,10000.0
0,65299.0,9967.569000000001,4.923,2.649,10000.0
0,65300.0,10033.79,3.726,2.94,10000.0
0,65301.0,10127.722,33.827,2.285,10000.0
0,65302.0,10229.909000000001,39.124,3.332,10000.0
0,65303.0,9590.438999999998,3.132,2.249,10000.0
0,65304.0,10051.772,4.438,2.655,10000.0
0,65305.0,9950.106,3.452,1.678,10000.0
0,65306.0,10012.107,3.906,3.154,10000.0
0,65307.0,10040.025,6.004,3.798,10000.0
0,65308.0,9919.455,3.781,3.092,10000.0
0,65309.0,10027.021,4.019,2.873,10000.0
0,65310.0,10086.503999999999,5.172,2.275,10000.0
0,65311.0,9861.77,3.628,2.328,10000.0
0,65312.0,10082.199,3.705,1.686,10000.0
0,65313.0,10011.65,4.663,2.97,10000.0
0,65314.0,9971.99,3.537,1.765,10000.0
0,65315.0,10459.657000000001,4.1,2.155,10000.0
0,65316.0,9539.182999999999,3.768,3.435,10000.0
0,65317.0,10224.074999999999,37.008,7.985,10000.0
0,65318.0,10109.048,33.018,2.519,10000.0
0,65319.0,9750.92,4.029,1.917,10000.0
0,65320.0,10136.736,35.129,7.601,10000.0
0,65321.0,11868.587,5.527,2.454,10000.0
0,65322.0,9468.767,29.583,1.811,10000.0
0,65323.0,8478.770999999999,7.87,3.415,10000.0
0,65324.0,10143.613,17.657,17.256,10000.0
0,65325.0,9942.154,10.05,3.171,10000.0
0,65326.0,9857.445,4.323,1.483,10000.0
0,65327.0,10103.184,4.357,1.688,10000.0
0,65328.0,9949.233,4.69,2.145,10000.0
0,65329.0,9966.721,6.655,2.697,10000.0
0,65330.0,9990.197,4.293,1.46,10000.0
0,65331.0,10099.504,4.174,1.982,10000.0
0,65332.0,9904.936,4.619,2.0,10000.0
0,65333.0,10178.698,33.034,7.038,10000.0
0,65334.0,11084.569000000001,3.778,2.035,10000.0
0,65335.0,8899.646,4.934,2.49,10000.0
0,65336.0,10027.67,6.475,12.966,10000.0
0,65337.0,10128.458999999999,34.452,10.118,10000.0
0,65338.0,9917.797,28.99,15.504,10000.0
0,65339.0,9927.677,13.623,2.691,10000.0
0,65340.0,9955.335,5.805,11.27,10000.0
0,65341.0,9974.06,7.771,4.274,10000.0
0,65342.0,10845.817000000001,6.819,3.626,10000.0
0,65343.0,9081.282,4.993,2.256,10000.0
0,65344.0,9994.213,5.291,2.138,10000.0
0,65345.0,9980.308,2.512,1.396,10000.0
0,65346.0,10000.198999999999,3.686,1.779,10000.0
0,65347.0,10037.34,3.212,1.567,10000.0
0,65348.0,10029.817,4.367,1.283,10000.0
0,65349.0,9896.484,5.781,1.605,10000.0
0,65350.0,10025.832999999999,4.609,2.021,10000.0
0,65351.0,9986.506,3.927,1.346,10000.0
0,65352.0,10071.276,3.872,1.796,10000.0
0,65353.0,9992.066,3.409,1.908,10000.0
0,65354.0,9968.319,4.671,3.123,10000.0
0,65355.0,11186.389,4.236,2.187,10000.0
0,65356.0,8807.168000000001,4.02,1.95,10000.0
0,65357.0,10106.306,5.248,3.038,10000.0
0,65358.0,9918.925000000001,3.844,1.883,10000.0
0,65359.0,9993.268,4.169,1.414,10000.0
0,65360.0,9995.066,5.976,4.206,10000.0
0,65361.0,9996.061,4.651,2.649,10000.0
0,65362.0,10201.051,36.224,6.919,10000.0
0,65363.0,9843.667000000001,4.856,1.836,10000.0
0,65364.0,10294.9,30.124,3.279,10000.0
0,65365.0,9743.016,4.934,4.732,10000.0
0,65366.0,10566.827000000001,9.271,4.04,10000.0
0,65367.0,9303.985,18.502,1.613,10000.0
0,65368.0,10106.908,5.625,2.415,10000.0
0,65369.0,9952.954,4.427,2.608,10000.0
0,65370.0,10005.942000000001,3.522,1.464,10000.0
0,65371.0,10126.512,7.502,2.674,10000.0
0,65372.0,9874.372,4.97,2.581,10000.0
0,65373.0,9999.416000000001,4.074,2.262,10000.0
0,65374.0,10211.907,4.26,2.6,10000.0
0,65375.0,9762.308,3.967,2.836,10000.0
0,65376.0,10006.215,4.97,2.425,10000.0
0,65377.0,9994.882,4.85,1.672,10000.0
0,65378.0,10034.833999999999,5.001,2.552,10000.0
0,65379.0,9949.797999999999,6.504,2.746,10000.0
0,65380.0,10025.446,4.443,1.338,10000.0
0,65381.0,10207.129,28.592,1.34,10000.0
0,65382.0,9782.112000000001,3.872,1.884,10000.0
0,65383.0,10036.199,5.573,2.096,10000.0
0,65384.0,10011.506,6.875,1.666,10000.0
0,65385.0,10065.961,2.987,1.749,10000.0
0,65386.0,9911.011,3.806,2.193,10000.0
0,65387.0,10011.872,4.846,2.642,10000.0
0,65388.0,9947.654,3.902,1.537,10000.0
0,65389.0,10083.456,6.08,5.02,10000.0
0,65390.0,10349.456,5.024,2.441,10000.0
0,65391.0,9623.009,12.607,2.315,10000.0
0,65392.0,10145.012,11.284,5.922,10000.0
0,65393.0,9842.871,7.402,3.979,10000.0
0,65394.0,9994.141,4.454,1.367,10000.0
1,65395.0,9983.591,5.071,1.636,10000.0
1,65396.0,10011.806999999999,3.975,2.254,10000.0
1,65397.0,10010.241,11.077,1.626,10000.0
1,65398.0,9947.732,3.529,1.283,10000.0
1,65399.0,10004.49,4.653,2.082,10000.0
1,65400.0,10094.601,5.843,7.124,10000.0
1,65401.0,9970.202,4.086,3.138,10000.0
1,65402.0,10103.214,4.713,1.52,10000.0
1,65403.0,10066.86,3.789,1.497,10000.0
1,65404.0,9764.051,4.442,2.136,10000.0
1,65405.0,9989.893999999998,3.518,1.581,10000.0
1,65406.0,10032.017,4.527,2.638,10000.0
1,65407.0,10016.426,5.687,2.376,10000.0
1,65408.0,9995.622,3.752,2.15,10000.0
1,65409.0,10019.563,6.611,1.637,10000.0
1,65410.0,9979.844,3.589,1.338,10000.0
1,65411.0,10021.826,15.819,15.25,10000.0
1,65412.0,10095.66,9.453,24.422,10000.0
1,65413.0,10122.677,7.535,3.752,10000.0
1,65414.0,9830.402,13.615,3.843,10000.0
1,65415.0,9927.706,4.534,2.148,10000.0
1,65416.0,10007.162999999999,4.127,1.919,10000.0
1,65417.0,9979.215,3.728,1.743,10000.0
1,65418.0,10014.776,3.633,1.622,10000.0
1,65419.0,10219.524000000001,4.778,1.627,10000.0
1,65420.0,9769.931,3.48,1.49,10000.0
1,65421.0,10013.185000000001,3.279,1.509,10000.0
1,65422.0,11070.275,4.843,2.465,10000.0
1,65423.0,9228.464,25.91,3.439,10000.0
1,65424.0,9707.182,4.196,3.104,10000.0
1,65425.0,10008.840999999999,2.941,2.017,10000.0
1,65426.0,9993.596,5.493,3.468,10000.0
1,65427.0,9976.329000000002,3.862,2.058,10000.0
1,65428.0,10318.261,39.277,2.829,10000.0
1,65429.0,9757.15,47.32,34.517,10000.0
1,65430.0,9978.811000000002,15.68,15.85,10000.0
1,65431.0,9989.635,4.608,2.896,10000.0
1,65432.0,9979.876,6.372,3.859,10000.0
1,65433.0,10080.96,10.356,2.469,10000.0
1,65434.0,9961.0,12.576,7.578,10000.0
1,65435.0,9997.18,6.78,3.944,10000.0
1,65436.0,9965.32,4.116,1.457,10000.0
1,65437.0,10074.615,4.885,4.236,10000.0
1,65438.0,9919.08,4.507,2.179,10000.0
1,65439.0,10073.49,4.381,2.329,10000.0
1,65440.0,9907.839,6.68,2.079,10000.0
1,65441.0,9986.543,4.398,2.641,10000.0
1,65442.0,10055.764,4.324,3.051,10000.0
1,65443.0,10077.074,4.813,2.174,10000.0
1,65444.0,9961.652,3.516,1.867,10000.0
1,65445.0,9948.24,4.362,1.9,10000.0
1,65446.0,9986.744,4.633,3.409,10000.0
1,65447.0,10067.905999999999,3.581,2.299,10000.0
1,65448.0,9911.806,3.96,1.544,10000.0
1,65449.0,10116.4,4.458,1.636,10000.0
1,65450.0,10013.481,3.899,2.834,10000.0
1,65451.0,10092.063,31.959,12.151,10000.0
1,65452.0,10873.14,4.047,1.957,10000.0
1,65453.0,8933.713,4.93,1.401,10000.0
1,65454.0,10162.349,13.245,6.826,10000.0
1,65455.0,9991.062,27.425,2.519,10000.0
1,65456.0,10167.079000000002,29.431,2.455,10000.0
1,65457.0,9785.756,6.035,5.815,10000.0
1,65458.0,9894.280999999999,6.588,2.774,10000.0
1,65459.0,9983.333,5.917,3.929,10000.0
1,65460.0,10019.735999999999,4.357,2.325,10000.0
1,65461.0,10373.557999999999,38.06,3.102,10000.0
1,65462.0,10757.25,37.298,1.503,10000.0
1,65463.0,9153.053,35.885,2.736,10000.0
1,65464.0,9749.976,10.761,3.207,10000.0
1,65465.0,9946.201,3.435,2.864,10000.0
1,65466.0,10015.405999999999,17.36,1.938,10000.0
1,65467.0,9973.704,3.529,1.493,10000.0
1,65468.0,10078.151,3.727,8.133,10000.0
1,65469.0,9967.98,4.897,2.988,10000.0
1,65470.0,9997.372,3.946,2.574,10000.0
1,65471.0,10050.564,3.801,2.305,10000.0
1,65472.0,9935.587,4.068,1.606,10000.0
1,65473.0,10044.564,4.242,1.457,10000.0
1,65474.0,10363.252999999999,8.948,2.886,10000.0
1,65475.0,9611.817,3.285,1.622,10000.0
1,65476.0,9967.6,3.792,1.624,10000.0
1,65477.0,9996.507,5.037,1.663,10000.0
1,65478.0,10031.311,3.534,2.65,10000.0
1,65479.0,10117.251,14.738,4.443,10000.0
1,65480.0,9925.635,5.751,6.831,10000.0
1,65481.0,9955.528999999999,8.007,549.762,10000.0
1,65482.0,9984.703,4.084,1.563,10000.0
1,65483.0,9980.395,3.935,1.957,10000.0
1,65484.0,9995.157,5.377,8.717,10000.0
1,65485.0,10014.502,3.516,2.187,10000.0
1,65486.0,9993.716,5.634,4.018,10000.0
1,65487.0,10077.848,4.204,1.869,10000.0
1,65488.0,9954.414,3.538,1.806,10000.0
1,65489.0,9981.159,4.863,3.543,10000.0
1,65490.0,9919.338,4.792,3.696,10000.0
1,65491.0,10059.766,5.715,2.694,10000.0
1,65492.0,9998.058,4.073,2.021,10000.0
1,65493.0,10077.348,63.391,2.042,10000.0
1,65494.0,9911.608,3.874,2.505,10000.0
1,65495.0,10592.204,3.691,1.728,10000.0
1,65496.0,9427.787,7.337,1.849,10000.0
1,65497.0,10128.741,4.139,1.788,10000.0
1,65498.0,9941.115,4.445,1.484,10000.0
1,65499.0,9968.594000000001,6.754,2.481,10000.0
1,65500.0,9976.953,4.246,1.419,10000.0
1,65501.0,9974.696,3.5,1.397,10000.0
1,65502.0,10062.019,4.086,1.724,10000.0
1,65503.0,10012.38,3.398,3.071,10000.0
1,65504.0,9943.475,5.39,1.648,10000.0
1,65505.0,10014.335,3.758,1.569,10000.0
1,65506.0,10716.635,4.737,1.198,10000.0
1,65507.0,9359.662,5.853,2.584,10000.0
1,65508.0,10185.939,28.361,20.452,10000.0
1,65509.0,9817.565,11.407,4.101,10000.0
1,65510.0,9975.295,14.152,3.325,10000.0
1,65511.0,10012.055,15.374,3.458,10000.0
1,65512.0,9952.404,27.963,2.674,10000.0
1,65513.0,10045.816,8.435,4.384,10000.0
1,65514.0,10019.599,8.415,2.531,10000.0
1,65515.0,10111.38,7.212,2.058,10000.0
1,65516.0,9808.333,4.417,2.932,10000.0
1,65517.0,9926.366,3.769,1.757,10000.0
1,65518.0,10115.221000000001,4.771,1.79,10000.0
1,65519.0,9996.53,4.85,1.431,10000.0
1,65520.0,9960.67,3.437,1.772,10000.0
1,65521.0,9939.202,3.714,2.241,10000.0
1,65522.0,10064.908,3.51,1.984,10000.0
1,65523.0,9995.689,4.401,2.097,10000.0
1,65524.0,10047.088,4.097,2.085,10000.0
1,65525.0,11117.624,4.213,1.758,10000.0
1,65526.0,8963.244,4.703,2.216,10000.0
1,65527.0,10019.751,9.307,2.233,10000.0
1,65528.0,9822.598,5.284,1.777,10000.0
1,65529.0,10065.08,11.683,3.141,10000.0
1,65530.0,11054.325,17.21,2.755,10000.0
1,65531.0,9069.43,9.013,2.986,10000.0
1,65532.0,9826.846,4.198,2.466,10000.0
1,65533.0,10049.835,5.875,2.554,10000.0
1,65534.0,9954.518,4.465,1.774,10000.0
1,65535.0,10033.649000000001,5.024,3.365,10000.0
1,65536.0,9948.232,4.162,1.188,10000.0
1,65537.0,9994.793,3.98,2.139,10000.0
1,65538.0,10001.298999999999,3.841,1.487,10000.0
1,65539.0,10074.888,4.158,1.348,10000.0
1,65540.0,9933.334,4.159,1.546,10000.0
1,65541.0,9978.965,4.207,1.667,10000.0
1,65542.0,10278.724,3.57,1.644,10000.0
1,65543.0,9944.188,8.217,3.169,10000.0
1,65544.0,10074.684000000001,45.989,21.396,10000.0
1,65545.0,9955.313,29.733,1.592,10000.0
1,65546.0,10840.151,6.176,4.04,10000.0
1,65547.0,9996.869999999999,3.943,2.162,10000.0
1,65548.0,8935.851999999999,5.243,3.275,10000.0
1,65549.0,10021.475,4.178,2.466,10000.0
1,65550.0,9991.07,4.501,1.467,10000.0
1,65551.0,9984.264,4.403,3.31,10000.0
1,65552.0,9988.36,5.003,3.485,10000.0
1,65553.0,10090.930999999999,4.079,2.024,10000.0
1,65554.0,9942.348,6.927,5.286,10000.0
1,65555.0,11028.048999999999,3.384,2.087,10000.0
1,65556.0,8933.145999999999,3.992,1.617,10000.0
1,65557.0,10022.737000000001,5.091,2.438,10000.0
1,65558.0,10133.43,18.557,10.884,10000.0
1,65559.0,9881.324,9.226,3.79,10000.0
1,65560.0,10136.078,4.9,2.17,10000.0
1,65561.0,10036.695,4.875,1.544,10000.0
1,65562.0,9820.659000000001,4.979,3.322,10000.0
1,65563.0,9975.377,4.587,1.38,10000.0
1,65564.0,10001.551,3.752,2.147,10000.0
1,65565.0,10083.579,3.776,2.837,10000.0
1,65566.0,9966.483999999999,3.694,1.409,10000.0
1,65567.0,10190.149000000001,30.157,11.67,10000.0
1,65568.0,9843.633,6.043,7.34,10000.0
1,65569.0,9952.595,4.843,1.953,10000.0
1,65570.0,9998.38,3.942,1.731,10000.0
1,65571.0,10146.468,5.392,1.832,10000.0
1,65572.0,10003.702,8.138,1.87,10000.0
1,65573.0,9822.394999999999,4.927,3.302,10000.0
1,65574.0,9999.335,3.686,1.69,10000.0
1,65575.0,9999.071,3.596,1.569,10000.0
1,65576.0,10014.278999999999,3.766,1.328,10000.0
1,65577.0,10016.699,3.975,1.406,10000.0
1,65578.0,9970.980000000001,4.447,1.947,10000.0
1,65579.0,10037.017,3.991,2.112,10000.0
1,65580.0,10031.901,4.568,1.376,10000.0
1,65581.0,10193.993999999999,108.206,3.182,10000.0
1,65582.0,10943.097,29.567,1.799,10000.0
1,65583.0,8966.208999999999,19.133,4.007,10000.0
1,65584.0,9948.786,20.289,4.706,10000.0
1,65585.0,10206.295,8.109,4.704,10000.0
1,65586.0,9669.118,5.682,3.371,10000.0
1,65587.0,10042.781,5.51,2.558,10000.0
1,65588.0,10093.484,9.645,2.059,10000.0
1,65589.0,9864.363,6.282,2.814,10000.0
1,65590.0,9999.724999999999,3.625,1.644,10000.0
1,65591.0,10023.978,3.84,2.762,10000.0
1,65592.0,10010.434000000001,5.101,2.707,10000.0
1,65593.0,9949.205,3.724,1.341,10000.0
1,65594.0,10112.542000000001,4.286,1.702,10000.0
1,65595.0,10018.459,6.425,2.151,10000.0
1,65596.0,10177.597,12.72,1.566,10000.0
1,65597.0,9741.598,3.543,1.532,10000.0
1,65598.0,9973.603,5.827,2.799,10000.0
1,65599.0,9996.453000000001,3.8,1.559,10000.0
1,65600.0,9993.181,3.779,1.492,10000.0
1,65601.0,10278.989000000001,6.149,2.623,10000.0
1,65602.0,9891.396999999999,26.6,2.441,10000.0
1,65603.0,9880.388,5.236,2.687,10000.0
1,65604.0,9980.048999999999,5.032,3.356,10000.0
1,65605.0,10119.751,6.121,3.735,10000.0
1,65606.0,9844.257,3.989,11.946,10000.0
1,65607.0,10024.992999999999,3.471,1.826,10000.0
1,65608.0,10128.194,32.428,4.277,10000.0
1,65609.0,10051.409000000001,14.704,3.038,10000.0
1,65610.0,10095.018,33.934,8.328,10000.0
1,65611.0,9709.241,6.034,1.445,10000.0
1,65612.0,10018.637999999999,5.012,1.829,10000.0
1,65613.0,10093.404,17.019,5.884,10000.0
1,65614.0,9938.245,13.669,4.072,10000.0
1,65615.0,9961.780999999999,5.541,7.587,10000.0
1,65616.0,9996.130000000001,6.737,6.743,10000.0
1,65617.0,10020.926,4.21,2.241,10000.0
1,65618.0,9971.068,4.44,1.6,10000.0
1,65619.0,9998.529,5.586,2.836,10000.0
1,65620.0,10004.276,3.589,1.616,10000.0
1,65621.0,9982.484999999999,3.6,2.3,10000.0
1,65622.0,10009.407,3.438,1.457,10000.0
1,65623.0,10224.690999999999,20.62,1.692,10000.0
1,65624.0,9737.8,6.848,2.528,10000.0
1,65625.0,10083.521,4.757,2.817,10000.0
1,65626.0,10065.456,6.057,8.058,10000.0
1,65627.0,9926.381,7.31,2.596,10000.0
1,65628.0,10012.010999999999,5.016,8.711,10000.0
1,65629.0,9961.934000000001,3.818,1.759,10000.0
1,65630.0,10020.581,3.611,2.301,10000.0
1,65631.0,10189.211,34.104,2.468,10000.0
1,65632.0,9795.743,3.646,1.919,10000.0
1,65633.0,9973.564,3.574,2.253,10000.0
1,65634.0,10089.914,6.046,19.593,10000.0
1,65635.0,11003.343,3.279,1.741,10000.0
1,65636.0,9007.93,5.666,3.256,10000.0
1,65637.0,9956.578000000001,3.805,2.431,10000.0
1,65638.0,9964.146999999999,4.103,1.661,10000.0
1,65639.0,10019.687,4.563,1.429,10000.0
1,65640.0,9957.057,4.789,1.482,10000.0
1,65641.0,10028.762999999999,5.639,3.107,10000.0
1,65642.0,10034.203,3.384,1.836,10000.0
1,65643.0,9979.231,4.307,1.669,10000.0
1,65644.0,9973.168,4.112,1.338,10000.0
1,65645.0,9991.003,3.855,2.167,10000.0
1,65646.0,11088.386,4.487,1.77,10000.0
1,65647.0,9015.663,98.216,10.081,10000.0
1,65648.0,10267.027,6.844,2.226,10000.0
1,65649.0,9645.912,5.258,71.264,10000.0
1,65650.0,10153.479,33.553,3.429,10000.0
1,65651.0,9996.907,36.305,4.608,10000.0
1,65652.0,10107.568000000001,4.873,9.961,10000.0
1,65653.0,9762.74,8.414,30.656,10000.0
1,65654.0,9991.443,13.214,3.585,10000.0
1,65655.0,10047.74,3.298,1.428,10000.0
1,65656.0,10034.744999999999,3.999,1.424,10000.0
1,65657.0,9919.288999999999,4.562,2.313,10000.0
1,65658.0,9966.659,4.455,1.992,10000.0
1,65659.0,10014.511,4.768,1.522,10000.0
1,65660.0,10000.892000000002,4.164,1.881,10000.0
1,65661.0,10120.429,6.87,2.025,10000.0
1,65662.0,9897.67,4.326,1.392,10000.0
1,65663.0,9976.586000000001,4.687,3.482,10000.0
1,65664.0,10625.736,5.151,2.317,10000.0
1,65665.0,9435.115000000002,8.865,5.103,10000.0
1,65666.0,9954.371,3.798,1.953,10000.0
1,65667.0,9980.336,3.386,2.381,10000.0
1,65668.0,10014.964,6.051,1.87,10000.0
1,65669.0,9998.749,5.64,4.288,10000.0
1,65670.0,10009.246,4.65,3.022,10000.0
1,65671.0,9991.354,4.098,1.502,10000.0
1,65672.0,10029.387,5.214,2.823,10000.0
1,65673.0,9978.216999999999,4.203,1.467,10000.0
1,65674.0,9970.715999999999,3.82,2.212,10000.0
1,65675.0,10061.429,4.16,2.791,10000.0
1,65676.0,9937.186000000002,3.505,2.005,10000.0
1,65677.0,10012.109,3.357,2.152,10000.0
1,65678.0,9983.191,4.523,2.467,10000.0
1,65679.0,10024.687,4.389,3.979,10000.0
1,65680.0,10021.181,3.652,2.023,10000.0
1,65681.0,10026.853000000001,9.37,2.007,10000.0
1,65682.0,10018.305999999999,4.517,1.428,10000.0
1,65683.0,9944.08,5.41,5.092,10000.0
1,65684.0,9987.624,4.096,1.466,10000.0
1,65685.0,10002.67,3.551,1.588,10000.0
1,65686.0,10286.405999999999,36.308,2.788,10000.0
1,65687.0,9965.369,43.864,2.979,10000.0
1,65688.0,9888.467999999999,14.273,1.877,10000.0
1,65689.0,10095.49,31.43,2.061,10000.0
1,65690.0,10809.921,3.578,1.43,10000.0
1,65691.0,8936.8,3.748,1.717,10000.0
1,65692.0,10037.233,4.119,1.569,10000.0
1,65693.0,10236.746,4.061,1.669,10000.0
1,65694.0,9787.928,4.729,1.351,10000.0
1,65695.0,9956.062,3.797,1.421,10000.0
1,65696.0,10020.032,6.257,2.075,10000.0
1,65697.0,10034.942,4.158,1.851,10000.0
1,65698.0,10287.709,3.633,1.613,10000.0
1,65699.0,9645.364,4.734,2.125,10000.0
1,65700.0,10036.662999999999,3.764,1.487,10000.0
1,65701.0,9966.212,5.937,2.269,10000.0
1,65702.0,11194.229,37.052,1.875,10000.0
1,65703.0,8834.321,4.798,2.171,10000.0
1,65704.0,10224.983,9.115,2.167,10000.0
1,65705.0,9740.715,3.423,1.808,10000.0
1,65706.0,10134.623000000001,5.888,2.191,10000.0
1,65707.0,9977.038,4.35,2.362,10000.0
1,65708.0,10068.623000000001,27.664,3.35,10000.0
1,65709.0,10029.996,4.47,1.95,10000.0
1,65710.0,10875.669,3.804,2.279,10000.0
1,65711.0,8912.797,4.838,19.517,10000.0
1,65712.0,10087.232,4.022,6.616,10000.0
1,65713.0,9989.11,10.983,2.667,10000.0
1,65714.0,9948.513,4.031,4.869,10000.0
1,65715.0,10043.737000000001,3.23,4.225,10000.0
1,65716.0,9944.206,4.185,2.305,10000.0
1,65717.0,10026.003999999999,3.972,1.858,10000.0
1,65718.0,10000.92,4.542,1.871,10000.0
1,65719.0,10001.779,4.766,3.056,10000.0
1,65720.0,10385.805,8.164,3.274,10000.0
1,65721.0,9572.753999999999,4.141,1.564,10000.0
1,65722.0,10029.364000000001,3.418,2.733,10000.0
1,65723.0,9965.978000000001,4.325,2.84,10000.0
1,65724.0,10023.440999999999,3.893,1.942,10000.0
1,65725.0,10492.905999999999,6.042,3.463,10000.0
1,65726.0,9517.417,5.084,1.479,10000.0
1,65727.0,9991.657,3.159,1.721,10000.0
1,65728.0,10006.098999999998,4.312,2.799,10000.0
1,65729.0,9978.145,3.361,1.964,10000.0
1,65730.0,9996.046999999999,3.655,2.712,10000.0
1,65731.0,10008.399,4.626,2.547,10000.0
1,65732.0,10008.527,4.301,3.386,10000.0
1,65733.0,10101.724,27.032,10.296,10000.0
1,65734.0,10158.149,37.929,12.253,10000.0
1,65735.0,9888.371,17.156,1.682,10000.0
1,65736.0,9892.648000000001,76.128,3.159,10000.0
1,65737.0,10098.544,7.717,17.239,10000.0
1,65738.0,10322.453000000001,19.878,5.183,10000.0
1,65739.0,9659.129,7.52,4.657,10000.0
1,65740.0,9858.179,4.23,2.113,10000.0
1,65741.0,10012.188,5.05,3.064,10000.0
1,65742.0,10115.153999999999,5.416,2.444,10000.0
1,65743.0,9945.948,4.034,1.753,10000.0
1,65744.0,10018.365,6.711,2.511,10000.0
1,65745.0,9990.193,2.577,1.293,10000.0
1,65746.0,9948.548999999999,4.166,2.057,10000.0
1,65747.0,9982.125999999998,5.177,2.052,10000.0
1,65748.0,9994.619,4.246,1.775,10000.0
1,65749.0,10266.685,42.818,12.204,10000.0
1,65750.0,9741.18,4.0,1.431,10000.0
1,65751.0,10249.339999999998,28.922,1.875,10000.0
1,65752.0,9819.493,13.477,5.891,10000.0
1,65753.0,10016.351,5.513,1.731,10000.0
1,65754.0,11423.773,30.99,6.383,10000.0
1,65755.0,8594.492,4.062,2.832,10000.0
1,65756.0,10023.146999999999,6.73,2.247,10000.0
1,65757.0,10048.993,8.191,3.228,10000.0
1,65758.0,9911.881000000001,5.815,1.679,10000.0
1,65759.0,9912.59,4.421,3.058,10000.0
1,65760.0,9984.375,3.463,1.423,10000.0
1,65761.0,10020.579,3.577,2.789,10000.0
1,65762.0,9975.598,3.399,11.105,10000.0
1,65763.0,10091.918,3.839,1.367,10000.0
1,65764.0,10076.901,4.01,1.799,10000.0
1,65765.0,9862.213,4.431,1.89,10000.0
1,65766.0,9983.347,4.249,1.485,10000.0
1,65767.0,9985.027,23.496,2.189,10000.0
1,65768.0,10071.480000000001,4.76,1.359,10000.0
1,65769.0,9979.224,3.81,8.949,10000.0
1,65770.0,10009.269,6.766,1.717,10000.0
1,65771.0,10346.067000000001,5.097,1.843,10000.0
1,65772.0,9759.761,23.304,1.831,10000.0
1,65773.0,9994.175,35.561,11.949,10000.0
1,65774.0,10283.227,18.052,1.769,10000.0
1,65775.0,10217.983,203.443,11.876,10000.0
1,65776.0,9535.458,32.965,10.014,10000.0
1,65777.0,9870.364,13.394,4.85,10000.0
1,65778.0,9954.294,5.594,1.788,10000.0
1,65779.0,9999.603,4.973,5.489,10000.0
1,65780.0,10012.935000000001,4.864,1.375,10000.0
1,65781.0,9979.855,4.537,1.934,10000.0
1,65782.0,9987.967999999999,4.327,1.487,10000.0
1,65783.0,10047.451000000001,4.856,2.154,10000.0
1,65784.0,10047.496,4.425,2.342,10000.0
1,65785.0,9934.525,4.449,1.254,10000.0
1,65786.0,10073.967,3.484,1.597,10000.0
1,65787.0,9979.659,4.664,6.2,10000.0
1,65788.0,9992.993,3.947,1.818,10000.0
1,65789.0,9962.655,6.798,3.991,10000.0
1,65790.0,11764.508,4.882,1.843,10000.0
1,65791.0,8443.788,40.084,2.634,10000.0
1,65792.0,9835.314,4.832,2.051,10000.0
1,65793.0,9959.417,4.105,2.919,10000.0
1,65794.0,10152.001,43.128,3.99,10000.0
1,65795.0,10574.557,5.312,4.236,10000.0
1,65796.0,9302.524,4.995,1.814,10000.0
1,65797.0,10103.294,27.826,2.32,10000.0
1,65798.0,10503.232,7.676,2.771,10000.0
1,65799.0,10524.497000000001,39.602,3.571,10000.0
1,65800.0,8849.49,14.696,13.213,10000.0
1,65801.0,9994.801,5.755,4.288,10000.0
1,65802.0,10189.097,30.263,2.928,10000.0
1,65803.0,9777.514,4.294,1.936,10000.0
1,65804.0,10094.626,104.104,2.344,10000.0
1,65805.0,10528.591,6.875,1608.786,10000.0
1,65806.0,9431.684,11.203,6.38,10000.0
1,65807.0,9929.191,8.547,4.05,10000.0
1,65808.0,10021.068,4.376,26.993,10000.0
1,65809.0,10046.749,8.583,8.186,10000.0
1,65810.0,9961.581,5.824,2.913,10000.0
1,65811.0,9979.75,4.349,2.815,10000.0
1,65812.0,10014.902,4.51,1.364,10000.0
1,65813.0,9973.832,3.708,1.419,10000.0
1,65814.0,10136.674,4.763,3.319,10000.0
1,65815.0,9947.827,3.337,1.399,10000.0
1,65816.0,9927.774,5.161,2.537,10000.0
1,65817.0,10026.357,4.274,2.071,10000.0
1,65818.0,9982.928,4.73,1.197,10000.0
1,65819.0,9988.034,5.697,2.272,10000.0
1,65820.0,9992.804,3.726,1.535,10000.0
1,65821.0,10015.708,4.307,1.872,10000.0
1,65822.0,10083.425,4.301,1.859,10000.0
1,65823.0,10192.754,24.608,3.556,10000.0
1,65824.0,9952.614,6.154,2.2,10000.0
1,65825.0,10114.453000000001,35.874,2.985,10000.0
1,65826.0,9909.082,28.58,6.736,10000.0
1,65827.0,9878.201,25.701,8.81,10000.0
1,65828.0,9935.595,15.037,19.076,10000.0
1,65829.0,9992.918,7.0,5.015,10000.0
1,65830.0,11209.154,32.581,1.14,10000.0
1,65831.0,8858.651,9.717,4.335,10000.0
1,65832.0,10018.67,5.367,2.918,10000.0
1,65833.0,9954.464999999998,4.604,6.608,10000.0
1,65834.0,10075.005,9.902,3.555,10000.0
1,65835.0,9892.658,15.514,2.456,10000.0
1,65836.0,10031.348,10.305,2.741,10000.0
1,65837.0,9912.567000000001,4.701,4.565,10000.0
1,65838.0,10103.572999999999,3.72,1.833,10000.0
1,65839.0,9904.421999999999,5.814,2.618,10000.0
1,65840.0,10006.782000000001,3.753,3.533,10000.0
1,65841.0,10026.230000000001,7.103,2.359,10000.0
1,65842.0,10011.523,4.466,3.805,10000.0
1,65843.0,9958.256000000001,3.93,1.929,10000.0
1,65844.0,10273.028,5.376,3.63,10000.0
1,65845.0,9737.281,4.339,2.225,10000.0
1,65846.0,9983.929,3.969,1.626,10000.0
1,65847.0,10108.112000000001,4.796,2.134,10000.0
1,65848.0,9867.22,3.712,3.04,10000.0
1,65849.0,10006.095,4.336,2.28,10000.0
1,65850.0,9993.624,4.143,1.96,10000.0
1,65851.0,9985.882,5.956,3.116,10000.0
1,65852.0,10020.389,3.587,2.331,10000.0
1,65853.0,10032.639,4.435,2.788,10000.0
1,65854.0,11071.895999999999,5.888,2.856,10000.0
1,65855.0,8900.711000000001,6.719,3.653,10000.0
1,65856.0,10018.904,4.402,3.034,10000.0
1,65857.0,10924.048,5.628,3.913,10000.0
1,65858.0,9618.115,27.999,2.628,10000.0
1,65859.0,9629.324,69.529,1.786,10000.0
1,65860.0,9931.751,29.394,2.267,10000.0
1,65861.0,9919.244,10.958,8.925,10000.0
1,65862.0,9962.47,4.87,2.873,10000.0
1,65863.0,10115.346000000001,4.799,3.156,10000.0
1,65864.0,9948.616,22.467,4.357,10000.0
1,65865.0,9922.217,3.781,1.57,10000.0
1,65866.0,10031.272,3.586,8.064,10000.0
1,65867.0,9975.561000000002,3.952,2.594,10000.0
1,65868.0,10057.593,4.281,4.54,10000.0
1,65869.0,9964.775,6.229,3.111,10000.0
1,65870.0,10018.951,4.476,2.431,10000.0
1,65871.0,9943.306,3.349,3.323,10000.0
1,65872.0,10033.08,3.507,2.04,10000.0
1,65873.0,10391.603,3.696,1.423,10000.0
1,65874.0,9664.332,4.175,3.707,10000.0
1,65875.0,9974.195,3.943,1.641,10000.0
1,65876.0,10072.482,4.624,2.092,10000.0
1,65877.0,10031.172,29.068,2.391,10000.0
1,65878.0,9869.423999999999,4.45,2.075,10000.0
1,65879.0,10112.598,28.271,4.81,10000.0
1,65880.0,10046.164,30.725,2.769,10000.0
1,65881.0,10028.249,36.91,2.578,10000.0
1,65882.0,10005.068000000001,32.813,1.932,10000.0
1,65883.0,9819.767,15.649,15.334,10000.0
1,65884.0,10078.554,5.077,2.369,10000.0
1,65885.0,10094.436,10.307,12.837,10000.0
1,65886.0,9858.056,5.917,3.477,10000.0
1,65887.0,9947.394999999999,4.748,3.842,10000.0
1,65888.0,10051.635,10.55,7.219,10000.0
1,65889.0,9964.475,8.149,5.31,10000.0
1,65890.0,9979.643999999998,6.109,3.164,10000.0
1,65891.0,10042.925,4.402,1.421,10000.0
1,65892.0,9977.602,3.248,1.744,10000.0
1,65893.0,9994.091999999999,5.728,3.48,10000.0
1,65894.0,9990.298999999999,4.515,3.328,10000.0
1,65895.0,9985.286,4.165,1.473,10000.0
1,65896.0,10125.051,4.117,1.565,10000.0
1,65897.0,9900.447999999999,4.18,1.938,10000.0
1,65898.0,9987.042,4.039,1.607,10000.0
1,65899.0,9987.733,6.322,2.267,10000.0
1,65900.0,10007.668000000001,3.89,2.941,10000.0
1,65901.0,10375.643,4.202,1.715,10000.0
1,65902.0,10160.960000000001,3.739,2.769,10000.0
1,65903.0,9452.933,4.128,3.378,10000.0
1,65904.0,10013.872,4.764,1.682,10000.0
1,65905.0,9977.877,3.664,2.467,10000.0
1,65906.0,10062.816,4.547,1.981,10000.0
1,65907.0,9937.601,4.275,1.4,10000.0
1,65908.0,10089.917,4.171,2.173,10000.0
1,65909.0,9940.319,9.416,5.505,10000.0
1,65910.0,9972.895,3.826,1.645,10000.0
1,65911.0,10002.552,4.085,2.566,10000.0
1,65912.0,10010.387,5.089,3.7,10000.0
1,65913.0,10048.652,3.498,1.598,10000.0
1,65914.0,10003.997000000001,4.318,1.451,10000.0
1,65915.0,9998.809000000001,4.14,1.487,10000.0
1,65916.0,10467.222,29.837,3.55,10000.0
1,65917.0,9502.264,3.465,2.541,10000.0
1,65918.0,10252.585,25.021,2.65,10000.0
1,65919.0,9745.715,5.309,11.841,10000.0
1,65920.0,10464.931,27.452,2.588,10000.0
1,65921.0,9636.015,24.573,3.506,10000.0
1,65922.0,10094.223,29.433,2.212,10000.0
1,65923.0,9922.293,16.821,3.042,10000.0
1,65924.0,10206.395,37.834,3.959,10000.0
1,65925.0,9827.234,15.807,3.257,10000.0
1,65926.0,10808.724,15.916,13.119,10000.0
1,65927.0,9210.098,28.909,8.788,10000.0
1,65928.0,9877.192,4.682,6.449,10000.0
1,65929.0,10138.601,31.34,4.841,10000.0
1,65930.0,9841.649,13.635,13.139,10000.0
1,65931.0,10034.028,5.22,3.287,10000.0
1,65932.0,9894.287999999999,3.805,1.961,10000.0
1,65933.0,10014.626,3.431,1.729,10000.0
1,65934.0,10032.876,3.976,4.087,10000.0
1,65935.0,9960.557999999999,3.063,2.281,10000.0
1,65936.0,10013.124,3.946,2.809,10000.0
1,65937.0,9990.109,4.031,1.586,10000.0
1,65938.0,10549.223,4.389,2.335,10000.0
1,65939.0,9474.101,5.378,1.499,10000.0
1,65940.0,10009.054,5.385,2.361,10000.0
1,65941.0,10009.511,5.879,2.178,10000.0
1,65942.0,10005.634,4.236,26.354,10000.0
1,65943.0,10061.175000000001,6.774,2.479,10000.0
1,65944.0,9933.907000000001,4.342,2.212,10000.0
1,65945.0,10075.584,4.223,2.071,10000.0
1,65946.0,10010.999,3.755,1.703,10000.0
1,65947.0,9884.342,4.009,1.709,10000.0
1,65948.0,10075.044,5.479,3.112,10000.0
1,65949.0,9919.625,3.953,4.883,10000.0
1,65950.0,10082.48,3.679,2.026,10000.0
1,65951.0,9926.788,5.556,2.625,10000.0
1,65952.0,10018.816,4.486,2.799,10000.0
1,65953.0,12141.944,5.956,3.927,10000.0
1,65954.0,7926.766,51.28,6.56,10000.0
1,65955.0,10124.604000000001,39.751,8.947,10000.0
1,65956.0,10928.232,4.793,2.045,10000.0
1,65957.0,8865.188,3.615,1.569,10000.0
1,65958.0,10239.238,32.924,5.337,10000.0
1,65959.0,9876.512,9.286,12.153,10000.0
1,65960.0,9873.712,4.257,5.518,10000.0
1,65961.0,9994.867,4.845,16.588,10000.0
1,65962.0,10000.165,3.559,3.388,10000.0
1,65963.0,10024.996,6.731,1.566,10000.0
1,65964.0,10056.678,6.323,3.582,10000.0
1,65965.0,9915.075,3.791,2.818,10000.0
1,65966.0,10164.633,4.672,1.682,10000.0
1,65967.0,9778.697,3.824,1.376,10000.0
1,65968.0,10130.973999999998,4.561,2.19,10000.0
1,65969.0,9969.047,4.454,1.953,10000.0
1,65970.0,10010.279,7.02,6.929,10000.0
1,65971.0,9985.222,4.662,3.135,10000.0
1,65972.0,10053.541,3.72,2.831,10000.0
1,65973.0,9940.801000000001,4.761,3.272,10000.0
1,65974.0,9996.555,6.087,3.76,10000.0
1,65975.0,10079.332,3.439,2.645,10000.0
1,65976.0,9932.771,8.868,5.127,10000.0
1,65977.0,10156.287999999999,13.823,5.393,10000.0
1,65978.0,9822.841,4.274,1.83,10000.0
1,65979.0,10282.048999999999,6.53,3.872,10000.0
1,65980.0,9741.694,4.638,1.908,10000.0
1,65981.0,10177.907,32.321,1.259,10000.0
1,65982.0,9978.529,5.036,2.348,10000.0
1,65983.0,9959.414999999999,5.101,1.587,10000.0
1,65984.0,10180.516000000001,30.02,3.752,10000.0
1,65985.0,9897.687,27.413,12.294,10000.0
1,65986.0,9792.327,5.535,2.248,10000.0
1,65987.0,9980.829,4.133,1.379,10000.0
1,65988.0,10011.433,6.875,3.866,10000.0
1,65989.0,10000.771,5.274,1.968,10000.0
1,65990.0,10057.208999999999,3.704,1.523,10000.0
1,65991.0,9929.502999999999,3.256,1.741,10000.0
1,65992.0,9982.79,6.558,3.334,10000.0
1,65993.0,10048.725,5.52,4.273,10000.0
1,65994.0,10007.083999999999,152.687,4.787,10000.0
1,65995.0,9999.554,5.894,2.507,10000.0
1,65996.0,10192.286,40.409,2.515,10000.0
1,65997.0,9986.88,50.665,2.108,10000.0
1,65998.0,9789.479,9.767,12.32,10000.0
1,65999.0,10127.476,6.228,4.563,10000.0
1,66000.0,10146.745,8.558,14.77,10000.0
1,66001.0,9731.475999999999,5.849,10.229,10000.0
1,66002.0,10026.915,12.881,8.437,10000.0
1,66003.0,10106.481,13.869,6.381,10000.0
1,66004.0,9929.67,125.078,4.616,10000.0
1,66005.0,9959.119,3.874,1.583,10000.0
1,66006.0,11898.225999999999,3.836,1.571,10000.0
1,66007.0,8095.267,3.939,1.531,10000.0
1,66008.0,10080.818,5.157,3.178,10000.0
1,66009.0,9897.942,3.967,2.307,10000.0
1,66010.0,9993.649,4.011,2.015,10000.0
1,66011.0,10275.22,32.696,7.186,10000.0
1,66012.0,9759.75,10.38,3.973,10000.0
1,66013.0,9964.743999999999,9.107,1.411,10000.0
1,66014.0,11449.780999999999,4.953,2.342,10000.0
1,66015.0,8559.463,5.66,3.602,10000.0
1,66016.0,10007.945000000002,4.951,3.339,10000.0
1,66017.0,9974.487000000001,4.115,47.862,10000.0
1,66018.0,10022.104000000001,5.091,3.282,10000.0
1,66019.0,9944.111,5.948,3.242,10000.0
1,66020.0,9990.887,4.574,2.679,10000.0
1,66021.0,9999.76,3.56,1.719,10000.0
1,66022.0,10084.472,6.741,3.31,10000.0
1,66023.0,9999.859,4.936,1.925,10000.0
1,66024.0,10106.073999999999,7.179,4.833,10000.0
1,66025.0,9914.053000000002,3.49,1.585,10000.0
1,66026.0,10000.805999999999,5.686,4.275,10000.0
1,66027.0,9976.051,3.798,17.683,10000.0
1,66028.0,9975.436000000002,4.425,4.395,10000.0
1,66029.0,11142.49,43.623,4.503,10000.0
1,66030.0,8872.44,5.654,7.703,10000.0
1,66031.0,9997.156,8.041,4.057,10000.0
1,66032.0,10256.873,40.606,3.834,10000.0
1,66033.0,9886.004,27.49,4.281,10000.0
1,66034.0,10003.395999999999,6.75,7.632,10000.0
1,66035.0,9915.327,10.528,9.784,10000.0
1,66036.0,9990.018999999998,9.859,2.918,10000.0
1,66037.0,9952.636,6.732,3.255,10000.0
1,66038.0,10065.9,11.046,1.71,10000.0
1,66039.0,10082.382000000001,14.624,3.711,10000.0
1,66040.0,9844.033,7.343,3.993,10000.0
1,66041.0,9972.913,5.923,2.865,10000.0
1,66042.0,10022.537,7.09,3.926,10000.0
1,66043.0,9989.448,3.987,1.468,10000.0
1,66044.0,10033.550000000001,5.876,2.131,10000.0
1,66045.0,9958.297,3.625,1.772,10000.0
1,66046.0,10028.327,4.661,1.51,10000.0
1,66047.0,10052.817000000001,3.899,1.703,10000.0
1,66048.0,9953.761999999999,4.042,2.938,10000.0
1,66049.0,9966.988,3.818,9.849,10000.0
1,66050.0,10060.378,5.6,2.004,10000.0
1,66051.0,9951.662999999999,3.674,1.497,10000.0
1,66052.0,9983.633,5.403,1.758,10000.0
1,66053.0,10009.804,10.424,2.698,10000.0
1,66054.0,10007.682999999999,6.088,3.553,10000.0
1,66055.0,10112.75,39.968,2.384,10000.0
1,66056.0,10954.08,3.502,1.777,10000.0
1,66057.0,8972.005,7.073,30.978,10000.0
1,66058.0,10051.775000000001,32.028,11.55,10000.0
1,66059.0,10216.717,10.604,4.311,10000.0
1,66060.0,9774.150000000001,12.954,4.127,10000.0
1,66061.0,9916.901,5.249,2.275,10000.0
1,66062.0,10013.792000000001,3.665,3.61,10000.0
1,66063.0,9963.511,3.339,2.556,10000.0
1,66064.0,10050.135999999999,6.771,4.46,10000.0
1,66065.0,9993.574,4.519,2.579,10000.0
1,66066.0,10082.956,5.359,4.832,10000.0
1,66067.0,10144.092,31.801,15.917,10000.0
1,66068.0,9772.41,8.058,13.967,10000.0
1,66069.0,9998.932,11.208,3.161,10000.0
1,66070.0,10225.190999999999,39.072,24.934,10000.0
1,66071.0,10354.954,40.394,6.161,10000.0
1,66072.0,9460.939,6.212,2.989,10000.0
1,66073.0,10029.893,8.665,5.309,10000.0
1,66074.0,9975.493,16.084,37.96,10000.0
1,66075.0,9931.339,3.912,56.751,10000.0
1,66076.0,10056.191,7.735,5.553,10000.0
1,66077.0,9992.243,5.188,3.123,10000.0
1,66078.0,10022.18,6.042,3.776,10000.0
1,66079.0,9961.241,6.779,5.127,10000.0
1,66080.0,9961.285,4.158,3.189,10000.0
1,66081.0,10033.692000000001,4.974,3.354,10000.0
1,66082.0,10249.37,35.978,4.045,10000.0
1,66083.0,9744.912,4.958,7.984,10000.0
1,66084.0,9998.455,5.488,3.372,10000.0
1,66085.0,10027.719,16.152,3.408,10000.0
1,66086.0,10427.360999999999,36.789,4.052,10000.0
1,66087.0,9706.087,74.525,4.201,10000.0
1,66088.0,10003.333999999999,98.481,16.346,10000.0
1,66089.0,9908.049,9.399,29.425,10000.0
1,66090.0,10363.066,12.859,3.995,10000.0
1,66091.0,9566.255,4.276,2.636,10000.0
1,66092.0,9945.996000000001,7.09,3.622,10000.0
1,66093.0,10354.528,6.599,4.79,10000.0
1,66094.0,9830.285,5.81,2.716,10000.0
1,66095.0,9843.115,9.102,4.426,10000.0
1,66096.0,10024.667,6.372,3.191,10000.0
1,66097.0,9912.643,4.968,3.607,10000.0
1,66098.0,10114.258,4.85,2.967,10000.0
1,66099.0,10817.594,5.161,4.626,10000.0
1,66100.0,9423.088,5.973,3.607,10000.0
1,66101.0,9695.797,3.752,3.033,10000.0
1,66102.0,10012.383,4.228,3.279,10000.0
1,66103.0,10148.589,5.89,3.595,10000.0
1,66104.0,10091.313,6.08,4.193,10000.0
1,66105.0,9776.77,7.211,5.02,10000.0
1,66106.0,10059.807,3.661,2.394,10000.0
1,66107.0,9909.372,4.9,4.407,10000.0
1,66108.0,10033.032000000001,4.958,2.836,10000.0
1,66109.0,9968.505000000001,4.131,2.165,10000.0
1,66110.0,12981.507,176.613,5.845,10000.0
1,66111.0,8540.559,5.939,3.362,10000.0
1,66112.0,8534.806,5.839,5.858,10000.0
1,66113.0,9966.291000000001,5.103,3.152,10000.0
1,66114.0,10034.667000000001,12.011,7.44,10000.0
1,66115.0,9966.863,5.525,3.892,10000.0
1,66116.0,10000.006000000001,5.852,2.561,10000.0
1,66117.0,10096.654,161.018,21.261,10000.0
1,66118.0,9907.216,4.068,2.987,10000.0
1,66119.0,10183.839,83.421,4.792,10000.0
1,66120.0,11105.219,41.825,3.224,10000.0
1,66121.0,9003.547,33.89,33.66,10000.0
1,66122.0,9897.565,9.497,5.613,10000.0
1,66123.0,10024.256000000001,41.935,4.971,10000.0
1,66124.0,10238.92,43.338,4.35,10000.0
1,66125.0,10752.152,45.941,3.414,10000.0
1,66126.0,10504.830999999998,42.153,4.86,10000.0
1,66127.0,8392.800000000001,5.062,2.983,10000.0
1,66128.0,10003.296999999999,14.118,7.289,10000.0
1,66129.0,10001.82,13.099,4.84,10000.0
1,66130.0,10051.552,9.982,2.632,10000.0
1,66131.0,9816.404,6.525,26.71,10000.0
1,66132.0,10125.422,4.593,2.752,10000.0
1,66133.0,9964.391,5.402,2.172,10000.0
1,66134.0,10024.568,6.575,3.184,10000.0
1,66135.0,11463.873,7.098,3.81,10000.0
1,66136.0,8735.711,40.28,3.884,10000.0
1,66137.0,9945.969000000001,6.593,3.218,10000.0
1,66138.0,9868.78,20.342,4.384,10000.0
1,66139.0,10093.827,18.48,4.413,10000.0
1,66140.0,12110.476999999999,6.783,3.088,10000.0
1,66141.0,7722.547,5.086,3.647,10000.0
1,66142.0,14023.201000000001,7.077,4.001,10000.0
1,66143.0,5946.011,6.134,5.185,10000.0
1,66144.0,9985.911,6.484,2.619,10000.0
1,66145.0,10057.118,5.493,2.027,10000.0
1,66146.0,10014.949,6.255,2.541,10000.0
1,66147.0,10067.253,13.54,25.063,10000.0
1,66148.0,9933.689,6.04,3.1,10000.0
1,66149.0,10044.202000000001,5.903,8.053,10000.0
1,66150.0,9877.398000000001,5.247,3.422,10000.0
1,66151.0,10026.429999999998,6.004,3.732,10000.0
1,66152.0,10260.13,5.418,29.723,10000.0
1,66153.0,9741.715,5.545,4.107,10000.0
1,66154.0,10173.577,5.671,3.788,10000.0
1,66155.0,9837.052000000001,6.198,2.346,10000.0
1,66156.0,9978.664999999999,5.69,2.886,10000.0
1,66157.0,10053.332999999999,3.9,2.005,10000.0
1,66158.0,9949.764,5.269,2.195,10000.0
1,66159.0,10011.173,5.367,2.065,10000.0
1,66160.0,9987.214,4.861,2.2,10000.0
1,66161.0,10093.001,4.712,2.626,10000.0
1,66162.0,10074.636999999999,29.153,1.988,10000.0
1,66163.0,10018.37,36.935,11.836,10000.0
1,66164.0,10327.039999999999,6.111,2.32,10000.0
1,66165.0,9633.76,46.933,3.831,10000.0
1,66166.0,9861.226,5.177,2.906,10000.0
1,66167.0,12077.036,6.103,8.871,10000.0
1,66168.0,7970.665999999999,4.88,4.924,10000.0
1,66169.0,10117.331,4.915,1.637,10000.0
1,66170.0,9832.387,5.39,9.447,10000.0
1,66171.0,9982.398,4.726,2.226,10000.0
1,66172.0,10159.536,7.834,4.954,10000.0
1,66173.0,10228.947,6.562,3.195,10000.0
1,66174.0,9858.252,20.784,3.766,10000.0
1,66175.0,9749.798999999999,4.783,2.385,10000.0
1,66176.0,9983.487,4.761,3.879,10000.0
1,66177.0,10027.303,3.954,2.873,10000.0
1,66178.0,9995.765,5.437,10.004,10000.0
1,66179.0,10029.133000000002,4.442,2.068,10000.0
1,66180.0,9925.622,4.771,1.821,10000.0
1,66181.0,10066.729,5.875,5.426,10000.0
1,66182.0,9988.73,6.024,2.176,10000.0
1,66183.0,9978.096000000001,4.894,2.343,10000.0
1,66184.0,10023.166,4.234,1.907,10000.0
1,66185.0,9975.318000000001,3.9,2.199,10000.0
1,66186.0,10010.077,4.695,2.327,10000.0
1,66187.0,10096.077,5.574,4.538,10000.0
1,66188.0,9910.657,3.669,2.809,10000.0
1,66189.0,10018.789999999999,5.887,3.451,10000.0
1,66190.0,10000.113,5.32,4.164,10000.0
1,66191.0,10028.293000000001,84.959,4.076,10000.0
1,66192.0,11124.144,28.777,2.957,10000.0
1,66193.0,8874.903,8.18,3.86,10000.0
1,66194.0,10003.653,6.054,3.182,10000.0
1,66195.0,10042.129,5.495,1.676,10000.0
1,66196.0,10013.769,9.675,2.812,10000.0
1,66197.0,9906.663,8.303,22.885,10000.0
1,66198.0,9976.006000000001,3.96,1.436,10000.0
1,66199.0,10019.747000000001,4.711,2.128,10000.0
1,66200.0,9974.652,6.156,2.38,10000.0
1,66201.0,9992.378999999999,6.025,2.273,10000.0
1,66202.0,10157.321,5.274,2.033,10000.0
1,66203.0,9927.769,4.41,2.448,10000.0
1,66204.0,10070.817,6.699,2.019,10000.0
1,66205.0,9869.625,4.874,3.165,10000.0
1,66206.0,11147.033000000001,5.871,3.561,10000.0
1,66207.0,8826.964,5.158,2.823,10000.0
1,66208.0,10021.393,6.011,2.801,10000.0
1,66209.0,10070.054,5.533,233.226,10000.0
1,66210.0,10247.839,152.636,4.206,10000.0
1,66211.0,9642.637,4.889,3.279,10000.0
1,66212.0,10039.153,4.16,2.476,10000.0
1,66213.0,10012.372,3.708,2.265,10000.0
1,66214.0,10214.288999999999,38.478,3.402,10000.0
1,66215.0,9819.358,5.1,1.896,10000.0
1,66216.0,9946.869,4.607,3.308,10000.0
1,66217.0,10373.757000000001,50.106,5.198,10000.0
1,66218.0,9627.439,4.366,9.212,10000.0
1,66219.0,10185.308,6.734,3.833,10000.0
1,66220.0,9851.443,7.69,9.449,10000.0
1,66221.0,10013.117,5.984,6.296,10000.0
1,66222.0,10187.243,12.554,3.814,10000.0
1,66223.0,9883.686,9.588,6.387,10000.0
1,66224.0,9909.632,5.151,5.081,10000.0
1,66225.0,9929.615,4.565,2.874,10000.0
1,66226.0,10086.871000000001,6.776,2.841,10000.0
1,66227.0,9945.931999999999,3.371,2.859,10000.0
1,66228.0,10015.998,3.993,3.241,10000.0
1,66229.0,9990.916000000001,5.492,2.319,10000.0
1,66230.0,10046.017000000002,5.261,2.945,10000.0
1,66231.0,9987.931,5.583,2.771,10000.0
1,66232.0,9983.030999999999,22.646,2.939,10000.0
1,66233.0,10117.657000000001,18.731,3.402,10000.0
1,66234.0,10078.105,7.386,6.918,10000.0
1,66235.0,10802.934,20.86,3.917,10000.0
1,66236.0,9001.747,6.974,2.611,10000.0
1,66237.0,9986.904,4.02,2.666,10000.0
1,66238.0,10115.678,6.223,4.441,10000.0
1,66239.0,9897.704,5.943,3.51,10000.0
1,66240.0,10026.524,4.549,2.612,10000.0
1,66241.0,10251.606,5.446,4.002,10000.0
1,66242.0,9789.487,8.173,6.372,10000.0
1,66243.0,9930.625,4.701,2.43,10000.0
1,66244.0,10003.429,5.957,37.323,10000.0
1,66245.0,9995.386,5.464,2.326,10000.0
1,66246.0,9978.965,4.457,2.864,10000.0
1,66247.0,10016.5,4.14,3.414,10000.0
1,66248.0,9994.118,5.366,3.658,10000.0
1,66249.0,10126.154999999999,11.6,2.202,10000.0
1,66250.0,10113.786,20.612,3.169,10000.0
1,66251.0,9978.079000000002,5.826,3.467,10000.0
1,66252.0,9917.785,5.089,3.246,10000.0
1,66253.0,9978.247000000001,6.603,3.749,10000.0
1,66254.0,11076.719000000001,6.322,2.965,10000.0
1,66255.0,8820.768999999998,7.403,8.294,10000.0
1,66256.0,9989.549,5.117,5.6,10000.0
1,66257.0,10005.214,5.141,6.14,10000.0
1,66258.0,10147.349999999999,3.826,3.145,10000.0
1,66259.0,9896.114,4.156,1.525,10000.0
1,66260.0,10010.806,5.544,2.877,10000.0
1,66261.0,10584.045,42.681,3.508,10000.0
1,66262.0,9395.258,5.627,3.016,10000.0
1,66263.0,9990.560000000001,5.018,4.152,10000.0
1,66264.0,10508.934,66.744,2.483,10000.0
1,66265.0,9627.374,31.004,2.929,10000.0
1,66266.0,10068.601999999999,39.92,18.217,10000.0
1,66267.0,10613.500999999998,45.709,191.373,10000.0
1,66268.0,9196.016,5.583,30.28,10000.0
1,66269.0,10044.417,18.546,2.809,10000.0
1,66270.0,10010.698,6.137,28.77,10000.0
1,66271.0,9928.563,6.464,4.502,10000.0
1,66272.0,10017.92,5.906,2.943,10000.0
1,66273.0,9943.651,3.321,2.94,10000.0
1,66274.0,10023.245,9.524,5.198,10000.0
1,66275.0,11148.356,4.747,2.049,10000.0
1,66276.0,8837.676,3.786,4.368,10000.0
1,66277.0,10069.463000000002,5.474,4.43,10000.0
1,66278.0,9941.027,25.641,4.747,10000.0
1,66279.0,9998.396999999999,5.305,2.985,10000.0
1,66280.0,11040.498,5.535,3.761,10000.0
1,66281.0,9775.016,31.911,8.258,10000.0
1,66282.0,9361.425,44.227,1497.375,10000.0
1,66283.0,9823.045,4.525,7.132,10000.0
1,66284.0,10142.646999999999,19.526,3.662,10000.0
1,66285.0,9939.272,8.012,3.873,10000.0
1,66286.0,10044.301,7.881,3.27,10000.0
1,66287.0,9880.046999999999,4.909,5.549,10000.0
1,66288.0,9995.845,22.728,3.453,10000.0
1,66289.0,9973.616,5.422,4.106,10000.0
1,66290.0,10095.853000000001,4.531,2.612,10000.0
1,66291.0,9929.966999999999,4.048,2.258,10000.0
1,66292.0,9997.912,3.768,1.853,10000.0
1,66293.0,11075.514,5.246,2.975,10000.0
1,66294.0,8936.045,6.128,3.622,10000.0
1,66295.0,10080.350999999999,4.456,2.86,10000.0
1,66296.0,10800.726,6.393,3.726,10000.0
1,66297.0,9157.247000000001,6.068,3.658,10000.0
1,66298.0,9946.188999999998,4.861,4.199,10000.0
1,66299.0,9998.233,5.554,4.185,10000.0
1,66300.0,10015.289,5.389,5.516,10000.0
1,66301.0,10124.074,5.626,3.075,10000.0
1,66302.0,10334.58,4.439,1.892,10000.0
1,66303.0,9543.365,5.594,3.02,10000.0
1,66304.0,9970.935,5.744,2.436,10000.0
1,66305.0,10009.92,5.591,2.303,10000.0
1,66306.0,10027.716,6.484,1.864,10000.0
1,66307.0,10047.386999999999,5.32,2.276,10000.0
1,66308.0,9928.503,5.592,2.253,10000.0
1,66309.0,10117.914999999999,16.108,2.543,10000.0
1,66310.0,10027.53,6.05,2.387,10000.0
1,66311.0,10220.181,55.327,3.881,10000.0
1,66312.0,9838.847,44.707,23.942,10000.0
1,66313.0,9792.283000000001,6.847,5.257,10000.0
1,66314.0,10112.401,13.88,3.462,10000.0
1,66315.0,10415.6,7.161,15.105,10000.0
1,66316.0,9795.175,4.5,4.39,10000.0
1,66317.0,9694.395999999999,5.145,2.787,10000.0
1,66318.0,9975.053,4.556,2.799,10000.0
1,66319.0,10073.228,5.71,7.411,10000.0
1,66320.0,10087.230000000001,5.679,3.884,10000.0
1,66321.0,9837.752,4.224,2.165,10000.0
1,66322.0,10017.130000000001,4.795,2.513,10000.0
1,66323.0,9978.971,4.698,5.252,10000.0
1,66324.0,10019.79,6.07,3.287,10000.0
1,66325.0,10194.119999999999,41.747,3.766,10000.0
1,66326.0,9833.028,5.447,3.594,10000.0
1,66327.0,10189.98,45.972,3.964,10000.0
1,66328.0,9784.734,6.587,4.085,10000.0
1,66329.0,12230.778,10.95,3.914,10000.0
1,66330.0,8067.987,36.341,4.807,10000.0
1,66331.0,9867.338,24.133,4.467,10000.0
1,66332.0,10029.017,95.886,2.912,10000.0
1,66333.0,10014.712,4.565,2.73,10000.0
1,66334.0,11247.539,6.309,3.682,10000.0
1,66335.0,8537.797,7.463,4.788,10000.0
1,66336.0,10001.994,5.777,3.994,10000.0
1,66337.0,9994.575,4.756,3.455,10000.0
1,66338.0,10024.145999999999,5.209,4.031,10000.0
1,66339.0,9979.916,5.127,2.551,10000.0
1,66340.0,9984.198,4.063,3.281,10000.0
1,66341.0,10019.448,7.228,4.575,10000.0
1,66342.0,10024.850999999999,9.584,5.313,10000.0
1,66343.0,10129.56,11.09,3.792,10000.0
1,66344.0,9871.409,6.563,7.409,10000.0
1,66345.0,10000.678,4.282,3.057,10000.0
1,66346.0,9981.144,5.552,2.978,10000.0
1,66347.0,10283.41,6.049,4.298,10000.0
1,66348.0,9760.303,6.473,5.735,10000.0
1,66349.0,9943.296,5.642,3.318,10000.0
1,66350.0,11079.811,6.178,2.689,10000.0
1,66351.0,8903.250999999998,3.886,2.506,10000.0
1,66352.0,10025.7,5.088,2.696,10000.0
1,66353.0,9967.384,4.002,3.01,10000.0
1,66354.0,10047.532,7.112,7.546,10000.0
1,66355.0,9985.368,4.349,2.447,10000.0
1,66356.0,10050.151,23.606,4.336,10000.0
1,66357.0,10027.065999999999,26.943,20.161,10000.0
1,66358.0,10311.798999999999,6.622,22.46,10000.0
1,66359.0,11823.494999999999,49.804,3.192,10000.0
1,66360.0,7807.692,10.888,31.979,10000.0
1,66361.0,10007.487000000001,11.02,3.309,10000.0
1,66362.0,9958.467999999999,4.565,7.375,10000.0
1,66363.0,10242.052,7.588,3.834,10000.0
1,66364.0,9760.22,5.245,4.781,10000.0
1,66365.0,10001.584,4.249,1.82,10000.0
1,66366.0,9983.542,5.558,3.299,10000.0
1,66367.0,10113.935,5.719,3.912,10000.0
1,66368.0,9969.92,4.079,2.261,10000.0
1,66369.0,9996.802000000001,4.244,1.422,10000.0
1,66370.0,10077.554,5.552,4.087,10000.0
1,66371.0,9862.476,4.162,1.449,10000.0
1,66372.0,10042.585,4.804,2.032,10000.0
1,66373.0,9964.083999999999,4.875,2.092,10000.0
1,66374.0,9991.838,4.142,2.228,10000.0
1,66375.0,10068.021999999999,4.294,2.229,10000.0
1,66376.0,9919.13,4.143,2.459,10000.0
1,66377.0,11685.714,4.871,1.61,10000.0
1,66378.0,8399.969000000001,4.58,4.083,10000.0
1,66379.0,10156.993,16.873,21.589,10000.0
1,66380.0,9784.565999999999,12.255,11.787,10000.0
1,66381.0,10114.86,8.585,5.228,10000.0
1,66382.0,11727.249,7.01,2.56,10000.0
1,66383.0,8235.276,41.459,4.585,10000.0
1,66384.0,9940.064,5.982,32.615,10000.0
1,66385.0,10017.646999999999,4.617,24.674,10000.0
1,66386.0,9970.456,5.761,5.796,10000.0
1,66387.0,9964.232,5.078,3.194,10000.0
1,66388.0,10015.116,5.631,3.064,10000.0
1,66389.0,9988.392,4.571,3.489,10000.0
1,66390.0,10048.782,6.65,2.354,10000.0
1,66391.0,9944.051000000001,4.808,20.725,10000.0
1,66392.0,10106.469,5.473,2.199,10000.0
1,66393.0,10182.935000000001,41.763,2.595,10000.0
1,66394.0,9713.578000000001,3.616,3.347,10000.0
1,66395.0,10039.392,3.919,4.59,10000.0
1,66396.0,9992.556999999999,6.48,2.544,10000.0
1,66397.0,9965.801,4.107,3.636,10000.0
1,66398.0,10090.59,5.609,2.873,10000.0
1,66399.0,10169.317000000001,9.871,4.558,10000.0
1,66400.0,10086.017,101.073,4.096,10000.0
1,66401.0,9792.169,35.956,2.793,10000.0
1,66402.0,9995.867,34.645,2.15,10000.0
1,66403.0,10145.886,41.114,12.295,10000.0
1,66404.0,9905.895,39.683,19.454,10000.0
1,66405.0,10156.708,30.992,1.821,10000.0
1,66406.0,10038.786,36.102,9.12,10000.0
1,66407.0,10027.116,33.934,1.775,10000.0
1,66408.0,9769.543,14.673,2.534,10000.0
1,66409.0,9990.066,38.795,5.408,10000.0
1,66410.0,9952.341999999999,61.634,10.464,10000.0
1,66411.0,9882.168,6.602,3.687,10000.0
1,66412.0,10073.512999999999,11.285,3.47,10000.0
1,66413.0,9920.82,3.997,3.106,10000.0
1,66414.0,10213.518,10.1,4.116,10000.0
1,66415.0,9837.283000000001,12.413,6.131,10000.0
1,66416.0,9977.401,20.946,2.574,10000.0
1,66417.0,10001.876999999999,3.937,1.349,10000.0
1,66418.0,9968.58,3.937,1.753,10000.0
1,66419.0,10002.436,4.573,2.57,10000.0
1,66420.0,10045.874,856.613,3.054,10000.0
1,66421.0,10039.338,7.93,4.047,10000.0
1,66422.0,9965.464,6.365,4.112,10000.0
1,66423.0,9971.568,5.738,5.903,10000.0
1,66424.0,9953.706999999999,5.788,3.373,10000.0
1,66425.0,10039.051,4.034,1.998,10000.0
1,66426.0,10022.576000000001,5.252,3.923,10000.0
1,66427.0,10057.58,5.307,3.219,10000.0
1,66428.0,10081.546,56.23,2.981,10000.0
1,66429.0,10111.591,34.655,4.192,10000.0
1,66430.0,10017.088,27.416,5.474,10000.0
1,66431.0,9869.081,24.345,19.013,10000.0
1,66432.0,9863.826,12.1,11.695,10000.0
1,66433.0,9927.846000000001,3.951,3.288,10000.0
1,66434.0,10204.972,63.331,12.181,10000.0
1,66435.0,9927.305,17.247,4.977,10000.0
1,66436.0,10019.009,6.267,3.276,10000.0
1,66437.0,10042.197,11.314,3.705,10000.0
1,66438.0,9942.847,7.351,6.158,10000.0
1,66439.0,9922.195,3.794,3.439,10000.0
1,66440.0,9996.913,4.337,2.126,10000.0
1,66441.0,9973.582999999999,4.639,3.181,10000.0
1,66442.0,10022.353,3.647,2.366,10000.0
1,66443.0,10013.479000000001,6.418,4.302,10000.0
1,66444.0,9997.257000000001,5.481,3.632,10000.0
1,66445.0,10011.55,4.449,2.648,10000.0
1,66446.0,9967.333,5.365,2.067,10000.0
1,66447.0,10204.879,5.532,2.874,10000.0
1,66448.0,9823.831999999999,5.333,3.001,10000.0
1,66449.0,10017.92,5.559,3.602,10000.0
1,66450.0,9962.993999999999,4.963,3.845,10000.0
1,66451.0,10158.579,6.723,2.969,10000.0
1,66452.0,9921.572,5.581,3.563,10000.0
1,66453.0,10151.461000000001,35.897,5.265,10000.0
1,66454.0,9800.761,5.676,2.436,10000.0
1,66455.0,9962.599,4.16,2.387,10000.0
1,66456.0,10045.465,15.048,12.494,10000.0
1,66457.0,10125.256,4.569,3.499,10000.0
1,66458.0,10001.243999999999,38.036,3.198,10000.0
1,66459.0,9813.99,5.108,2.025,10000.0
1,66460.0,10003.568,3.869,2.581,10000.0
1,66461.0,10046.650000000001,5.597,3.289,10000.0
1,66462.0,12037.468,4.626,3.086,10000.0
1,66463.0,8111.187000000001,44.224,3.712,10000.0
1,66464.0,10028.119999999999,4.478,2.417,10000.0
1,66465.0,10707.258000000002,35.811,2.904,10000.0
1,66466.0,9467.918,42.383,18.342,10000.0
1,66467.0,9769.521,39.033,15.896,10000.0
1,66468.0,10731.3,15.664,4.338,10000.0
1,66469.0,9138.08,8.01,5.067,10000.0
1,66470.0,10084.287,4.982,2.547,10000.0
1,66471.0,9925.121000000001,5.564,4.04,10000.0
1,66472.0,9999.486,23.096,24.786,10000.0
1,66473.0,9971.185000000001,5.306,3.806,10000.0
1,66474.0,10051.037,6.051,3.5,10000.0
1,66475.0,9948.821,9.401,3.609,10000.0
1,66476.0,10003.65,7.311,4.049,10000.0
1,66477.0,10068.157,6.089,15.496,10000.0
1,66478.0,9928.486,4.507,3.128,10000.0
1,66479.0,9983.731,4.481,3.038,10000.0
1,66480.0,10026.374,4.765,2.31,10000.0
1,66481.0,10019.71,4.389,2.715,10000.0
1,66482.0,9964.182999999999,5.901,3.089,10000.0
1,66483.0,11208.973,5.142,2.687,10000.0
1,66484.0,9178.789999999999,37.861,3.691,10000.0
1,66485.0,10508.065,6.246,3.803,10000.0
1,66486.0,9456.188,37.969,3.472,10000.0
1,66487.0,9722.206,49.307,9.31,10000.0
1,66488.0,10036.096,85.55,2.759,10000.0
1,66489.0,9966.244,19.178,22.395,10000.0
1,66490.0,10035.204000000002,16.565,5.685,10000.0
1,66491.0,9989.733,5.554,11.904,10000.0
1,66492.0,10205.351,5.059,2.949,10000.0
1,66493.0,9892.614,9.688,10.164,10000.0
1,66494.0,9808.4,6.738,32.841,10000.0
1,66495.0,10032.242,7.075,5.066,10000.0
1,66496.0,10026.359,7.033,2.913,10000.0
1,66497.0,9935.527,4.216,2.786,10000.0
1,66498.0,10033.751,5.246,3.008,10000.0
1,66499.0,9970.114,5.873,2.817,10000.0
1,66500.0,9984.987000000001,5.072,11.737,10000.0
1,66501.0,10047.826,4.441,2.429,10000.0
1,66502.0,9958.026,4.993,2.73,10000.0
1,66503.0,10070.398,19.473,3.934,10000.0
1,66504.0,9946.511,4.074,3.89,10000.0
1,66505.0,10132.779999999999,19.186,19.738,10000.0
1,66506.0,9934.864,4.57,2.168,10000.0
1,66507.0,9923.287,4.115,2.479,10000.0
1,66508.0,9991.163,4.644,2.739,10000.0
1,66509.0,10057.506000000001,5.044,2.638,10000.0
1,66510.0,9935.028,5.624,2.839,10000.0
1,66511.0,10031.582,3.936,2.596,10000.0
1,66512.0,10027.567,7.047,3.651,10000.0
1,66513.0,9956.026,5.319,3.327,10000.0
1,66514.0,10019.823,4.579,2.599,10000.0
1,66515.0,10052.466,4.812,3.029,10000.0
1,66516.0,10087.695000000002,10.157,2.195,10000.0
1,66517.0,9876.724999999999,7.563,2.705,10000.0
1,66518.0,9957.286,5.971,3.027,10000.0
1,66519.0,11052.564,5.372,3.064,10000.0
1,66520.0,9102.957999999999,6.213,3.651,10000.0
1,66521.0,9862.146999999999,5.474,3.823,10000.0
1,66522.0,9977.576000000001,4.836,3.352,10000.0
1,66523.0,10240.742,5.81,3.563,10000.0
1,66524.0,9807.293,4.289,13.678,10000.0
1,66525.0,10131.193,137.051,3.127,10000.0
1,66526.0,9807.980000000001,4.256,11.675,10000.0
1,66527.0,10016.517000000002,4.889,3.955,10000.0
1,66528.0,10036.594,4.921,3.553,10000.0
1,66529.0,10203.71,50.199,3.965,10000.0
1,66530.0,12207.675,4.814,2.592,10000.0
1,66531.0,8674.139000000001,35.291,3.715,10000.0
1,66532.0,9112.601,31.667,2.158,10000.0
1,66533.0,9868.949,15.603,18.943,10000.0
1,66534.0,9931.389000000001,22.273,13.075,10000.0
1,66535.0,10038.996,17.035,7.312,10000.0
1,66536.0,9955.515,7.273,2.049,10000.0
1,66537.0,10012.73,4.122,6.078,10000.0
1,66538.0,9984.926,5.271,2.307,10000.0
1,66539.0,10047.923,25.974,3.937,10000.0
1,66540.0,10025.592,4.738,2.89,10000.0
1,66541.0,9919.548999999999,5.388,2.387,10000.0
1,66542.0,10264.395,5.186,2.721,10000.0
1,66543.0,9728.615,4.653,3.115,10000.0
1,66544.0,10174.259,5.813,4.493,10000.0
1,66545.0,10014.998000000001,5.101,1.912,10000.0
1,66546.0,10035.784000000001,23.485,8.392,10000.0
1,66547.0,10883.029,6.266,2.647,10000.0
1,66548.0,9194.714,6.086,2.985,10000.0
1,66549.0,9731.467,41.727,18.803,10000.0
1,66550.0,11051.497000000001,32.533,10.454,10000.0
1,66551.0,8993.657000000001,6.357,30.666,10000.0
1,66552.0,9944.506000000001,8.617,3.378,10000.0
1,66553.0,9975.412,23.216,4.531,10000.0
1,66554.0,10015.592999999999,7.164,7.877,10000.0
1,66555.0,11525.015,5.667,3.491,10000.0
1,66556.0,8458.096,5.736,2.34,10000.0
1,66557.0,10095.354000000001,8.843,5.091,10000.0
1,66558.0,9899.342999999999,4.759,2.657,10000.0
1,66559.0,10324.833999999999,5.887,3.169,10000.0
1,66560.0,9638.987,3.807,1.779,10000.0
1,66561.0,10108.918,5.321,3.458,10000.0
1,66562.0,9999.943000000001,4.918,2.168,10000.0
1,66563.0,9958.885,32.237,1.667,10000.0
1,66564.0,9997.831,6.58,1.681,10000.0
1,66565.0,9979.131000000001,4.011,2.747,10000.0
1,66566.0,10100.431,3.71,3.241,10000.0
1,66567.0,9874.57,3.354,2.725,10000.0
1,66568.0,10038.469,4.069,3.4,10000.0
1,66569.0,9965.096,4.427,1.503,10000.0
1,66570.0,10023.151,4.567,3.702,10000.0
1,66571.0,10016.687,5.522,3.969,10000.0
1,66572.0,9983.676,3.966,1.495,10000.0
1,66573.0,10027.561000000002,5.599,3.877,10000.0
1,66574.0,9928.414,4.027,1.423,10000.0
1,66575.0,10126.633,9.492,1.743,10000.0
1,66576.0,10245.139000000001,39.96,4.061,10000.0
1,66577.0,9824.676,40.407,2.762,10000.0
1,66578.0,9884.74,7.235,3.547,10000.0
1,66579.0,10182.68,35.446,19.767,10000.0
1,66580.0,11380.744,8.317,3.088,10000.0
1,66581.0,8384.017,6.217,3.71,10000.0
1,66582.0,10142.073999999999,17.469,5.923,10000.0
1,66583.0,9968.177,9.165,4.987,10000.0
1,66584.0,9890.016,5.963,3.54,10000.0
1,66585.0,10008.195,7.963,7.748,10000.0
1,66586.0,10055.780999999999,4.271,1.528,10000.0
1,66587.0,10030.829,6.332,4.453,10000.0
1,66588.0,9992.165,3.976,3.546,10000.0
1,66589.0,9918.387,3.986,2.147,10000.0
1,66590.0,11058.96,5.729,1.721,10000.0
1,66591.0,9143.056,35.04,2.585,10000.0
1,66592.0,10122.945,14.413,26.903,10000.0
1,66593.0,9676.542,5.605,29.34,10000.0
1,66594.0,9996.23,6.179,2.815,10000.0
1,66595.0,10080.594,18.818,18.99,10000.0
1,66596.0,9978.404,19.648,5.162,10000.0
1,66597.0,10208.134,4.988,1.576,10000.0
1,66598.0,9852.558,5.529,8.42,10000.0
1,66599.0,9881.523,6.442,2.8,10000.0
1,66600.0,9990.167,6.241,3.579,10000.0
1,66601.0,10025.827,6.178,2.469,10000.0
1,66602.0,10246.277999999998,43.475,3.012,10000.0
1,66603.0,9957.76,5.228,3.694,10000.0
1,66604.0,9769.746,4.183,2.667,10000.0
1,66605.0,10024.511999999999,5.808,2.889,10000.0
1,66606.0,10012.232,5.117,3.011,10000.0
1,66607.0,10020.17,4.619,3.196,10000.0
1,66608.0,9936.649000000001,4.518,1.65,10000.0
1,66609.0,10050.516000000001,4.511,2.709,10000.0
1,66610.0,10096.356000000002,5.108,3.361,10000.0
1,66611.0,9860.93,18.121,3.075,10000.0
1,66612.0,10017.871,3.786,2.706,10000.0
1,66613.0,10000.975,14.443,3.085,10000.0
1,66614.0,9991.253999999999,4.76,2.539,10000.0
1,66615.0,10016.817000000001,4.287,2.755,10000.0
1,66616.0,11052.831,4.983,1.633,10000.0
1,66617.0,8888.928000000002,5.04,2.869,10000.0
1,66618.0,10008.899,5.432,3.811,10000.0
1,66619.0,9987.698999999999,5.453,2.86,10000.0
1,66620.0,10247.430999999999,29.786,25.899,10000.0
1,66621.0,9843.835000000001,5.844,3.797,10000.0
1,66622.0,9964.743999999999,11.143,2.985,10000.0
1,66623.0,10015.132,6.036,5.101,10000.0
1,66624.0,10027.827,4.548,3.728,10000.0
1,66625.0,10032.114,3.447,2.031,10000.0
1,66626.0,9902.159000000001,3.892,2.456,10000.0
1,66627.0,9990.861,4.559,2.924,10000.0
1,66628.0,9997.781,3.033,2.382,10000.0
1,66629.0,10046.029999999999,8.693,4.052,10000.0
1,66630.0,10035.706,3.253,2.611,10000.0
1,66631.0,9961.226999999999,4.53,3.52,10000.0
1,66632.0,10036.107,6.094,5.051,10000.0
1,66633.0,9885.946,5.125,3.137,10000.0
1,66634.0,10081.982999999998,5.252,4.182,10000.0
1,66635.0,11083.215,5.499,3.351,10000.0
1,66636.0,9109.363000000001,210.995,3.828,10000.0
1,66637.0,9766.715,3.9,2.159,10000.0
1,66638.0,11078.358,5.024,3.169,10000.0
1,66639.0,9061.812,11.938,4.278,10000.0
1,66640.0,9892.713,8.255,4.151,10000.0
1,66641.0,9968.097,3.462,3.615,10000.0
1,66642.0,10024.191,5.723,3.325,10000.0
1,66643.0,9991.105,4.854,2.971,10000.0
1,66644.0,10007.149,4.933,5.267,10000.0
1,66645.0,10044.189,5.886,4.472,10000.0
1,66646.0,9976.538,4.949,3.253,10000.0
1,66647.0,10011.301,4.568,2.449,10000.0
1,66648.0,9961.929,5.766,4.286,10000.0
1,66649.0,10011.742,5.287,6.012,10000.0
1,66650.0,10013.737,3.544,1.897,10000.0
1,66651.0,9990.229,6.278,2.87,10000.0
1,66652.0,9958.746,3.715,2.299,10000.0
1,66653.0,10052.911,6.189,3.551,10000.0
1,66654.0,11191.222000000002,6.075,2.796,10000.0
2,66655.0,8923.682999999999,4.868,2.113,10000.0
2,66656.0,9806.448,4.386,5.533,10000.0
2,66657.0,11433.134,6.462,2.833,10000.0
2,66658.0,11316.288,6.933,4.504,10000.0
2,66659.0,7474.552,22.334,12.419,10000.0
2,66660.0,9811.914999999999,5.691,2.155,10000.0
2,66661.0,10191.902,11.282,4.163,10000.0
2,66662.0,9820.832999999999,5.751,2.863,10000.0
2,66663.0,9992.851,6.119,7.766,10000.0
2,66664.0,10013.32,4.556,2.151,10000.0
2,66665.0,10132.875,36.781,3.125,10000.0
2,66666.0,10019.432999999999,34.655,32.056,10000.0
2,66667.0,9917.951,14.963,13.162,10000.0
2,66668.0,9932.874,5.58,8.84,10000.0
2,66669.0,10313.789999999999,10.196,3.804,10000.0
2,66670.0,9862.770999999999,6.48,3.363,10000.0
2,66671.0,9815.337,4.959,2.115,10000.0
2,66672.0,10070.759,20.21,1.539,10000.0
2,66673.0,9947.505000000001,4.563,5.05,10000.0
2,66674.0,9977.982,4.998,2.121,10000.0
2,66675.0,10290.043,4.922,3.165,10000.0
2,66676.0,9742.946,5.271,1.906,10000.0
2,66677.0,9979.625,4.858,1.975,10000.0
2,66678.0,10106.182999999999,3.94,1.623,10000.0
2,66679.0,9928.717,6.281,3.13,10000.0
2,66680.0,10160.974999999999,4.374,1.74,10000.0
2,66681.0,9930.6,42.617,2.52,10000.0
2,66682.0,10000.457,23.476,4.044,10000.0
2,66683.0,10344.418,43.006,23.305,10000.0
2,66684.0,9708.812,12.011,4.097,10000.0
2,66685.0,9828.019,6.151,3.949,10000.0
2,66686.0,10251.215,4.926,3.25,10000.0
2,66687.0,9937.585000000001,5.821,2.282,10000.0
2,66688.0,9835.813,6.327,2.331,10000.0
2,66689.0,11621.444,6.965,6.771,10000.0
2,66690.0,8422.637999999999,10.353,7.283,10000.0
2,66691.0,10011.176,4.305,1.676,10000.0
2,66692.0,9968.164999999999,7.288,3.941,10000.0
2,66693.0,9935.77,5.88,8.732,10000.0
2,66694.0,10540.348,5.964,2.56,10000.0
2,66695.0,9407.855,3.724,1.911,10000.0
2,66696.0,10151.733,5.904,4.981,10000.0
2,66697.0,10109.643,41.679,2.979,10000.0
2,66698.0,9823.742999999999,5.172,3.441,10000.0
2,66699.0,11068.447,4.602,2.418,10000.0
2,66700.0,9367.817000000001,46.746,28.241,10000.0
2,66701.0,9575.104,7.719,3.405,10000.0
2,66702.0,10963.469,3.535,1.529,10000.0
2,66703.0,9031.291000000001,5.938,5.707,10000.0
2,66704.0,9941.357,4.945,2.183,10000.0
2,66705.0,10026.047,4.974,2.609,10000.0
2,66706.0,10297.233,4.117,2.652,10000.0
2,66707.0,9708.181999999999,3.192,2.26,10000.0
2,66708.0,9961.118,3.73,2.127,10000.0
2,66709.0,10061.291,5.511,2.716,10000.0
2,66710.0,10008.855000000001,6.065,3.113,10000.0
2,66711.0,9938.346000000001,3.733,2.245,10000.0
2,66712.0,10051.443,5.754,3.902,10000.0
2,66713.0,10183.294,5.974,1.539,10000.0
2,66714.0,9928.45,6.348,2.387,10000.0
2,66715.0,10160.507,34.228,4.253,10000.0
2,66716.0,10069.58,33.761,3.443,10000.0
2,66717.0,9840.649,34.095,4.051,10000.0
2,66718.0,12490.768,6.839,4.109,10000.0
2,66719.0,8714.874,21.329,18.645,10000.0
2,66720.0,8595.273000000001,4.993,28.308,10000.0
2,66721.0,10066.078,5.031,3.994,10000.0
2,66722.0,10157.185000000001,6.03,2.282,10000.0
2,66723.0,9765.027,4.068,3.468,10000.0
2,66724.0,9978.817,4.724,16.818,10000.0
2,66725.0,10121.418,4.534,8.39,10000.0
2,66726.0,9935.839,6.833,4.987,10000.0
2,66727.0,9969.926000000001,5.616,2.518,10000.0
2,66728.0,9972.677,3.447,2.11,10000.0
2,66729.0,10029.329,5.478,4.067,10000.0
2,66730.0,9967.294,3.919,2.566,10000.0
2,66731.0,10009.054,5.332,2.409,10000.0
2,66732.0,10002.535,3.753,2.195,10000.0
2,66733.0,10007.458999999999,4.101,1.578,10000.0
2,66734.0,10057.504,11.822,4.429,10000.0
2,66735.0,10107.487,4.413,2.885,10000.0
2,66736.0,9827.847000000002,5.835,3.782,10000.0
2,66737.0,9998.145,4.119,2.867,10000.0
2,66738.0,10052.983999999999,5.891,4.365,10000.0
2,66739.0,10204.005000000001,14.934,6.479,10000.0
2,66740.0,9755.542000000001,4.129,3.092,10000.0
2,66741.0,10111.578,6.756,4.321,10000.0
2,66742.0,9961.707,4.743,2.17,10000.0
2,66743.0,9878.393,5.669,3.223,10000.0
2,66744.0,11225.44,5.67,1.865,10000.0
2,66745.0,8880.846,6.305,3.497,10000.0
2,66746.0,10080.112000000001,25.99,8.951,10000.0
2,66747.0,10048.064,54.201,2.199,10000.0
2,66748.0,10343.293,39.154,4.692,10000.0
2,66749.0,11616.751,7.033,2.681,10000.0
2,66750.0,8224.528,29.198,3.295,10000.0
2,66751.0,9660.595,10.595,4.285,10000.0
2,66752.0,10028.119,15.56,2.994,10000.0
2,66753.0,9952.815999999999,4.554,3.28,10000.0
2,66754.0,10641.886999999999,26.43,3.761,10000.0
2,66755.0,9403.202,5.522,3.722,10000.0
2,66756.0,10051.467,5.574,4.433,10000.0
2,66757.0,9879.106,5.8,4.33,10000.0
2,66758.0,10017.107,5.313,7.89,10000.0
2,66759.0,10058.119,5.966,1.781,10000.0
2,66760.0,9915.373,4.574,2.07,10000.0
2,66761.0,10140.046,6.851,4.657,10000.0
2,66762.0,9919.216999999999,6.245,3.906,10000.0
2,66763.0,10197.228,6.481,5.596,10000.0
2,66764.0,9742.541000000001,4.088,1.875,10000.0
2,66765.0,10676.455,35.448,2.789,10000.0
2,66766.0,9328.708999999999,6.028,6.305,10000.0
2,66767.0,10033.866,13.697,4.537,10000.0
2,66768.0,10108.031,8.338,5.699,10000.0
2,66769.0,9959.404,8.661,4.496,10000.0
2,66770.0,9903.84,6.208,4.315,10000.0
2,66771.0,10036.533,7.488,107.278,10000.0
2,66772.0,10050.258,3.928,6.654,10000.0
2,66773.0,9967.756,24.681,4.021,10000.0
2,66774.0,10053.136,11.452,8.259,10000.0
2,66775.0,9939.475,6.865,13.136,10000.0
2,66776.0,10129.690999999999,6.796,26.977,10000.0
2,66777.0,9834.178,6.822,3.021,10000.0
2,66778.0,10061.623,6.097,5.245,10000.0
2,66779.0,10119.842,7.152,3.231,10000.0
2,66780.0,9827.565999999999,5.768,6.114,10000.0
2,66781.0,9940.001,4.841,3.007,10000.0
2,66782.0,10076.833,6.352,3.507,10000.0
2,66783.0,10155.366,36.039,4.015,10000.0
2,66784.0,10160.759,6.692,2.555,10000.0
2,66785.0,9638.949,4.722,2.894,10000.0
2,66786.0,10001.271,4.836,4.985,10000.0
2,66787.0,10489.958,5.017,2.508,10000.0
2,66788.0,9559.458999999999,4.795,36.589,10000.0
2,66789.0,10356.053,11.323,11.703,10000.0
2,66790.0,9784.819,11.542,3.965,10000.0
2,66791.0,9890.573999999999,6.541,3.672,10000.0
2,66792.0,9990.324,4.841,1.826,10000.0
2,66793.0,10000.443,8.568,15.463,10000.0
2,66794.0,10002.205,6.535,4.69,10000.0
2,66795.0,10077.907000000001,9.362,3.37,10000.0
2,66796.0,9845.665,5.221,2.466,10000.0
2,66797.0,10095.427,4.657,2.815,10000.0
2,66798.0,9937.787,5.618,3.728,10000.0
2,66799.0,10124.657000000001,6.455,2.901,10000.0
2,66800.0,10442.807,5.606,2.92,10000.0
2,66801.0,9429.867,6.636,3.701,10000.0
2,66802.0,10816.14,5.322,2.874,10000.0
2,66803.0,9182.946000000002,6.43,4.348,10000.0
2,66804.0,10893.883,5.054,2.895,10000.0
2,66805.0,9297.747000000001,39.398,4.416,10000.0
2,66806.0,10096.026,15.441,3.495,10000.0
2,66807.0,9733.742,5.167,3.652,10000.0
2,66808.0,9993.145999999999,5.778,3.632,10000.0
2,66809.0,10621.552,6.379,2.765,10000.0
2,66810.0,9440.251,7.273,17.614,10000.0
2,66811.0,10102.291,1517.143,3.548,10000.0
2,66812.0,9981.818,9.528,2.852,10000.0
2,66813.0,9822.953000000001,5.061,2.698,10000.0
2,66814.0,10227.309000000001,5.731,2.839,10000.0
2,66815.0,9934.34,6.295,3.725,10000.0
2,66816.0,10084.098999999998,11.453,13.204,10000.0
2,66817.0,9939.427000000001,32.055,2.416,10000.0
2,66818.0,10052.83,440.034,3.526,10000.0
2,66819.0,9819.832,5.832,3.914,10000.0
2,66820.0,10087.591,24.93,3.007,10000.0
2,66821.0,9879.355,7.967,3.276,10000.0
2,66822.0,10038.701000000001,5.988,5.532,10000.0
2,66823.0,9889.525,5.262,2.35,10000.0
2,66824.0,10023.229,4.831,1.427,10000.0
2,66825.0,10116.600999999999,4.673,2.569,10000.0
2,66826.0,9970.43,4.427,10.054,10000.0
2,66827.0,9946.426,4.274,5.324,10000.0
2,66828.0,10009.524000000001,5.812,3.988,10000.0
2,66829.0,10007.52,6.434,4.543,10000.0
2,66830.0,10084.097,4.4,2.668,10000.0
2,66831.0,9911.866,8.199,5.277,10000.0
2,66832.0,9989.75,5.032,3.557,10000.0
2,66833.0,10064.577,3.767,2.68,10000.0
2,66834.0,9922.1,4.156,3.11,10000.0
2,66835.0,10005.995,5.369,2.443,10000.0
2,66836.0,10001.967,4.418,2.783,10000.0
2,66837.0,10016.543,7.633,3.887,10000.0
2,66838.0,9965.847,5.197,3.456,10000.0
2,66839.0,10028.776,4.283,2.067,10000.0
2,66840.0,10048.537,620.7,2.213,10000.0
2,66841.0,10047.551,5.339,4.078,10000.0
2,66842.0,9904.833999999999,4.64,2.468,10000.0
2,66843.0,9974.025,5.233,2.392,10000.0
2,66844.0,10144.409,5.178,2.714,10000.0
2,66845.0,10789.846000000001,3.948,1.659,10000.0
2,66846.0,9018.741,4.879,2.867,10000.0
2,66847.0,10071.471,6.362,4.881,10000.0
2,66848.0,10169.955,5.944,4.047,10000.0
2,66849.0,12316.76,13.411,4.226,10000.0
2,66850.0,7490.889,5.077,4.12,10000.0
2,66851.0,10015.696,6.243,4.148,10000.0
2,66852.0,9989.982999999998,4.965,3.247,10000.0
2,66853.0,10022.819000000001,4.185,3.06,10000.0
2,66854.0,9997.162,6.312,3.544,10000.0
2,66855.0,9996.539,6.88,3.314,10000.0
2,66856.0,9994.59,5.783,3.013,10000.0
2,66857.0,10014.33,5.706,1.795,10000.0
2,66858.0,9982.222000000002,17.283,3.199,10000.0
2,66859.0,10872.383,5.189,2.0,10000.0
2,66860.0,9118.604000000001,4.697,3.258,10000.0
2,66861.0,10009.086000000001,6.529,4.359,10000.0
2,66862.0,10005.376999999999,4.824,2.949,10000.0
2,66863.0,10212.412,39.435,3.138,10000.0
2,66864.0,10919.238,4.76,2.78,10000.0
2,66865.0,9099.794,33.907,3.923,10000.0
2,66866.0,9972.786,34.325,8.719,10000.0
2,66867.0,9851.630000000001,5.274,19.752,10000.0
2,66868.0,10088.778,37.227,21.365,10000.0
2,66869.0,11260.04,5.836,4.223,10000.0
2,66870.0,9041.71,5.85,3.379,10000.0
2,66871.0,9696.553,5.92,9.515,10000.0
2,66872.0,10162.137,6.584,2.908,10000.0
2,66873.0,9662.448,9.129,146.459,10000.0
2,66874.0,10018.862,4.422,3.231,10000.0
2,66875.0,10362.717,12.279,4.044,10000.0
2,66876.0,9640.714,3.816,1.91,10000.0
2,66877.0,10004.14,3.698,4.724,10000.0
2,66878.0,11100.090999999999,5.1,3.932,10000.0
2,66879.0,8886.958999999999,6.549,3.381,10000.0
2,66880.0,9945.291000000001,5.714,3.161,10000.0
2,66881.0,11848.443,5.69,4.98,10000.0
2,66882.0,8213.818,4.06,2.491,10000.0
2,66883.0,9985.948999999999,20.988,3.679,10000.0
2,66884.0,10439.707,43.534,4.288,10000.0
2,66885.0,10826.389000000001,20.459,200.328,10000.0
2,66886.0,8844.186,14.068,5.396,10000.0
2,66887.0,9928.407000000001,6.049,1639.782,10000.0
2,66888.0,9991.321,5.656,3.812,10000.0
2,66889.0,11266.885,6.676,3.303,10000.0
2,66890.0,8707.329,5.835,3.721,10000.0
2,66891.0,10367.935,33.885,2.956,10000.0
2,66892.0,10377.612,10.202,4.669,10000.0
2,66893.0,9542.402,33.884,2.81,10000.0
2,66894.0,11893.714,5.533,2.576,10000.0
2,66895.0,8022.634000000001,63.442,18.593,10000.0
2,66896.0,9853.75,15.175,4.576,10000.0
2,66897.0,10138.507,10.831,2.756,10000.0
2,66898.0,9869.861,5.044,2.912,10000.0
2,66899.0,11515.892,3.702,1.894,10000.0
2,66900.0,8540.519,5.769,2.409,10000.0
2,66901.0,9984.877,4.794,3.304,10000.0
2,66902.0,9931.085,5.853,2.943,10000.0
2,66903.0,10274.179,8.331,2.541,10000.0
2,66904.0,12226.131,6.111,1.983,10000.0
2,66905.0,7484.055,5.389,1.805,10000.0
2,66906.0,10011.842999999999,5.544,3.54,10000.0
2,66907.0,10013.288,4.921,3.162,10000.0
2,66908.0,9957.295,5.658,2.903,10000.0
2,66909.0,9999.122,4.612,5.856,10000.0
2,66910.0,10111.676,5.003,2.393,10000.0
2,66911.0,9871.623,11.583,3.726,10000.0
2,66912.0,10089.571,3.499,3.43,10000.0
2,66913.0,9953.177,4.339,1.84,10000.0
2,66914.0,10090.544,6.797,3.813,10000.0
2,66915.0,9910.277,2.583,1.564,10000.0
2,66916.0,9969.298999999999,4.638,1049.692,10000.0
2,66917.0,10034.992,5.208,12.28,10000.0
2,66918.0,9995.565,3.501,1.736,10000.0
2,66919.0,9965.265,3.595,3.436,10000.0
2,66920.0,9984.59,4.715,5.397,10000.0
2,66921.0,10147.553,4.326,1.838,10000.0
2,66922.0,9912.766,5.838,1.971,10000.0
2,66923.0,10059.946,4.939,1.285,10000.0
2,66924.0,10189.435,19.849,21.094,10000.0
2,66925.0,9724.547999999999,5.547,3.399,10000.0
2,66926.0,11566.17,5.259,2.158,10000.0
2,66927.0,8500.206,20.952,3.931,10000.0
2,66928.0,9934.337,5.451,2.796,10000.0
2,66929.0,11125.301000000001,6.308,2.28,10000.0
2,66930.0,9072.625,19.03,4.617,10000.0
2,66931.0,10030.97,28.923,3.313,10000.0
2,66932.0,9879.704,14.201,17.047,10000.0
2,66933.0,12300.168,40.583,49.335,10000.0
2,66934.0,7972.007,7.159,6.185,10000.0
2,66935.0,9914.705,129.604,5.268,10000.0
2,66936.0,9691.444000000001,7.758,3.561,10000.0
2,66937.0,10055.530999999999,5.146,2.898,10000.0
2,66938.0,9933.351999999999,5.298,7.637,10000.0
2,66939.0,10154.839,7.136,4.132,10000.0
2,66940.0,9892.081,5.163,4.188,10000.0
2,66941.0,9970.185,5.245,3.662,10000.0
2,66942.0,11215.126,6.377,4.3,10000.0
2,66943.0,8772.141000000001,4.876,8.019,10000.0
2,66944.0,10009.222,6.297,2.49,10000.0
2,66945.0,10012.363,4.174,3.151,10000.0
2,66946.0,9982.072,3.867,2.681,10000.0
2,66947.0,9985.312,5.567,2.791,10000.0
2,66948.0,10005.618,3.764,1.394,10000.0
2,66949.0,10182.615000000002,12.68,4.745,10000.0
2,66950.0,9911.166000000001,5.479,38.855,10000.0
2,66951.0,10093.509,21.664,21.869,10000.0
2,66952.0,9831.33,3.956,34.835,10000.0
2,66953.0,10002.227,5.551,6.158,10000.0
2,66954.0,10277.942,15.633,37.157,10000.0
2,66955.0,9943.184000000001,13.776,2.178,10000.0
2,66956.0,9767.099,7.4,3.122,10000.0
2,66957.0,10017.896999999999,5.341,3.257,10000.0
2,66958.0,10338.896,3.702,1.575,10000.0
2,66959.0,9662.841,5.433,3.676,10000.0
2,66960.0,9992.162,4.93,3.371,10000.0
2,66961.0,10011.47,4.627,4.373,10000.0
2,66962.0,9999.546,5.658,2.009,10000.0
2,66963.0,9998.208999999999,4.911,2.347,10000.0
2,66964.0,10001.552,5.09,4.294,10000.0
2,66965.0,10865.594,5.068,3.386,10000.0
2,66966.0,9193.422999999999,4.988,3.33,10000.0
2,66967.0,9934.733,4.176,1.915,10000.0
2,66968.0,10408.621,4.52,4.012,10000.0
2,66969.0,9616.275,6.803,2.272,10000.0
2,66970.0,10145.127,28.213,2.644,10000.0
2,66971.0,9964.136999999999,4.846,3.707,10000.0
2,66972.0,10053.945,22.335,7.179,10000.0
2,66973.0,9891.764000000001,7.193,2.538,10000.0
2,66974.0,14085.571,5.016,2.899,10000.0
2,66975.0,5851.956999999999,10.127,7.645,10000.0
2,66976.0,10156.782,11.487,29.036,10000.0
2,66977.0,11968.8,7.102,7.397,10000.0
2,66978.0,7893.837,7.009,3.444,10000.0
2,66979.0,9970.387,5.523,2.541,10000.0
2,66980.0,9990.275,6.026,2.784,10000.0
2,66981.0,10098.428,6.202,2.93,10000.0
2,66982.0,10141.166,34.189,4.396,10000.0
2,66983.0,10415.43,5.099,4.367,10000.0
2,66984.0,11476.622000000001,5.72,2.462,10000.0
2,66985.0,9088.743,32.162,5.084,10000.0
2,66986.0,9436.814999999999,33.775,4.233,10000.0
2,66987.0,9543.292,17.678,5.247,10000.0
2,66988.0,9950.514000000001,6.863,2.678,10000.0
2,66989.0,12358.492,31.408,4.734,10000.0
2,66990.0,7670.058,71.137,2.862,10000.0
2,66991.0,9799.135,4.068,3.34,10000.0
2,66992.0,10045.112000000001,6.173,3.622,10000.0
2,66993.0,10108.625,6.271,4.784,10000.0
2,66994.0,11524.592,6.427,2.165,10000.0
2,66995.0,8384.137999999999,5.137,3.146,10000.0
2,66996.0,9970.551,4.45,2.754,10000.0
2,66997.0,9994.002999999999,4.479,4.231,10000.0
2,66998.0,9993.375,5.379,3.697,10000.0
2,66999.0,9988.212,5.627,2.919,10000.0
2,67000.0,10023.853,5.441,2.473,10000.0
2,67001.0,10022.316,4.922,2.993,10000.0
2,67002.0,9960.966,3.925,2.531,10000.0
2,67003.0,10038.403,6.456,3.964,10000.0
2,67004.0,10011.459,5.126,2.089,10000.0
2,67005.0,9968.465,4.501,3.154,10000.0
2,67006.0,10325.291000000001,5.911,2.892,10000.0
2,67007.0,9681.075,4.865,2.415,10000.0
2,67008.0,9981.292,3.886,2.829,10000.0
2,67009.0,10559.457,4.775,2.613,10000.0
2,67010.0,9443.162999999999,4.829,8.952,10000.0
2,67011.0,10157.426000000001,29.856,4.076,10000.0
2,67012.0,9870.175,8.02,5.803,10000.0
2,67013.0,10110.192000000001,80.188,31.551,10000.0
2,67014.0,10658.465,31.992,2.919,10000.0
2,67015.0,9206.824,7.036,2.179,10000.0
2,67016.0,9988.93,9.878,10.937,10000.0
2,67017.0,10209.188,39.548,5.073,10000.0
2,67018.0,9864.5,6.582,2.585,10000.0
2,67019.0,12094.453,5.233,7.068,10000.0
2,67020.0,7888.195000000001,10.648,4.69,10000.0
2,67021.0,10022.512,5.755,3.161,10000.0
2,67022.0,10143.065,6.171,3.74,10000.0
2,67023.0,9820.117999999999,4.917,104.359,10000.0
2,67024.0,9978.093,4.716,3.241,10000.0
2,67025.0,9980.136,3.956,2.173,10000.0
2,67026.0,10076.554,7.0,8.927,10000.0
2,67027.0,10030.912,5.343,5.247,10000.0
2,67028.0,9937.835000000001,4.502,2.958,10000.0
2,67029.0,10087.046,5.172,4.317,10000.0
2,67030.0,9932.850999999999,5.76,2.844,10000.0
2,67031.0,9942.029,5.154,4.035,10000.0
2,67032.0,10174.734,43.569,14.719,10000.0
2,67033.0,10645.333999999999,37.83,24.811,10000.0
2,67034.0,10339.902,18.546,30.641,10000.0
2,67035.0,9158.512,13.684,3.33,10000.0
2,67036.0,9679.849,6.283,3.453,10000.0
2,67037.0,10068.565,6.204,2.103,10000.0
2,67038.0,11295.201,7.434,10.922,10000.0
2,67039.0,9706.317000000001,4.017,1.856,10000.0
2,67040.0,9118.901,12.2,5.611,10000.0
2,67041.0,9856.174,8.483,3.934,10000.0
2,67042.0,10044.933,4.91,4.93,10000.0
2,67043.0,9930.585000000001,5.819,5.304,10000.0
2,67044.0,9968.413,6.595,5.438,10000.0
2,67045.0,10014.392,5.002,3.052,10000.0
2,67046.0,10748.679,31.309,18.56,10000.0
2,67047.0,9564.875,17.937,30.663,10000.0
2,67048.0,10470.89,7.005,3.771,10000.0
2,67049.0,9197.716,5.434,3.252,10000.0
2,67050.0,10037.262999999999,6.162,2.308,10000.0
2,67051.0,10372.595,26.701,17.188,10000.0
2,67052.0,9766.304,8.789,4.659,10000.0
2,67053.0,10814.294,10.355,2.686,10000.0
2,67054.0,11640.163,6.148,3.117,10000.0
2,67055.0,9540.448999999999,31.349,5.97,10000.0
2,67056.0,10086.576,31.534,5.235,10000.0
2,67057.0,7839.966,9.527,10.101,10000.0
2,67058.0,12034.108,13.592,16.671,10000.0
2,67059.0,7969.844,8.256,3.768,10000.0
2,67060.0,10682.891,5.581,5.203,10000.0
2,67061.0,15690.856999999998,8.433,5.793,10000.0
2,67062.0,3644.1580000000004,6.197,4.921,10000.0
2,67063.0,10150.592999999999,29.24,24.962,10000.0
2,67064.0,9767.948,6.335,19.548,10000.0
2,67065.0,10092.99,5.511,3.009,10000.0
2,67066.0,9933.776,14.099,31.97,10000.0
2,67067.0,11172.645999999999,14.125,5.019,10000.0
2,67068.0,8853.216,7.909,4.873,10000.0
2,67069.0,9987.905,7.0,3.306,10000.0
2,67070.0,10213.376,31.531,13.094,10000.0
2,67071.0,10005.879,5.728,4.565,10000.0
2,67072.0,10796.523000000001,7.814,4.016,10000.0
2,67073.0,9077.937,8.467,4.712,10000.0
2,67074.0,10102.615,35.378,3.536,10000.0
2,67075.0,9850.309,5.149,23.509,10000.0
2,67076.0,10052.738000000001,6.709,3.306,10000.0
2,67077.0,10034.023,8.726,1.429,10000.0
2,67078.0,9900.351999999999,6.547,5.581,10000.0
2,67079.0,9896.586000000001,5.553,2.374,10000.0
2,67080.0,10250.113,4.734,1.94,10000.0
2,67081.0,9879.687,6.352,2.978,10000.0
2,67082.0,10005.877999999999,6.006,4.085,10000.0
2,67083.0,10080.542,7.386,2.61,10000.0
2,67084.0,9846.225999999999,9.143,6.163,10000.0
2,67085.0,9946.631,5.199,2.062,10000.0
2,67086.0,9984.266,4.882,4.795,10000.0
2,67087.0,10107.568000000001,5.92,2.812,10000.0
2,67088.0,10020.283,6.61,4.052,10000.0
2,67089.0,10006.09,5.284,3.865,10000.0
2,67090.0,9887.148,5.224,3.189,10000.0
2,67091.0,9949.301000000001,6.196,3.78,10000.0
2,67092.0,10104.667,3.516,2.203,10000.0
2,67093.0,10172.135,5.421,2.234,10000.0
2,67094.0,10055.460000000001,14.378,2.87,10000.0
2,67095.0,9731.704000000002,3.446,2.82,10000.0
2,67096.0,10217.464,33.425,3.486,10000.0
2,67097.0,9828.991,4.939,1.729,10000.0
2,67098.0,9917.858,3.624,2.138,10000.0
2,67099.0,10277.809000000001,6.572,2.69,10000.0
2,67100.0,9720.312,4.26,1.521,10000.0
2,67101.0,10034.729,9.468,4.499,10000.0
2,67102.0,10154.66,4.4,2.765,10000.0
2,67103.0,9922.306,6.553,4.241,10000.0
2,67104.0,10812.09,5.442,4.899,10000.0
2,67105.0,9276.014000000001,34.915,2.825,10000.0
2,67106.0,10530.353,26.612,4.237,10000.0
2,67107.0,9504.938,30.596,3.259,10000.0
2,67108.0,10005.786,33.114,10.918,10000.0
2,67109.0,9995.547,21.537,4.342,10000.0
2,67110.0,10030.772,40.795,17.597,10000.0
2,67111.0,9955.511999999999,18.552,20.086,10000.0
2,67112.0,9839.379,20.628,6.403,10000.0
2,67113.0,10137.715,6.748,3.091,10000.0
2,67114.0,9826.567,6.243,3.617,10000.0
2,67115.0,10018.863,7.944,4.244,10000.0
2,67116.0,10228.766,7.133,4.95,10000.0
2,67117.0,9784.838,11.246,14.742,10000.0
2,67118.0,10413.514000000001,3.908,2.051,10000.0
2,67119.0,9682.885,12.989,5.7,10000.0
2,67120.0,9892.382,7.638,3.674,10000.0
2,67121.0,9978.868,7.818,4.569,10000.0
2,67122.0,10001.457,5.318,4.134,10000.0
2,67123.0,10047.234,7.533,4.995,10000.0
2,67124.0,10091.597000000002,30.086,3.664,10000.0
2,67125.0,10126.0,6.679,4.036,10000.0
2,67126.0,9737.669,6.07,2.24,10000.0
2,67127.0,10087.297999999999,110.082,15.698,10000.0
2,67128.0,9908.458999999999,7.818,6.595,10000.0
2,67129.0,10472.809,15.19,3.635,10000.0
2,67130.0,10869.873,15.325,18.213,10000.0
2,67131.0,8681.081,5.019,5.032,10000.0
2,67132.0,10030.818000000001,18.498,6.98,10000.0
2,67133.0,9890.382,5.815,2.478,10000.0
2,67134.0,10098.998,6.603,3.633,10000.0
2,67135.0,9943.238,5.16,3.684,10000.0
2,67136.0,10117.922999999999,6.142,3.29,10000.0
2,67137.0,9883.203,5.642,4.027,10000.0
2,67138.0,9965.354,5.113,2.348,10000.0
2,67139.0,10018.474,4.173,2.905,10000.0
2,67140.0,10053.434,82.114,19.793,10000.0
2,67141.0,10102.78,27.48,5.077,10000.0
2,67142.0,9943.083,29.617,2.86,10000.0
2,67143.0,10166.201,20.364,5.735,10000.0
2,67144.0,10375.033000000001,26.477,3195.031,10000.0
2,67145.0,9449.68,50.73,4.444,10000.0
2,67146.0,10276.4,9.018,4.686,10000.0
2,67147.0,10039.192000000001,6.035,2.993,10000.0
2,67148.0,9639.694000000001,20.596,5.524,10000.0
2,67149.0,9968.25,5.435,19.187,10000.0
2,67150.0,10148.954,7.679,3.966,10000.0
2,67151.0,9916.984,5.175,4.992,10000.0
2,67152.0,9967.592,4.437,2.372,10000.0
2,67153.0,10726.93,8.461,4.613,10000.0
2,67154.0,9493.097000000002,5.79,2.967,10000.0
2,67155.0,11087.001,37.517,5.309,10000.0
2,67156.0,8710.237,12.055,10.919,10000.0
2,67157.0,10159.966,6.913,4.825,10000.0
2,67158.0,10425.673,5.451,3.874,10000.0
2,67159.0,10501.877999999999,4.532,1.754,10000.0
2,67160.0,9071.905999999999,12.062,6.402,10000.0
2,67161.0,9837.233,7.404,4.046,10000.0
2,67162.0,9973.059,6.932,3.066,10000.0
2,67163.0,10519.565,10.319,3.812,10000.0
2,67164.0,9631.661,15.437,5.682,10000.0
2,67165.0,9928.390000000001,6.84,4.689,10000.0
2,67166.0,10042.505000000001,6.223,3.233,10000.0
2,67167.0,9997.228000000001,7.631,3.929,10000.0
2,67168.0,9861.530999999999,9.952,1.676,10000.0
2,67169.0,11087.749,7.069,1.875,10000.0
2,67170.0,9062.541000000001,11.246,5.166,10000.0
2,67171.0,10173.354000000001,7.879,4.935,10000.0
2,67172.0,10525.448,12.36,17.549,10000.0
2,67173.0,9407.699,7.854,5.153,10000.0
2,67174.0,10943.099,26.84,10.67,10000.0
2,67175.0,8916.894,6.033,4.403,10000.0
2,67176.0,10979.392,6.17,2.875,10000.0
2,67177.0,8944.636,8.459,5.365,10000.0
2,67178.0,10551.442,4.278,2.447,10000.0
2,67179.0,9403.376,5.605,2.629,10000.0
2,67180.0,10035.393,4.744,3.104,10000.0
2,67181.0,9966.905999999999,6.356,9.422,10000.0
2,67182.0,10040.992,7.915,2.887,10000.0
2,67183.0,10251.891000000001,6.613,37.885,10000.0
2,67184.0,10341.001,6.643,3.604,10000.0
2,67185.0,9398.71,5.599,26.598,10000.0
2,67186.0,10024.796,7.423,4.563,10000.0
2,67187.0,10017.079,7.757,3.956,10000.0
2,67188.0,10076.333999999999,6.791,9.961,10000.0
2,67189.0,9937.071,7.682,7.281,10000.0
2,67190.0,9915.883,7.111,5.11,10000.0
2,67191.0,10011.404,27.174,15.869,10000.0
2,67192.0,10124.901,6.863,6.257,10000.0
2,67193.0,9891.377999999999,8.897,5.468,10000.0
2,67194.0,9955.579000000002,4.873,2.686,10000.0
2,67195.0,10049.863,3.768,1.622,10000.0
2,67196.0,9965.773000000001,7.806,4.99,10000.0
2,67197.0,10007.605,5.075,3.216,10000.0
2,67198.0,10082.300000000001,8.698,6.059,10000.0
2,67199.0,10175.141,6.138,2.798,10000.0
2,67200.0,9785.887,6.292,4.767,10000.0
2,67201.0,10045.196,4.737,1.318,10000.0
2,67202.0,9917.287,4.907,2.8,10000.0
2,67203.0,10030.133,5.205,2.678,10000.0
2,67204.0,11218.009,4.722,2.796,10000.0
2,67205.0,8689.376,3.559,1.34,10000.0
2,67206.0,10236.235,40.72,3.745,10000.0
2,67207.0,9823.352,4.452,3.734,10000.0
2,67208.0,10023.529,5.959,3.342,10000.0
2,67209.0,10021.932,6.376,3.064,10000.0
2,67210.0,10095.657,3.95,8.924,10000.0
2,67211.0,10088.764,275.214,3.47,10000.0
2,67212.0,9927.251,34.407,3.939,10000.0
2,67213.0,10195.773,36.055,1.992,10000.0
2,67214.0,11803.893,6.625,3.926,10000.0
2,67215.0,7870.406,5.677,2.932,10000.0
2,67216.0,9998.523000000001,6.122,3.223,10000.0
2,67217.0,10072.027,5.674,4.009,10000.0
2,67218.0,9938.311,5.943,2.185,10000.0
2,67219.0,9922.979,5.072,2.736,10000.0
2,67220.0,10070.011,5.346,5.416,10000.0
2,67221.0,9945.463,4.28,2.028,10000.0
2,67222.0,10012.295,5.132,4.421,10000.0
2,67223.0,9984.564,3.961,2.198,10000.0
2,67224.0,10045.358,4.427,1.778,10000.0
2,67225.0,9976.323,3.736,1.78,10000.0
2,67226.0,9985.311,4.076,1.939,10000.0
2,67227.0,10019.903,5.326,4.03,10000.0
2,67228.0,10061.176,4.454,21.403,10000.0
2,67229.0,9934.694000000001,4.48,3.537,10000.0
2,67230.0,10024.464,3.958,2.211,10000.0
2,67231.0,9977.325,4.649,3.066,10000.0
2,67232.0,9990.258,3.495,1.662,10000.0
2,67233.0,10011.283,3.665,1.805,10000.0
2,67234.0,10000.496,4.787,3.814,10000.0
2,67235.0,9977.898000000001,7.962,4.686,10000.0
2,67236.0,10419.404,49.413,15.766,10000.0
2,67237.0,9893.084,37.377,6.23,10000.0
2,67238.0,9840.518,20.703,5.765,10000.0
2,67239.0,10450.241,45.711,4.107,10000.0
2,67240.0,9671.374,44.511,4.484,10000.0
2,67241.0,9809.523000000001,59.781,21.67,10000.0
2,67242.0,10006.193,48.182,23.07,10000.0
2,67243.0,10032.616,5.841,3.816,10000.0
2,67244.0,10070.412,5.052,3.528,10000.0
2,67245.0,9837.003,4.747,2.732,10000.0
2,67246.0,10017.35,6.529,2.759,10000.0
2,67247.0,9980.108999999999,4.093,2.667,10000.0
2,67248.0,9989.315,6.051,4.247,10000.0
2,67249.0,10090.989,6.379,2.777,10000.0
2,67250.0,9999.461,7.09,4.838,10000.0
2,67251.0,10017.431,9.497,5.013,10000.0
2,67252.0,10064.893,32.013,2.729,10000.0
2,67253.0,9995.263,5.406,3.189,10000.0
2,67254.0,10097.305,30.605,7.463,10000.0
2,67255.0,9913.039,40.397,3.026,10000.0
2,67256.0,9899.457,51.668,4.143,10000.0
2,67257.0,12097.461000000001,39.488,4.229,10000.0
2,67258.0,7858.742,3.413,24.663,10000.0
2,67259.0,11417.475999999999,7.116,3.133,10000.0
2,67260.0,8540.644,4.665,2.879,10000.0
2,67261.0,10013.904,5.658,2.891,10000.0
2,67262.0,9998.306,5.264,2.591,10000.0
2,67263.0,10011.789999999999,7.304,2.973,10000.0
2,67264.0,10068.44,4.902,1.25,10000.0
2,67265.0,9987.188,5.186,3.147,10000.0
2,67266.0,9908.511,4.338,1.661,10000.0
2,67267.0,10004.293,3.392,2.327,10000.0
2,67268.0,11170.770999999999,6.067,6.122,10000.0
2,67269.0,11572.281,5.039,4.616,10000.0
2,67270.0,7329.222,6.004,3.132,10000.0
2,67271.0,10218.616,33.682,3.053,10000.0
2,67272.0,9757.837,5.845,4.771,10000.0
2,67273.0,10502.387999999999,6.268,5.425,10000.0
2,67274.0,9653.474,237.613,10.592,10000.0
2,67275.0,11912.089,5.148,3.043,10000.0
2,67276.0,7959.053000000001,57.157,4.305,10000.0
2,67277.0,10089.312,7.171,5.576,10000.0
2,67278.0,9924.265,5.933,3.302,10000.0
2,67279.0,9929.301,7.204,3.402,10000.0
2,67280.0,10025.519,5.255,2.685,10000.0
2,67281.0,10039.893,3.863,2.958,10000.0
2,67282.0,10022.366,3.859,3.097,10000.0
2,67283.0,10004.487,4.02,1.627,10000.0
2,67284.0,9932.567,5.456,4.2,10000.0
2,67285.0,11083.628999999999,5.232,4.473,10000.0
2,67286.0,8883.220000000001,5.421,4.299,10000.0
2,67287.0,10006.214,4.242,3.93,10000.0
2,67288.0,10199.931,33.234,3.274,10000.0
2,67289.0,10651.309,6.248,2.071,10000.0
2,67290.0,9136.039999999999,4.67,2.373,10000.0
2,67291.0,10034.158,6.008,2.996,10000.0
2,67292.0,9975.272,4.273,2.889,10000.0
2,67293.0,10040.472,3.695,1.663,10000.0
2,67294.0,10899.746,4.291,2.288,10000.0
2,67295.0,9037.911,3.888,2.038,10000.0
2,67296.0,10006.431,4.944,2.97,10000.0
2,67297.0,9974.335000000001,4.396,2.264,10000.0
2,67298.0,10067.767,6.922,5.462,10000.0
2,67299.0,10194.516000000001,6.854,3.632,10000.0
2,67300.0,9806.181,6.013,225.072,10000.0
2,67301.0,10163.257,169.141,2.741,10000.0
2,67302.0,9806.529,5.018,2.656,10000.0
2,67303.0,9988.682,4.203,3.486,10000.0
2,67304.0,10642.961,6.35,3.09,10000.0
2,67305.0,9336.683,4.213,1.518,10000.0
2,67306.0,10029.095,4.746,3.808,10000.0
2,67307.0,9986.509,4.899,6.555,10000.0
2,67308.0,10057.127,5.403,3.665,10000.0
2,67309.0,9954.433,5.961,3.415,10000.0
2,67310.0,10085.614,5.123,2.969,10000.0
2,67311.0,9938.446,7.309,5.563,10000.0
2,67312.0,10273.07,23.926,107.896,10000.0
2,67313.0,10023.163,23.786,3.584,10000.0
2,67314.0,9757.836000000001,16.153,5.902,10000.0
2,67315.0,9899.599,6.515,8.256,10000.0
2,67316.0,10124.876999999999,4.609,4.906,10000.0
2,67317.0,9899.931,5.609,3.79,10000.0
2,67318.0,10099.098,5.311,1.952,10000.0
2,67319.0,9938.032,5.636,6.309,10000.0
2,67320.0,9927.846000000001,4.811,2.3,10000.0
2,67321.0,10204.585000000001,5.552,2.861,10000.0
2,67322.0,9846.752,26.323,3.557,10000.0
2,67323.0,10053.924,4.647,3.25,10000.0
2,67324.0,10189.959,5.761,2.026,10000.0
2,67325.0,9762.469,5.51,3.949,10000.0
2,67326.0,11079.239,5.282,2.769,10000.0
2,67327.0,8919.045,7.35,7.119,10000.0
2,67328.0,9988.477,5.903,7.281,10000.0
2,67329.0,11230.277,6.323,4.408,10000.0
2,67330.0,8746.72,4.797,1.951,10000.0
2,67331.0,10018.096000000001,8.616,5.633,10000.0
2,67332.0,9976.511,4.057,2.352,10000.0
2,67333.0,10012.777,5.472,3.147,10000.0
2,67334.0,10000.01,5.706,17.857,10000.0
2,67335.0,10002.707,5.377,4.283,10000.0
2,67336.0,10009.145,6.539,2.109,10000.0
2,67337.0,10098.601,6.168,3.873,10000.0
2,67338.0,9887.461,5.182,1.737,10000.0
2,67339.0,10005.303,4.87,2.607,10000.0
2,67340.0,10118.815999999999,5.748,2.273,10000.0
2,67341.0,9903.318,5.294,3.275,10000.0
2,67342.0,10591.962,4.958,2.252,10000.0
2,67343.0,9545.822,54.667,4.818,10000.0
2,67344.0,10366.471,10.105,3.554,10000.0
2,67345.0,9643.364,35.86,18.608,10000.0
2,67346.0,10104.696,38.849,5.023,10000.0
2,67347.0,9885.087000000001,15.762,31.272,10000.0
2,67348.0,10052.998,2154.52,2.008,10000.0
2,67349.0,12001.402,7.735,4.665,10000.0
2,67350.0,7926.9800000000005,11.582,6.207,10000.0
2,67351.0,9950.456999999999,14.55,22.204,10000.0
2,67352.0,10014.940999999999,42.667,5.764,10000.0
2,67353.0,9945.457,9.002,64.146,10000.0
2,67354.0,10073.868,7.136,4.843,10000.0
2,67355.0,10981.582,7.17,3.591,10000.0
2,67356.0,9519.405999999999,3.889,3.976,10000.0
2,67357.0,9394.981,7.844,5.517,10000.0
2,67358.0,9973.869999999999,7.251,6.838,10000.0
2,67359.0,10273.945,5.614,3.07,10000.0
2,67360.0,11080.905999999999,9.23,4.656,10000.0
2,67361.0,8715.454,6.763,4.636,10000.0
2,67362.0,10376.659,7.774,3.267,10000.0
2,67363.0,9638.531,7.317,2.767,10000.0
2,67364.0,11111.882,4.844,2.136,10000.0
2,67365.0,8842.348,27.391,4.41,10000.0
2,67366.0,10162.873,13.704,3.638,10000.0
2,67367.0,9828.087,6.749,4.263,10000.0
2,67368.0,10084.726,4.979,14.508,10000.0
2,67369.0,9901.109,8.385,3.457,10000.0
2,67370.0,9998.638,5.489,8.057,10000.0
2,67371.0,10015.853,5.301,4.444,10000.0
2,67372.0,9965.912,5.063,1.207,10000.0
2,67373.0,10227.995,6.643,3.637,10000.0
2,67374.0,11960.800000000001,6.361,1.861,10000.0
2,67375.0,8204.522,4.276,1.755,10000.0
2,67376.0,9824.599999999999,45.911,3.361,10000.0
2,67377.0,9983.614,6.582,3.294,10000.0
2,67378.0,9807.032000000001,7.031,2.128,10000.0
2,67379.0,9998.157000000001,6.838,2.893,10000.0
2,67380.0,10103.333,5.223,2.382,10000.0
2,67381.0,9972.229000000001,11.119,19.25,10000.0
2,67382.0,9958.192,17.612,19.106,10000.0
2,67383.0,10018.368999999999,4.91,4.641,10000.0
2,67384.0,10320.734,11.675,13.207,10000.0
2,67385.0,10151.797,6.917,3.268,10000.0
2,67386.0,9661.206,7.152,2.706,10000.0
2,67387.0,9808.987,8.941,2.207,10000.0
2,67388.0,10529.956,5.677,2.3,10000.0
2,67389.0,9469.941,6.141,3.86,10000.0
2,67390.0,10149.619,5.679,2.977,10000.0
2,67391.0,9844.961,5.901,2.171,10000.0
2,67392.0,10191.364,7.547,4.035,10000.0
2,67393.0,9846.172999999999,4.3,2.171,10000.0
2,67394.0,10218.862000000001,6.651,3.524,10000.0
2,67395.0,9982.696,3.916,1.352,10000.0
2,67396.0,10079.359,42.983,5.384,10000.0
2,67397.0,11239.679,8.786,5.785,10000.0
2,67398.0,8754.198,5.373,12.164,10000.0
2,67399.0,9733.702000000001,7.552,4.629,10000.0
2,67400.0,9960.969000000001,4.614,6.313,10000.0
2,67401.0,10826.560000000001,5.601,1.858,10000.0
2,67402.0,9589.708,34.15,4.832,10000.0
2,67403.0,9741.814,8.251,3.567,10000.0
2,67404.0,12406.109,7.391,6.131,10000.0
2,67405.0,7453.481,5.417,3.271,10000.0
2,67406.0,10144.42,6.865,2.214,10000.0
2,67407.0,10169.767,6.287,3.745,10000.0
2,67408.0,9906.135999999999,36.001,2.536,10000.0
2,67409.0,10699.998,6.468,3.631,10000.0
2,67410.0,9581.674,35.302,15.562,10000.0
2,67411.0,9543.926,17.375,23.995,10000.0
2,67412.0,9977.118999999999,6.828,6.907,10000.0
2,67413.0,9972.824,6.192,3.665,10000.0
2,67414.0,10327.828000000001,8.652,23.749,10000.0
2,67415.0,10017.885,23.935,5.163,10000.0
2,67416.0,10009.825,17.644,13.369,10000.0
2,67417.0,9668.994999999999,5.843,6.311,10000.0
2,67418.0,10087.989,5.026,9.897,10000.0
2,67419.0,10660.842999999999,38.411,3.431,10000.0
2,67420.0,9633.115,29.842,2.435,10000.0
2,67421.0,9629.381,22.956,19.993,10000.0
2,67422.0,10023.024,7.29,3.2,10000.0
2,67423.0,10176.707,5.463,2.204,10000.0
2,67424.0,10098.899,6.849,10.248,10000.0
2,67425.0,9662.297,4.891,3.534,10000.0
2,67426.0,10495.136,59.98,3.59,10000.0
2,67427.0,9577.928,5.021,3.179,10000.0
2,67428.0,10090.471,8.038,10.433,10000.0
2,67429.0,10987.232,7.368,19.183,10000.0
2,67430.0,8826.074,6.129,17.901,10000.0
2,67431.0,10062.268,5.748,2.761,10000.0
2,67432.0,10100.669,5.333,2.876,10000.0
2,67433.0,12977.952,9.335,4.242,10000.0
2,67434.0,6930.821,4.346,4.136,10000.0
2,67435.0,10629.708,6.119,2.968,10000.0
2,67436.0,9455.582,7.131,5.172,10000.0
2,67437.0,9885.692,8.953,3.427,10000.0
2,67438.0,10571.526,7.114,4.962,10000.0
2,67439.0,9739.349,9.045,5.273,10000.0
2,67440.0,9719.203,7.786,3.799,10000.0
2,67441.0,9940.623000000001,5.335,2.975,10000.0
2,67442.0,10431.657000000001,6.856,3.479,10000.0
2,67443.0,9579.156,4.139,6.023,10000.0
2,67444.0,10021.92,5.662,2.929,10000.0
2,67445.0,10302.749,38.59,12.025,10000.0
2,67446.0,9869.984999999999,43.458,2.897,10000.0
2,67447.0,10372.187,31.002,4.644,10000.0
2,67448.0,10326.338,34.859,15.087,10000.0
2,67449.0,9111.505000000001,6.531,12.717,10000.0
2,67450.0,10622.428,7.764,5.988,10000.0
2,67451.0,9425.346,6.088,3.888,10000.0
2,67452.0,10082.611,6.68,4.302,10000.0
2,67453.0,9915.593,6.508,3.675,10000.0
2,67454.0,10044.511,4.509,2.168,10000.0
2,67455.0,10068.374,271.28,3.984,10000.0
2,67456.0,9848.205,7.044,3.913,10000.0
2,67457.0,10195.453,41.058,3.704,10000.0
2,67458.0,9811.75,7.168,6.455,10000.0
2,67459.0,13585.537999999999,5.105,2.677,10000.0
2,67460.0,6376.657,4.797,4.85,10000.0
2,67461.0,10169.314,8.902,6.849,10000.0
2,67462.0,10105.421,37.174,17.434,10000.0
2,67463.0,9885.107,13.529,3.723,10000.0
2,67464.0,10595.553,6.586,3.533,10000.0
2,67465.0,10184.556,5.926,4.06,10000.0
2,67466.0,9069.226,6.715,2.544,10000.0
2,67467.0,10242.190999999999,55.904,6.698,10000.0
2,67468.0,10129.576,45.373,15.558,10000.0
2,67469.0,11820.661999999998,7.051,3.717,10000.0
2,67470.0,7845.7119999999995,7.94,4.136,10000.0
2,67471.0,9987.997,7.981,4.058,10000.0
2,67472.0,9998.822,5.57,3.059,10000.0
2,67473.0,10275.526,40.186,18.429,10000.0
2,67474.0,11644.067,33.941,3.619,10000.0
2,67475.0,8222.405,5.527,3.926,10000.0
2,67476.0,10068.445,8.315,4.629,10000.0
2,67477.0,9903.673,7.69,4.67,10000.0
2,67478.0,9944.824,5.247,2.56,10000.0
2,67479.0,10005.399,4.77,2.093,10000.0
2,67480.0,10002.155,6.622,4.036,10000.0
2,67481.0,10212.246,73.674,6.453,10000.0
2,67482.0,9808.908,6.093,4.559,10000.0
2,67483.0,9948.751,8.191,36.409,10000.0
2,67484.0,10331.419,25.234,12.668,10000.0
2,67485.0,9734.807,6.138,14.994,10000.0
2,67486.0,9980.48,5.135,1.924,10000.0
2,67487.0,10050.309000000001,5.966,3.038,10000.0
2,67488.0,9868.020999999999,5.531,2.056,10000.0
2,67489.0,9966.511,4.652,2.003,10000.0
2,67490.0,9990.776,4.159,1.398,10000.0
2,67491.0,10075.351,6.253,2.363,10000.0
2,67492.0,9985.618999999999,5.627,3.162,10000.0
2,67493.0,11087.226999999999,5.495,2.305,10000.0
2,67494.0,9280.097,39.44,2.611,10000.0
2,67495.0,9780.769,6.438,2.818,10000.0
2,67496.0,9917.309,6.946,3.816,10000.0
2,67497.0,10093.364000000001,13.482,4.55,10000.0
2,67498.0,9848.873,5.329,6.334,10000.0
2,67499.0,11997.380000000001,7.748,2.434,10000.0
2,67500.0,8108.211,12.938,3.327,10000.0
2,67501.0,9895.221,6.638,2.847,10000.0
2,67502.0,9947.085,3.365,1.901,10000.0
2,67503.0,10266.050000000001,44.231,5.531,10000.0
2,67504.0,10312.935000000001,6.443,2.669,10000.0
2,67505.0,9557.519,4.386,4.159,10000.0
2,67506.0,9920.134,4.006,1.476,10000.0
2,67507.0,10035.692000000001,5.658,2.626,10000.0
2,67508.0,10148.857,4.983,1.253,10000.0
2,67509.0,9754.825,4.358,1.512,10000.0
2,67510.0,10282.306999999999,33.373,4.632,10000.0
2,67511.0,10024.572,23.866,4.302,10000.0
2,67512.0,9961.52,18.78,13.208,10000.0
2,67513.0,9766.988000000001,8.142,6.33,10000.0
2,67514.0,9992.327000000001,5.305,4.397,10000.0
2,67515.0,10098.315999999999,6.38,9.963,10000.0
2,67516.0,9924.024,6.146,3.144,10000.0
2,67517.0,9944.488,3.722,6.855,10000.0
2,67518.0,9964.636,3.955,1.58,10000.0
2,67519.0,10049.87,6.916,2.916,10000.0
2,67520.0,10004.633,5.259,4.373,10000.0
2,67521.0,9992.345,4.625,3.374,10000.0
2,67522.0,10009.978,4.245,2.339,10000.0
2,67523.0,10040.051,4.387,6.123,10000.0
2,67524.0,10189.871,5.565,3.007,10000.0
2,67525.0,9804.255,3.458,3.812,10000.0
2,67526.0,10039.127,7.665,4.0,10000.0
2,67527.0,10116.728000000001,6.231,3.369,10000.0
2,67528.0,9807.782,6.923,2.194,10000.0
2,67529.0,9957.917,5.939,4.007,10000.0
2,67530.0,10113.609,3.661,3.458,10000.0
2,67531.0,10401.715,5.545,2.888,10000.0
2,67532.0,9541.279999999999,6.593,7.916,10000.0
2,67533.0,10172.925,35.983,4.818,10000.0
2,67534.0,10136.832999999999,60.33,11.277,10000.0
2,67535.0,9869.143,21.757,9.472,10000.0
2,67536.0,10004.081999999999,45.589,20.883,10000.0
2,67537.0,9965.875,14.857,10.53,10000.0
2,67538.0,9825.858999999999,5.991,3.27,10000.0
2,67539.0,11467.012,6.775,3.777,10000.0
2,67540.0,8796.87,41.569,2.415,10000.0
2,67541.0,9867.539,7.089,4.387,10000.0
2,67542.0,9992.93,5.604,3.689,10000.0
2,67543.0,10063.243,21.249,19.097,10000.0
2,67544.0,10229.781,15.255,2.647,10000.0
2,67545.0,9672.292000000001,25.741,5.647,10000.0
2,67546.0,10159.210000000001,13.129,2.39,10000.0
2,67547.0,11231.91,17.178,6.69,10000.0
2,67548.0,8788.721,23.487,2.964,10000.0
2,67549.0,9812.092,8.132,3.345,10000.0
2,67550.0,10007.244999999999,9.256,2.529,10000.0
2,67551.0,10050.824999999999,10.215,3.65,10000.0
2,67552.0,9878.402,5.718,2.658,10000.0
2,67553.0,9996.847,7.199,4.95,10000.0
2,67554.0,10393.82,7.535,2.857,10000.0
2,67555.0,9589.425000000001,6.451,2.54,10000.0
2,67556.0,10138.756000000001,4.974,3.14,10000.0
2,67557.0,10028.037,9.876,4.581,10000.0
2,67558.0,9895.499,7.698,3.404,10000.0
2,67559.0,10046.331,6.903,2.486,10000.0
2,67560.0,9932.498,5.136,2.443,10000.0
2,67561.0,10394.782,38.574,5.845,10000.0
2,67562.0,9585.481,4.772,3.092,10000.0
2,67563.0,10092.569,23.491,7.004,10000.0
2,67564.0,9968.037,4.145,1.747,10000.0
2,67565.0,10073.545,5.42,2.845,10000.0
2,67566.0,10052.136,6.104,3.789,10000.0
2,67567.0,9840.979,7.781,5.545,10000.0
2,67568.0,10032.414999999999,9.699,3.849,10000.0
2,67569.0,10264.464,31.174,4.476,10000.0
2,67570.0,9714.220000000001,15.934,18.483,10000.0
2,67571.0,10247.991999999998,5.495,2.595,10000.0
2,67572.0,9702.436,6.691,4.21,10000.0
2,67573.0,13107.577000000001,6.273,15.269,10000.0
2,67574.0,6921.591,4.289,1.678,10000.0
2,67575.0,9947.827,4.138,3.447,10000.0
2,67576.0,10069.003,5.451,2.218,10000.0
2,67577.0,10052.793000000001,140.998,5.167,10000.0
2,67578.0,9976.145,10.396,4.764,10000.0
2,67579.0,12103.747,7.276,4.688,10000.0
2,67580.0,7926.752,7.623,5.843,10000.0
2,67581.0,9990.376,7.499,4.636,10000.0
2,67582.0,11137.776,37.163,14.852,10000.0
2,67583.0,9366.204,36.702,12.719,10000.0
2,67584.0,9445.161,91.956,4.12,10000.0
2,67585.0,9999.466,7.05,1.706,10000.0
2,67586.0,9966.576,11.679,6.756,10000.0
2,67587.0,10052.993,5.173,3.321,10000.0
2,67588.0,9972.369,7.399,4.331,10000.0
2,67589.0,10131.817,5.094,1.466,10000.0
2,67590.0,9837.729,5.29,3.924,10000.0
2,67591.0,10040.31,5.743,3.025,10000.0
2,67592.0,10096.101,8.73,5.726,10000.0
2,67593.0,9897.917000000001,5.769,4.547,10000.0
2,67594.0,10041.157000000001,3.591,1.508,10000.0
2,67595.0,11308.215999999999,4.665,2.178,10000.0
2,67596.0,8603.566,5.906,2.938,10000.0
2,67597.0,10022.992999999999,6.336,4.285,10000.0
2,67598.0,10672.023,5.343,3.45,10000.0
2,67599.0,9477.214,5.892,2.472,10000.0
2,67600.0,9820.271,5.297,4.215,10000.0
2,67601.0,10456.152,38.779,4.898,10000.0
2,67602.0,10376.073,19.97,2.174,10000.0
2,67603.0,9176.872000000001,6.934,3.449,10000.0
2,67604.0,10048.214,9.519,4.032,10000.0
2,67605.0,10994.133,4.957,2.437,10000.0
2,67606.0,10765.906,8.029,3.733,10000.0
2,67607.0,9462.658000000001,82.871,4.638,10000.0
2,67608.0,9378.322,40.883,3.05,10000.0
2,67609.0,12363.37,6.198,3.991,10000.0
2,67610.0,7003.409000000001,5.358,6.21,10000.0
2,67611.0,10090.836000000001,5.61,2.8,10000.0
2,67612.0,9938.139000000001,6.894,3.177,10000.0
2,67613.0,10810.061,6.239,6.313,10000.0
2,67614.0,9158.764,4.831,3.918,10000.0
2,67615.0,10011.422,6.359,3.629,10000.0
2,67616.0,9982.616999999998,5.057,3.838,10000.0
2,67617.0,10003.163,4.685,3.621,10000.0
2,67618.0,10149.714,7.69,2.911,10000.0
2,67619.0,10184.488,4.144,1.885,10000.0
2,67620.0,9812.944000000001,7.846,5.643,10000.0
2,67621.0,11247.865,5.6,5.536,10000.0
2,67622.0,9889.677,19.71,9.433,10000.0
2,67623.0,8822.623,7.849,10.806,10000.0
2,67624.0,9982.454,6.047,2.003,10000.0
2,67625.0,10005.181999999999,4.729,4.354,10000.0
2,67626.0,10019.485,5.771,31.138,10000.0
2,67627.0,11026.275,6.947,3.589,10000.0
2,67628.0,9178.451000000001,17.033,6.575,10000.0
2,67629.0,13358.429999999998,47.397,19.59,10000.0
2,67630.0,10365.255000000001,4.792,1.539,10000.0
2,67631.0,6042.406999999999,5.847,15.929,10000.0
2,67632.0,10445.009,4.913,2.433,10000.0
2,67633.0,9484.941,5.395,6.222,10000.0
2,67634.0,11238.437,21.003,8.909,10000.0
2,67635.0,8879.632,4.437,1.901,10000.0
2,67636.0,9943.841999999999,7.55,28.56,10000.0
2,67637.0,10182.464,8.445,3.844,10000.0
2,67638.0,9997.089,3.868,2.87,10000.0
2,67639.0,9960.105,63.676,18.666,10000.0
2,67640.0,9787.683,6.399,3.085,10000.0
2,67641.0,9991.891,5.88,2.813,10000.0
2,67642.0,9974.737,4.408,5.284,10000.0
2,67643.0,10284.886999999999,25.369,24.378,10000.0
2,67644.0,15961.537000000002,5.818,2.769,10000.0
2,67645.0,3804.949,8.046,5.923,10000.0
2,67646.0,10279.208999999999,43.026,19.486,10000.0
2,67647.0,10557.678,5.524,27.258,10000.0
2,67648.0,9234.974,6.077,3.365,10000.0
2,67649.0,9897.746000000001,5.957,4.824,10000.0
2,67650.0,10140.285,6.351,5.744,10000.0
2,67651.0,10949.621,12.42,16.588,10000.0
2,67652.0,9151.284000000001,35.087,4.711,10000.0
2,67653.0,11845.686,5.724,5.043,10000.0
2,67654.0,7924.713,5.924,9.467,10000.0
2,67655.0,10024.434000000001,3.482,2.996,10000.0
2,67656.0,9957.616,5.737,5.63,10000.0
2,67657.0,11063.765,4.365,3.246,10000.0
2,67658.0,8976.956,8.308,6.38,10000.0
2,67659.0,10264.964,7.117,3.551,10000.0
2,67660.0,9723.486,6.751,4.556,10000.0
2,67661.0,9976.141,5.085,4.802,10000.0
2,67662.0,12196.961,5.337,2.059,10000.0
2,67663.0,7811.715,6.699,16.73,10000.0
2,67664.0,10999.404,38.109,13.468,10000.0
2,67665.0,9324.505000000001,27.913,27.719,10000.0
2,67666.0,9960.26,7.705,4.783,10000.0
2,67667.0,9807.771,6.976,4.887,10000.0
2,67668.0,9879.286,7.396,3.121,10000.0
2,67669.0,10022.577,7.576,3.877,10000.0
2,67670.0,10019.528999999999,5.863,1.614,10000.0
2,67671.0,10009.653,6.991,3.375,10000.0
2,67672.0,10090.87,8.138,8.436,10000.0
2,67673.0,9940.455,5.372,5.333,10000.0
2,67674.0,11392.787999999999,7.163,3.736,10000.0
2,67675.0,9706.238000000001,6.227,3.091,10000.0
2,67676.0,8931.018,6.531,4.509,10000.0
2,67677.0,9962.605,7.904,5.429,10000.0
2,67678.0,11072.636,8.265,4.659,10000.0
2,67679.0,8874.744,6.604,3.225,10000.0
2,67680.0,10151.712,8.632,4.812,10000.0
2,67681.0,9974.746,43.417,6.279,10000.0
2,67682.0,9928.563,10.085,4.317,10000.0
2,67683.0,10045.376,8.346,5.41,10000.0
2,67684.0,9965.55,5.369,3.073,10000.0
2,67685.0,10111.726,34.926,1.466,10000.0
2,67686.0,9947.25,38.342,15.78,10000.0
2,67687.0,10054.395,10.252,3.459,10000.0
2,67688.0,10206.447,15.663,1198.364,10000.0
2,67689.0,9972.966999999999,6.964,5.162,10000.0
2,67690.0,9975.59,6.328,4.783,10000.0
2,67691.0,9696.533,4.744,4.53,10000.0
2,67692.0,9987.264,5.326,3.89,10000.0
2,67693.0,9985.024,5.301,2.71,10000.0
2,67694.0,11363.150000000001,5.068,2.16,10000.0
2,67695.0,9048.03,6.03,2.254,10000.0
2,67696.0,9800.984,27.554,5.099,10000.0
2,67697.0,9784.802,5.322,4.883,10000.0
2,67698.0,10020.792000000001,6.821,3.021,10000.0
2,67699.0,9990.22,7.642,5.458,10000.0
2,67700.0,10030.757,6.904,6.235,10000.0
2,67701.0,10125.449,11.016,17.423,10000.0
2,67702.0,9856.303,5.3,4.539,10000.0
2,67703.0,10117.502,7.616,4.346,10000.0
2,67704.0,9914.159,7.808,4.796,10000.0
2,67705.0,10128.105,8.136,5.795,10000.0
2,67706.0,9810.008,8.607,3.11,10000.0
2,67707.0,10403.938,7.268,2.101,10000.0
2,67708.0,9548.621000000001,4.51,2.476,10000.0
2,67709.0,10225.850999999999,5.358,2.743,10000.0
2,67710.0,10270.460000000001,6.269,4.865,10000.0
2,67711.0,10032.342,5.635,4.344,10000.0
2,67712.0,9751.935,5.775,4.526,10000.0
2,67713.0,9853.304,7.416,2107.355,10000.0
2,67714.0,9931.471000000001,7.86,4.307,10000.0
2,67715.0,10021.603000000001,8.335,832.358,10000.0
2,67716.0,10098.81,13.109,5.312,10000.0
2,67717.0,9883.375999999998,4.08,23.747,10000.0
2,67718.0,10043.171,5.428,1.982,10000.0
2,67719.0,10372.556,8.637,5.477,10000.0
2,67720.0,9576.948999999999,1172.861,3.622,10000.0
2,67721.0,10030.116,9.552,6.624,10000.0
2,67722.0,9977.128999999999,6.149,2.438,10000.0
2,67723.0,10097.133,3.724,2.019,10000.0
2,67724.0,10147.599,6.685,3.589,10000.0
2,67725.0,9832.533,4.18,3.764,10000.0
2,67726.0,10073.571,26.151,22.163,10000.0
2,67727.0,9978.136,9.256,3.6,10000.0
2,67728.0,9969.464,5.675,8.374,10000.0
2,67729.0,9914.46,5.591,4.052,10000.0
2,67730.0,10024.699999999999,6.166,3.408,10000.0
2,67731.0,9956.352,4.923,4.333,10000.0
2,67732.0,9994.712,5.562,3.666,10000.0
2,67733.0,9999.190999999999,4.978,2.651,10000.0
2,67734.0,10685.841,5.705,3.951,10000.0
2,67735.0,9306.265,4.743,2.831,10000.0
2,67736.0,10034.018,4.924,2.831,10000.0
2,67737.0,10044.213,6.601,3.718,10000.0
2,67738.0,10048.556999999999,5.907,2.551,10000.0
2,67739.0,11194.882,5.054,2.653,10000.0
2,67740.0,8770.27,6.818,5.31,10000.0
2,67741.0,9966.589,5.236,6.532,10000.0
2,67742.0,10350.84,4.067,2.188,10000.0
2,67743.0,9832.61,14.069,30.962,10000.0
2,67744.0,10363.625,6.563,3.649,10000.0
2,67745.0,9381.72,5.568,1.671,10000.0
2,67746.0,10045.993,5.842,4.82,10000.0
2,67747.0,10058.287,39.909,13.664,10000.0
2,67748.0,10068.891,21.738,5.466,10000.0
2,67749.0,9857.115,6.278,2.006,10000.0
2,67750.0,9980.053,4.575,4.711,10000.0
2,67751.0,10244.128999999999,37.796,13.469,10000.0
2,67752.0,9819.978,46.055,7.088,10000.0
2,67753.0,12136.262,7.655,6.09,10000.0
2,67754.0,8046.9400000000005,8.799,2.827,10000.0
2,67755.0,9913.385,5.844,4.336,10000.0
2,67756.0,9958.415,6.597,3.004,10000.0
2,67757.0,9894.948,5.168,2.346,10000.0
2,67758.0,11100.165,6.063,4.637,10000.0
2,67759.0,8880.248,6.368,3.113,10000.0
2,67760.0,9961.123000000001,4.61,3.251,10000.0
2,67761.0,10112.688999999998,5.631,2.058,10000.0
2,67762.0,9926.853,7.071,7.027,10000.0
2,67763.0,10310.783000000001,14.194,3.781,10000.0
2,67764.0,9698.71,5.649,4.295,10000.0
2,67765.0,10001.224,4.724,2.292,10000.0
2,67766.0,10235.947,42.591,19.376,10000.0
2,67767.0,10115.563,26.538,5.181,10000.0
2,67768.0,9947.077000000001,11.472,4.903,10000.0
2,67769.0,9999.298,274.826,23.912,10000.0
2,67770.0,10115.027,19.407,16.063,10000.0
2,67771.0,9877.735999999999,25.401,1.433,10000.0
2,67772.0,9818.991,5.276,4.092,10000.0
2,67773.0,9910.778,7.827,130.44,10000.0
2,67774.0,11339.550000000001,20.303,6.736,10000.0
2,67775.0,8655.561000000002,8.718,2.516,10000.0
2,67776.0,9993.918,5.528,3.306,10000.0
2,67777.0,9978.191,7.015,3.25,10000.0
2,67778.0,10214.532,5.121,5.364,10000.0
2,67779.0,13704.552,30.697,261.098,10000.0
2,67780.0,6269.683,7.262,3.962,10000.0
2,67781.0,10186.360999999999,564.073,4.755,10000.0
2,67782.0,9911.708999999999,8.997,3.902,10000.0
2,67783.0,9799.16,6.841,5.194,10000.0
2,67784.0,11040.668,21.155,9.504,10000.0
2,67785.0,8930.153999999999,12.9,72.634,10000.0
2,67786.0,10011.859,8.216,6.993,10000.0
2,67787.0,9899.667,4.969,15.038,10000.0
2,67788.0,10208.539,38.529,5.726,10000.0
2,67789.0,10045.112000000001,6.715,3.779,10000.0
2,67790.0,10482.389,41.043,64.315,10000.0
2,67791.0,9432.466,10.851,121.64,10000.0
2,67792.0,9941.983999999999,9.326,1.746,10000.0
2,67793.0,10203.360999999999,9.757,7.572,10000.0
2,67794.0,10537.144999999999,10.87,5.62,10000.0
2,67795.0,9217.44,12.258,6.746,10000.0
2,67796.0,10146.093,37.244,30.231,10000.0
2,67797.0,9823.356,6.917,4.06,10000.0
2,67798.0,10159.25,20.552,2.353,10000.0
2,67799.0,10008.482,7.107,4.007,10000.0
2,67800.0,9900.897,88.182,3.526,10000.0
2,67801.0,9979.444000000001,7.085,5.21,10000.0
2,67802.0,10162.907000000001,32.921,3.117,10000.0
2,67803.0,9814.227,7.412,7.498,10000.0
2,67804.0,10796.909,9.55,8.628,10000.0
2,67805.0,9170.618999999999,4.591,3.585,10000.0
2,67806.0,11077.086,6.328,3.327,10000.0
2,67807.0,8942.174,4.506,1.454,10000.0
2,67808.0,10006.994999999999,27.58,4.344,10000.0
2,67809.0,11873.401,5.294,3.55,10000.0
2,67810.0,8263.529,177.408,5.803,10000.0
2,67811.0,10087.764000000001,46.379,10.894,10000.0
2,67812.0,10043.301,63.257,2.87,10000.0
2,67813.0,10120.817000000001,37.051,18.639,10000.0
2,67814.0,11757.795,4.777,2.204,10000.0
2,67815.0,7869.753000000001,7.231,32.841,10000.0
2,67816.0,10279.016,9.304,4.554,10000.0
2,67817.0,9707.653,6.319,3.458,10000.0
2,67818.0,10249.101,38.354,4.735,10000.0
2,67819.0,11363.48,5.652,4.064,10000.0
2,67820.0,8554.22,35.893,5.355,10000.0
2,67821.0,9829.548,4.0,4.23,10000.0
2,67822.0,10026.584,6.941,10.644,10000.0
2,67823.0,10045.706,5.44,2.917,10000.0
2,67824.0,9880.032000000001,5.28,1.84,10000.0
2,67825.0,10034.494,6.23,3.482,10000.0
2,67826.0,10360.029,5.918,4.276,10000.0
2,67827.0,9956.446,36.26,4.331,10000.0
2,67828.0,9704.165,7.642,4.892,10000.0
2,67829.0,10446.052000000001,14.233,5.986,10000.0
2,67830.0,9588.293,7.991,7.564,10000.0
2,67831.0,10022.381000000001,74.595,136.388,10000.0
2,67832.0,10267.311,31.789,14.974,10000.0
2,67833.0,9715.114,6.17,3.886,10000.0
2,67834.0,10072.753,8.739,6.3,10000.0
2,67835.0,10327.737,7.481,4.452,10000.0
2,67836.0,9566.842,6.028,5.696,10000.0
2,67837.0,9912.58,4.112,3.912,10000.0
2,67838.0,10188.501,21.105,2.173,10000.0
2,67839.0,10352.217999999999,30.65,7.594,10000.0
2,67840.0,9560.033000000001,145.062,3.783,10000.0
2,67841.0,9961.038999999999,4.215,6.483,10000.0
2,67842.0,11333.305,9.657,6.445,10000.0
2,67843.0,8719.693000000001,8.291,6.749,10000.0
2,67844.0,10100.099,6.745,4.271,10000.0
2,67845.0,9979.912,6.597,4.158,10000.0
2,67846.0,10188.960000000001,13.192,8.332,10000.0
2,67847.0,10176.607,46.749,7.446,10000.0
2,67848.0,11463.519,7.09,5.662,10000.0
2,67849.0,8055.942999999999,6.996,4.6,10000.0
2,67850.0,10035.182,8.251,7.273,10000.0
2,67851.0,9970.414,5.738,2.897,10000.0
2,67852.0,10021.39,6.982,4.091,10000.0
2,67853.0,10136.351,44.505,6.085,10000.0
2,67854.0,9863.804,5.761,2.922,10000.0
2,67855.0,10159.072,18.127,27.737,10000.0
2,67856.0,9835.342,7.126,6.524,10000.0
2,67857.0,10075.053,6.66,3.16,10000.0
2,67858.0,9847.922999999999,4.449,2.035,10000.0
2,67859.0,10050.566,7.831,3.36,10000.0
2,67860.0,10082.024,7.95,5.423,10000.0
2,67861.0,10183.532000000001,34.47,12.869,10000.0
2,67862.0,17340.755,6.192,7.927,10000.0
2,67863.0,2367.33,5.011,4.142,10000.0
2,67864.0,10093.033,660.613,13.454,10000.0
2,67865.0,10201.366,4.681,1.815,10000.0
2,67866.0,9732.289999999999,4.529,2.454,10000.0
2,67867.0,10018.399000000001,7.527,4.326,10000.0
2,67868.0,10254.487,7.671,3.377,10000.0
2,67869.0,9914.345,6.379,2.673,10000.0
2,67870.0,10037.842999999999,5.35,3.071,10000.0
2,67871.0,10037.16,49.175,31.998,10000.0
2,67872.0,9762.987000000001,4.36,2.024,10000.0
2,67873.0,10079.412,9.955,11.527,10000.0
2,67874.0,10788.529,36.618,4.318,10000.0
2,67875.0,9092.938,8.198,3.48,10000.0
2,67876.0,10115.68,6.063,11.114,10000.0
2,67877.0,10002.135,40.659,3.903,10000.0
2,67878.0,9959.601,6.94,3.172,10000.0
2,67879.0,11254.619,38.506,16.86,10000.0
2,67880.0,8688.546,6.929,18.847,10000.0
2,67881.0,10010.062,5.404,5.893,10000.0
2,67882.0,10226.941,7.547,5.931,10000.0
2,67883.0,9794.394999999999,7.127,4.538,10000.0
2,67884.0,11570.776,4.661,1.572,10000.0
2,67885.0,8395.118,4.378,2.63,10000.0
2,67886.0,11125.465,25.697,7.269,10000.0
2,67887.0,8867.610999999999,6.433,2.954,10000.0
2,67888.0,10247.02,7.725,3.715,10000.0
2,67889.0,12825.882,6.533,6.862,10000.0
2,67890.0,6984.585,8.879,5.762,10000.0
2,67891.0,10079.81,5.267,7.656,10000.0
2,67892.0,9958.252,7.775,6.034,10000.0
2,67893.0,9961.673,6.003,1.528,10000.0
2,67894.0,10050.099,7.425,21.025,10000.0
2,67895.0,9998.589,5.782,3.944,10000.0
2,67896.0,11542.551,21.989,126.317,10000.0
2,67897.0,8375.399000000001,7.672,9.443,10000.0
2,67898.0,9979.038,5.982,4.374,10000.0
2,67899.0,10545.635,6.853,3.62,10000.0
2,67900.0,9461.925,7.316,3.583,10000.0
2,67901.0,10242.288,42.493,16.929,10000.0
2,67902.0,9761.527,5.657,2.914,10000.0
2,67903.0,9962.343,3.727,8.788,10000.0
2,67904.0,10140.619,6.211,1.815,10000.0
2,67905.0,9883.289999999999,4.522,1.911,10000.0
2,67906.0,10041.58,5.878,4.359,10000.0
2,67907.0,10003.581,5.932,5.697,10000.0
2,67908.0,10198.796,5.156,8.474,10000.0
2,67909.0,9816.364,8.313,2.915,10000.0
2,67910.0,9950.926000000001,4.907,2.233,10000.0
2,67911.0,10428.831,31.06,16.284,10000.0
2,67912.0,9617.71,5.498,4.126,10000.0
2,67913.0,10237.734999999999,44.221,19.008,10000.0
2,67914.0,9961.002,20.659,5.068,10000.0
2,67915.0,9758.429,6.351,4.618,10000.0
2,67916.0,10004.663,9.796,7.346,10000.0
2,67917.0,10376.344,7.623,4.692,10000.0
2,67918.0,9777.325,5.232,2.567,10000.0
2,67919.0,10027.267,6.449,3.696,10000.0
2,67920.0,9792.593,7.907,2.469,10000.0
2,67921.0,10745.389,5.175,2.581,10000.0
2,67922.0,9715.351,5.517,3.268,10000.0
2,67923.0,9739.171,15.993,25.579,10000.0
2,67924.0,9877.124,7.913,3.09,10000.0
3,67925.0,10045.422999999999,4.903,550.715,10000.0
3,67926.0,9901.460000000001,5.108,18.191,10000.0
3,67927.0,10297.9,29.225,13.021,10000.0
3,67928.0,9971.657,48.532,4.079,10000.0
3,67929.0,10144.714000000002,6.336,4.731,10000.0
3,67930.0,9742.605,7.502,3.746,10000.0
3,67931.0,10088.7,19.021,17.646,10000.0
3,67932.0,9896.146999999999,5.396,3.493,10000.0
3,67933.0,9822.399000000001,5.862,4.488,10000.0
3,67934.0,10003.978000000001,5.965,4.68,10000.0
3,67935.0,11059.476,4.764,1.42,10000.0
3,67936.0,8899.717,5.186,4.032,10000.0
3,67937.0,10078.798,5.561,4.228,10000.0
3,67938.0,9987.121,6.209,5.718,10000.0
3,67939.0,9990.472,5.621,3.131,10000.0
3,67940.0,10020.074999999999,4.244,3.748,10000.0
3,67941.0,9992.734,6.147,18.339,10000.0
3,67942.0,10218.395,4.396,2.783,10000.0
3,67943.0,11482.436,32.086,7.583,10000.0
3,67944.0,8609.32,39.997,19.157,10000.0
3,67945.0,10042.856,42.226,5.283,10000.0
3,67946.0,9752.196,18.317,3.511,10000.0
3,67947.0,9899.494,6.202,2.688,10000.0
3,67948.0,10000.613,6.704,3.911,10000.0
3,67949.0,10023.667,7.27,3.317,10000.0
3,67950.0,9947.788,7.461,3.95,10000.0
3,67951.0,10056.169,7.139,3.525,10000.0
3,67952.0,9986.437,6.834,5.159,10000.0
3,67953.0,9973.643,5.832,5.311,10000.0
3,67954.0,9977.123,7.74,9.948,10000.0
3,67955.0,10001.234,4.308,12.169,10000.0
3,67956.0,9998.417000000001,5.052,7.239,10000.0
3,67957.0,10005.769,6.234,4.115,10000.0
3,67958.0,10113.552,5.301,4.077,10000.0
3,67959.0,10939.525,6.773,3.611,10000.0
3,67960.0,10123.223,41.931,5.192,10000.0
3,67961.0,9054.011,26.625,30.292,10000.0
3,67962.0,9953.625,6.946,3.86,10000.0
3,67963.0,9830.784,6.668,3.192,10000.0
3,67964.0,10055.966,9.272,4.262,10000.0
3,67965.0,9932.498,9.371,29.784,10000.0
3,67966.0,11467.491,7.212,4.227,10000.0
3,67967.0,8739.339,4.84,4.666,10000.0
3,67968.0,9957.224,4.927,9.55,10000.0
3,67969.0,10356.098,9.76,5.61,10000.0
3,67970.0,9438.391000000001,4.383,1.864,10000.0
3,67971.0,10035.557999999999,5.907,4.986,10000.0
3,67972.0,9991.909,4.842,3.278,10000.0
3,67973.0,10154.198999999999,38.997,5.264,10000.0
3,67974.0,9868.094000000001,5.978,7.051,10000.0
3,67975.0,10260.244,4.924,3.957,10000.0
3,67976.0,9742.347,6.895,5.632,10000.0
3,67977.0,9997.805,25.797,3.248,10000.0
3,67978.0,10039.093,6.36,4.855,10000.0
3,67979.0,10096.02,59.391,4.061,10000.0
3,67980.0,9901.745,5.688,2.849,10000.0
3,67981.0,9969.11,5.122,3.636,10000.0
3,67982.0,11160.138,4.192,2.137,10000.0
3,67983.0,8961.532,4.584,4.148,10000.0
3,67984.0,9890.034000000001,7.442,4.417,10000.0
3,67985.0,10313.615,37.301,4.791,10000.0
3,67986.0,10056.614,6.411,4.053,10000.0
3,67987.0,9793.753,12.978,2.308,10000.0
3,67988.0,9958.193000000001,9.9,4.632,10000.0
3,67989.0,9972.882000000001,7.282,4.825,10000.0
3,67990.0,9941.118,43.323,3.661,10000.0
3,67991.0,9961.568000000001,51.785,4.817,10000.0
3,67992.0,10058.662,4.812,10.399,10000.0
3,67993.0,10001.262,7.464,3.542,10000.0
3,67994.0,9978.789999999999,27.977,4.826,10000.0
3,67995.0,10473.425,22.324,12.346,10000.0
3,67996.0,9666.457999999999,4.613,3.634,10000.0
3,67997.0,9806.208999999999,17.975,3.122,10000.0
3,67998.0,9958.152,4.039,12.919,10000.0
3,67999.0,10104.261,8.886,5.054,10000.0
3,68000.0,10200.5,27.882,5.628,10000.0
3,68001.0,9779.819,5.722,3.552,10000.0
3,68002.0,10108.32,8.388,4.91,10000.0
3,68003.0,10057.583999999999,7.185,5.343,10000.0
3,68004.0,9790.465,8.816,26.35,10000.0
3,68005.0,10263.211,7.423,4.381,10000.0
3,68006.0,9815.637999999999,11.117,5.032,10000.0
3,68007.0,9953.381000000001,5.349,3.164,10000.0
3,68008.0,10044.134999999998,6.233,2.465,10000.0
3,68009.0,9918.624,6.157,5.688,10000.0
3,68010.0,10122.219,5.563,2.909,10000.0
3,68011.0,9954.715,4.071,2.721,10000.0
3,68012.0,9915.056,58.157,3.094,10000.0
3,68013.0,10002.946,5.617,3.44,10000.0
3,68014.0,10119.789,19.372,3.552,10000.0
3,68015.0,11964.100999999999,4.784,2.176,10000.0
3,68016.0,7876.286999999999,5.432,7.588,10000.0
3,68017.0,10246.564,8.152,4.401,10000.0
3,68018.0,10826.129,6.914,3.927,10000.0
3,68019.0,8992.196,11.351,3.821,10000.0
3,68020.0,10051.354,28.379,6.085,10000.0
3,68021.0,10388.888,9.692,48.608,10000.0
3,68022.0,9528.391000000001,5.505,6.005,10000.0
3,68023.0,10030.858,3.807,4.704,10000.0
3,68024.0,10003.651,314.643,3.969,10000.0
3,68025.0,10301.85,3.684,1.335,10000.0
3,68026.0,9858.988000000001,8.421,5.562,10000.0
3,68027.0,9821.198999999999,7.079,5.555,10000.0
3,68028.0,10111.104,7.395,5.055,10000.0
3,68029.0,14098.694,6.124,3.192,10000.0
3,68030.0,7138.079000000001,29.127,1.708,10000.0
3,68031.0,10693.355,5.13,2.035,10000.0
3,68032.0,8254.683,11.243,3.384,10000.0
3,68033.0,9695.929,4.253,2.216,10000.0
3,68034.0,10100.811,84.498,6.866,10000.0
3,68035.0,10149.152999999998,68.12,2.58,10000.0
3,68036.0,9974.54,6.169,6.102,10000.0
3,68037.0,10276.016000000001,20.39,6.195,10000.0
3,68038.0,9640.052,10.109,2.421,10000.0
3,68039.0,9898.284,6.534,8.454,10000.0
3,68040.0,10018.978,3.683,1.61,10000.0
3,68041.0,9957.897,5.108,2.479,10000.0
3,68042.0,10908.221,6.465,3.483,10000.0
3,68043.0,9078.523,5.107,4.043,10000.0
3,68044.0,10074.482,20.083,2.809,10000.0
3,68045.0,11374.834,6.398,4.665,10000.0
3,68046.0,8532.349999999999,5.956,5.731,10000.0
3,68047.0,10050.150000000001,7.205,4.402,10000.0
3,68048.0,10249.648,36.178,5.539,10000.0
3,68049.0,10365.529999999999,43.983,41.085,10000.0
3,68050.0,9558.875999999998,34.895,5.46,10000.0
3,68051.0,9836.292,39.292,5.083,10000.0
3,68052.0,10083.16,5.705,27.72,10000.0
3,68053.0,9890.304,5.993,3.353,10000.0
3,68054.0,10135.833999999999,9.041,4.085,10000.0
3,68055.0,12337.613000000001,16.276,4.085,10000.0
3,68056.0,7623.195,5.587,2.917,10000.0
3,68057.0,9902.286999999998,7.385,3.917,10000.0
3,68058.0,10010.541,6.315,4.779,10000.0
3,68059.0,10361.567000000001,39.243,14.076,10000.0
3,68060.0,14172.105000000001,7.499,2.513,10000.0
3,68061.0,5442.817,6.232,4.617,10000.0
3,68062.0,9949.322,8.649,5.426,10000.0
3,68063.0,10220.363,25.745,4.962,10000.0
3,68064.0,9876.967,18.997,18.231,10000.0
3,68065.0,9971.912,5.205,3.965,10000.0
3,68066.0,10010.602,5.797,3.598,10000.0
3,68067.0,9953.800000000001,4.535,2.109,10000.0
3,68068.0,10048.949999999999,7.03,3.95,10000.0
3,68069.0,10077.519,7.705,5.022,10000.0
3,68070.0,11179.556,8.407,5.68,10000.0
3,68071.0,8741.684,9.544,6.232,10000.0
3,68072.0,10249.182,6.791,4.221,10000.0
3,68073.0,9716.451,4.305,8.971,10000.0
3,68074.0,10006.801,6.843,17.998,10000.0
3,68075.0,9975.094000000001,5.782,3.338,10000.0
3,68076.0,11350.904999999999,21.0,24.736,10000.0
3,68077.0,8853.628,7.579,6.69,10000.0
3,68078.0,10077.841,12.218,1.563,10000.0
3,68079.0,10567.265,58.128,9.479,10000.0
3,68080.0,9195.355000000001,4.177,1.84,10000.0
3,68081.0,10102.932999999999,6.798,4.796,10000.0
3,68082.0,9880.445,8.267,3.541,10000.0
3,68083.0,10179.862,7.84,4.196,10000.0
3,68084.0,9847.585000000001,6.198,14.085,10000.0
3,68085.0,10033.882,6.065,5.595,10000.0
3,68086.0,10097.94,3.662,1.588,10000.0
3,68087.0,9838.454,5.031,2.653,10000.0
3,68088.0,10531.933,5.391,2.677,10000.0
3,68089.0,9564.806,7.998,6.885,10000.0
3,68090.0,9908.61,6.305,2.274,10000.0
3,68091.0,9972.966,6.363,3.109,10000.0
3,68092.0,10050.140000000001,5.808,3.561,10000.0
3,68093.0,10109.388,25.23,4.554,10000.0
3,68094.0,10126.18,5.205,1.419,10000.0
3,68095.0,9735.739,5.379,22.659,10000.0
3,68096.0,10436.025,17.022,3.398,10000.0
3,68097.0,9593.262999999999,4.958,4.152,10000.0
3,68098.0,10097.346,8.261,5.224,10000.0
3,68099.0,9972.792,7.528,14.567,10000.0
3,68100.0,10000.165,5.603,4.542,10000.0
3,68101.0,9877.213,3.604,3.292,10000.0
3,68102.0,10008.295,5.231,8.781,10000.0
3,68103.0,10197.861,18.128,20.769,10000.0
3,68104.0,12135.494999999999,5.718,2.483,10000.0
3,68105.0,8506.573999999999,33.342,5.208,10000.0
3,68106.0,9229.982,5.124,5.695,10000.0
3,68107.0,10118.055,6.301,3.528,10000.0
3,68108.0,10045.911,33.677,5.784,10000.0
3,68109.0,9971.726,34.551,3.404,10000.0
3,68110.0,10203.758,38.593,3.8,10000.0
3,68111.0,9852.112,18.013,4.352,10000.0
3,68112.0,9837.646999999999,4.964,2.36,10000.0
3,68113.0,9894.33,5.66,24.861,10000.0
3,68114.0,10238.32,11.196,6.513,10000.0
3,68115.0,13272.687,41.506,6.818,10000.0
3,68116.0,6530.885,5.963,3.27,10000.0
3,68117.0,10219.096,6.876,6.138,10000.0
3,68118.0,9748.381000000001,3.668,2.696,10000.0
3,68119.0,9999.62,4.98,4.221,10000.0
3,68120.0,10337.753,5.574,2.315,10000.0
3,68121.0,9826.846,6.129,4.179,10000.0
3,68122.0,10000.97,6.441,4.81,10000.0
3,68123.0,10534.831999999999,6.847,3.53,10000.0
3,68124.0,9313.225,7.375,4.251,10000.0
3,68125.0,10140.65,5.747,5.835,10000.0
3,68126.0,9966.071,6.382,2.82,10000.0
3,68127.0,10408.845,37.181,4.833,10000.0
3,68128.0,9745.235999999999,38.886,5.55,10000.0
3,68129.0,9763.426000000001,5.537,11.112,10000.0
3,68130.0,10892.505000000001,6.635,3.657,10000.0
3,68131.0,9265.024,8.059,11.351,10000.0
3,68132.0,9847.232,5.724,3.817,10000.0
3,68133.0,10060.394,26.459,5.201,10000.0
3,68134.0,10014.364,8.695,5.932,10000.0
3,68135.0,10032.78,25.922,5.666,10000.0
3,68136.0,10128.521999999999,7.853,5.231,10000.0
3,68137.0,9780.389000000001,4.961,3.311,10000.0
3,68138.0,10031.551,8.765,5.549,10000.0
3,68139.0,10101.356,9.237,3.656,10000.0
3,68140.0,9803.152,6.308,2.556,10000.0
3,68141.0,10149.949,24.243,3.843,10000.0
3,68142.0,10159.607,5.6,3.606,10000.0
3,68143.0,10609.904,5.277,3.083,10000.0
3,68144.0,10009.692000000001,36.493,6.838,10000.0
3,68145.0,9461.562,5.166,3.154,10000.0
3,68146.0,10034.643,9.067,2.556,10000.0
3,68147.0,9801.068,16.03,5.359,10000.0
3,68148.0,10059.176,7.534,4.588,10000.0
3,68149.0,10054.064,7.595,5.101,10000.0
3,68150.0,10284.583999999999,5.609,3.488,10000.0
3,68151.0,9861.295,5.076,1.984,10000.0
3,68152.0,9874.332,31.969,4.874,10000.0
3,68153.0,9660.641,5.408,9.246,10000.0
3,68154.0,9994.059,4.628,2.818,10000.0
3,68155.0,10595.947,11.035,5.048,10000.0
3,68156.0,9402.987,4.869,19.117,10000.0
3,68157.0,10018.967999999999,4.666,3.595,10000.0
3,68158.0,10020.971,4.694,5.589,10000.0
3,68159.0,10077.586,6.556,3.395,10000.0
3,68160.0,10371.463,4.72,4.11,10000.0
3,68161.0,9529.17,6.715,1.737,10000.0
3,68162.0,10129.587000000001,5.638,14.28,10000.0
3,68163.0,10524.999,5.333,1.71,10000.0
3,68164.0,9311.079,4.241,2.901,10000.0
3,68165.0,10225.499000000002,4.504,1.524,10000.0
3,68166.0,9810.021,7.152,3.571,10000.0
3,68167.0,9950.445,4.799,2.344,10000.0
3,68168.0,10376.289,6.319,5.087,10000.0
3,68169.0,9755.475,6.244,3.699,10000.0
3,68170.0,11201.126,5.847,3.294,10000.0
3,68171.0,9159.389000000001,10.134,3.41,10000.0
3,68172.0,9665.339,9.37,29.674,10000.0
3,68173.0,9879.377999999999,7.942,5.854,10000.0
3,68174.0,10129.11,11.767,4.834,10000.0
3,68175.0,9870.697,5.042,3.397,10000.0
3,68176.0,10015.046999999999,3.809,2.921,10000.0
3,68177.0,9977.988,5.107,6.184,10000.0
3,68178.0,10076.979,3.993,5.903,10000.0
3,68179.0,9990.892,6.316,30.217,10000.0
3,68180.0,10087.904999999999,3.111,2.744,10000.0
3,68181.0,10684.561,4.149,3.991,10000.0
3,68182.0,9242.627999999999,5.275,3.964,10000.0
3,68183.0,9918.552000000001,5.662,4.219,10000.0
3,68184.0,10003.046,6.544,3.863,10000.0
3,68185.0,10321.505,3.859,1.453,10000.0
3,68186.0,9662.769999999999,5.361,3.394,10000.0
3,68187.0,9999.417,5.707,2.551,10000.0
3,68188.0,10200.548999999999,16.89,14.276,10000.0
3,68189.0,9799.224,5.88,2.493,10000.0
3,68190.0,10170.291,5.618,4.321,10000.0
3,68191.0,9911.932999999999,55.722,2.657,10000.0
3,68192.0,10217.809,25.242,17.248,10000.0
3,68193.0,10214.921999999999,66.039,2.639,10000.0
3,68194.0,9668.465,22.914,104.119,10000.0
3,68195.0,11112.066,8.406,4.906,10000.0
3,68196.0,8720.282,3.764,35.791,10000.0
3,68197.0,10156.008,6.095,6.41,10000.0
3,68198.0,9835.741,5.694,4.7,10000.0
3,68199.0,10011.636,4.604,7.524,10000.0
3,68200.0,10106.364,9.962,3.95,10000.0
3,68201.0,9883.569,5.07,3.045,10000.0
3,68202.0,9985.679,4.071,2.935,10000.0
3,68203.0,10074.462,6.718,3.315,10000.0
3,68204.0,10156.16,5.869,4.68,10000.0
3,68205.0,9787.396,3.494,2.297,10000.0
3,68206.0,10107.075,5.069,1.754,10000.0
3,68207.0,9899.903,5.367,2.508,10000.0
3,68208.0,9975.534,4.743,2.924,10000.0
3,68209.0,10041.341,6.159,2.9,10000.0
3,68210.0,9985.421,9.992,5.172,10000.0
3,68211.0,10035.868999999999,6.151,2.958,10000.0
3,68212.0,9941.681,4.439,2.938,10000.0
3,68213.0,9997.912,5.115,4.281,10000.0
3,68214.0,10018.404,4.574,2.335,10000.0
3,68215.0,10101.208,4.972,2.307,10000.0
3,68216.0,10122.499,69.43,7.221,10000.0
3,68217.0,10531.735,32.258,15.96,10000.0
3,68218.0,9350.088,11.338,16.741,10000.0
3,68219.0,10837.478,45.015,4.107,10000.0
3,68220.0,9470.344000000001,5.362,5.625,10000.0
3,68221.0,9658.085000000001,6.9,5.25,10000.0
3,68222.0,11017.284,5.481,3.971,10000.0
3,68223.0,8906.163,5.087,3.527,10000.0
3,68224.0,10042.94,5.286,4.044,10000.0
3,68225.0,9961.016,4.81,2.363,10000.0
3,68226.0,9972.848,4.943,3.277,10000.0
3,68227.0,10015.17,5.25,2.48,10000.0
3,68228.0,10088.81,5.705,6.017,10000.0
3,68229.0,9946.369,6.054,4.62,10000.0
3,68230.0,10201.256000000001,5.976,3.646,10000.0
3,68231.0,9722.606,4.709,2.829,10000.0
3,68232.0,9977.312,4.257,2.314,10000.0
3,68233.0,10029.074,4.486,2.241,10000.0
3,68234.0,9994.901,5.349,3.34,10000.0
3,68235.0,10154.842,4.045,2.806,10000.0
3,68236.0,9853.206,8.397,6.099,10000.0
3,68237.0,10324.787,30.161,7.776,10000.0
3,68238.0,9924.779,29.37,4.916,10000.0
3,68239.0,9801.91,14.153,44.157,10000.0
3,68240.0,10735.506000000001,38.114,4.319,10000.0
3,68241.0,10777.34,39.959,5.7,10000.0
3,68242.0,8924.022,6.456,3.31,10000.0
3,68243.0,9561.973,6.855,5.16,10000.0
3,68244.0,10226.682,13.701,38.933,10000.0
3,68245.0,9992.002999999999,10.761,13.338,10000.0
3,68246.0,9764.055,4.574,4.13,10000.0
3,68247.0,10061.454,5.305,3.148,10000.0
3,68248.0,9950.940999999999,5.13,4.405,10000.0
3,68249.0,10001.268,5.905,10.885,10000.0
3,68250.0,10284.381000000001,5.019,1.783,10000.0
3,68251.0,9729.812,4.28,6.684,10000.0
3,68252.0,10062.306999999999,4.427,4.037,10000.0
3,68253.0,9921.635999999999,5.218,3.374,10000.0
3,68254.0,10208.202,5.458,3.871,10000.0
3,68255.0,9770.331,6.927,28.481,10000.0
3,68256.0,10008.555,5.967,4.035,10000.0
3,68257.0,10579.443,18.399,3.724,10000.0
3,68258.0,9801.087,8.91,3.126,10000.0
3,68259.0,9581.521,4.458,3.726,10000.0
3,68260.0,10062.38,22.287,1.638,10000.0
3,68261.0,9987.724,5.161,2.81,10000.0
3,68262.0,9994.724999999999,6.001,2.577,10000.0
3,68263.0,10062.076,5.694,2.668,10000.0
3,68264.0,9960.356,5.985,4.594,10000.0
3,68265.0,10075.86,4.136,3.419,10000.0
3,68266.0,9891.765,4.54,3.334,10000.0
3,68267.0,9970.109,4.344,2.404,10000.0
3,68268.0,10079.787,4.65,3.018,10000.0
3,68269.0,9964.789,5.779,3.444,10000.0
3,68270.0,10080.327,3.675,4.835,10000.0
3,68271.0,9850.884,3.77,1.56,10000.0
3,68272.0,10287.865,94.33,5.165,10000.0
3,68273.0,11361.542000000001,7.312,3.422,10000.0
3,68274.0,8588.485999999999,38.949,3.099,10000.0
3,68275.0,9981.094,7.234,3.343,10000.0
3,68276.0,9978.091999999999,29.281,13.948,10000.0
3,68277.0,10130.738,39.499,17.936,10000.0
3,68278.0,10091.033,37.198,13.235,10000.0
3,68279.0,9688.902,6.762,36.377,10000.0
3,68280.0,10141.415,18.756,12.12,10000.0
3,68281.0,9914.055999999999,7.421,4.57,10000.0
3,68282.0,9946.181999999999,70.747,21.204,10000.0
3,68283.0,9950.171,7.246,2.53,10000.0
3,68284.0,10074.472,17.221,5.772,10000.0
3,68285.0,10082.434,7.391,2.041,10000.0
3,68286.0,9862.149000000001,4.53,3.515,10000.0
3,68287.0,9998.795,6.548,4.618,10000.0
3,68288.0,10068.209,5.906,5.308,10000.0
3,68289.0,9897.797999999999,4.992,2.196,10000.0
3,68290.0,10000.494999999999,5.412,3.125,10000.0
3,68291.0,10179.97,6.9,17.004,10000.0
3,68292.0,9873.19,4.733,3.675,10000.0
3,68293.0,9945.426,9.245,2.443,10000.0
3,68294.0,10037.426,7.21,4.245,10000.0
3,68295.0,11034.117,4.363,2.366,10000.0
3,68296.0,8940.24,4.809,3.643,10000.0
3,68297.0,10036.836000000001,4.147,1.843,10000.0
3,68298.0,9979.091,5.316,3.802,10000.0
3,68299.0,11061.456,4.692,1.534,10000.0
3,68300.0,9176.179,42.27,5.972,10000.0
3,68301.0,10054.571,47.319,3.632,10000.0
3,68302.0,9887.859,4.019,1.264,10000.0
3,68303.0,10284.367,4.627,4.236,10000.0
3,68304.0,9610.583,5.414,4.234,10000.0
3,68305.0,9993.58,3.404,3.254,10000.0
3,68306.0,10063.288,5.621,24.648,10000.0
3,68307.0,9926.310000000001,4.88,3.328,10000.0
3,68308.0,9882.97,4.342,3.475,10000.0
3,68309.0,10107.407000000001,4.456,2.697,10000.0
3,68310.0,9944.422,5.412,4.356,10000.0
3,68311.0,10142.852,4.84,2.468,10000.0
3,68312.0,9865.591,7.906,3.128,10000.0
3,68313.0,10064.424,6.872,4.856,10000.0
3,68314.0,9987.23,4.631,1.733,10000.0
3,68315.0,10869.595,5.583,2.885,10000.0
3,68316.0,9257.048,15.985,2.409,10000.0
3,68317.0,10002.344,38.247,5.446,10000.0
3,68318.0,10899.862,4.783,3.165,10000.0
3,68319.0,8969.365,657.42,20.277,10000.0
3,68320.0,10013.783,5.737,3.039,10000.0
3,68321.0,9928.999000000002,5.844,3.459,10000.0
3,68322.0,10178.749000000002,7.502,5.302,10000.0
3,68323.0,9839.535,9.945,39.092,10000.0
3,68324.0,10055.302,8.247,8.062,10000.0
3,68325.0,10278.394,8.409,3.127,10000.0
3,68326.0,9665.605000000001,5.267,5.807,10000.0
3,68327.0,9989.173999999999,4.212,1.911,10000.0
3,68328.0,10114.334,4.659,2.107,10000.0
3,68329.0,9912.832999999999,8.101,3.221,10000.0
3,68330.0,12852.444,37.435,6.575,10000.0
3,68331.0,7241.506,5.634,3.736,10000.0
3,68332.0,9932.32,6.434,3.487,10000.0
3,68333.0,9946.475,25.097,2.803,10000.0
3,68334.0,11155.771,7.93,4.646,10000.0
3,68335.0,9081.26,7.724,3.259,10000.0
3,68336.0,9781.703,7.409,9.987,10000.0
3,68337.0,10262.291,8.824,4.954,10000.0
3,68338.0,9968.381,7.425,5.636,10000.0
3,68339.0,10023.093,29.476,12.268,10000.0
3,68340.0,10147.08,40.77,5.578,10000.0
3,68341.0,9819.366,35.273,10.144,10000.0
3,68342.0,9983.99,5.672,3.865,10000.0
3,68343.0,10805.276000000002,5.133,1.634,10000.0
3,68344.0,9056.003,5.955,3.618,10000.0
3,68345.0,9894.920999999998,5.471,4.515,10000.0
3,68346.0,10189.5,4.948,2.846,10000.0
3,68347.0,9915.52,4.359,2.524,10000.0
3,68348.0,9908.314,5.457,3.181,10000.0
3,68349.0,10257.377,7.223,131.141,10000.0
3,68350.0,9786.469000000001,6.318,4.467,10000.0
3,68351.0,10369.138,42.077,4.216,10000.0
3,68352.0,11522.072,27.432,6.048,10000.0
3,68353.0,8094.526,7.287,3.661,10000.0
3,68354.0,10130.887999999999,14.17,4.703,10000.0
3,68355.0,11257.142,5.243,3.087,10000.0
3,68356.0,8758.851999999999,7.797,4.915,10000.0
3,68357.0,9849.178,5.926,2.627,10000.0
3,68358.0,10456.547,8.545,5.472,10000.0
3,68359.0,9678.784,39.618,20.448,10000.0
3,68360.0,10604.54,32.258,2.498,10000.0
3,68361.0,9386.497000000001,20.758,10.466,10000.0
3,68362.0,9981.487000000001,6.846,2.77,10000.0
3,68363.0,9938.885,8.778,2.03,10000.0
3,68364.0,9969.05,10.297,6.396,10000.0
3,68365.0,11887.597,7.006,3.788,10000.0
3,68366.0,8171.697,6.047,2.993,10000.0
3,68367.0,10186.125,8.022,3.648,10000.0
3,68368.0,9831.617,5.588,1.859,10000.0
3,68369.0,10032.894,17.861,4.528,10000.0
3,68370.0,10411.278,5.925,3.529,10000.0
3,68371.0,9602.56,21.333,7.041,10000.0
3,68372.0,9926.035,7.327,4.748,10000.0
3,68373.0,10500.274000000001,6.03,5.65,10000.0
3,68374.0,9437.048999999999,7.556,2.451,10000.0
3,68375.0,10179.654999999999,3.334,2.276,10000.0
3,68376.0,9798.131,5.182,3.649,10000.0
3,68377.0,10049.223,7.175,5.36,10000.0
3,68378.0,10010.515,4.623,1.697,10000.0
3,68379.0,9966.825,6.216,5.171,10000.0
3,68380.0,10239.008000000002,5.299,3.369,10000.0
3,68381.0,9859.418,7.393,4.898,10000.0
3,68382.0,9953.903999999999,5.353,2.816,10000.0
3,68383.0,10084.132000000001,36.052,2.243,10000.0
3,68384.0,11253.281,7.567,1.646,10000.0
3,68385.0,9003.756,8.971,13.641,10000.0
3,68386.0,9991.837,5.877,3.135,10000.0
3,68387.0,9675.186,8.593,4.853,10000.0
3,68388.0,9993.139,8.388,5.807,10000.0
3,68389.0,9927.401,7.212,4.094,10000.0
3,68390.0,11379.039,8.064,5.89,10000.0
3,68391.0,9047.434,6.752,12.343,10000.0
3,68392.0,9684.704,6.953,3.984,10000.0
3,68393.0,9935.818000000001,6.1,3.508,10000.0
3,68394.0,10112.59,8.09,6.379,10000.0
3,68395.0,12637.258,6.687,3.996,10000.0
3,68396.0,9332.432,4.705,2.214,10000.0
3,68397.0,8180.796,21.788,31.063,10000.0
3,68398.0,10358.218,21.836,28.328,10000.0
3,68399.0,10155.027,9.316,4.306,10000.0
3,68400.0,9879.426,5.325,2.112,10000.0
3,68401.0,9510.164999999999,8.058,8.989,10000.0
3,68402.0,11605.439,8.665,5.198,10000.0
3,68403.0,8165.552,6.331,6.476,10000.0
3,68404.0,10054.848,9.143,3.938,10000.0
3,68405.0,10097.268,7.452,3.032,10000.0
3,68406.0,9855.093,4.4,4.702,10000.0
3,68407.0,10009.306,6.2,3.984,10000.0
3,68408.0,10965.795,6.893,2.968,10000.0
3,68409.0,9401.337,35.175,4.098,10000.0
3,68410.0,9639.694000000001,5.459,3.003,10000.0
3,68411.0,10504.569,6.472,2.976,10000.0
3,68412.0,9640.616,5.612,3.449,10000.0
3,68413.0,10030.123,39.29,16.138,10000.0
3,68414.0,9832.211000000001,5.298,2.525,10000.0
3,68415.0,9956.7,5.742,12.288,10000.0
3,68416.0,10031.869,5.405,1.8,10000.0
3,68417.0,10003.135999999999,8.032,2.306,10000.0
3,68418.0,9950.484,4.537,13.976,10000.0
3,68419.0,10105.994,6.53,2.509,10000.0
3,68420.0,9917.682,5.208,1.753,10000.0
3,68421.0,10135.908000000001,4.478,2.638,10000.0
3,68422.0,9870.998000000001,5.076,2.467,10000.0
3,68423.0,9995.822,3.955,1.621,10000.0
3,68424.0,10129.192000000001,5.152,1.336,10000.0
3,68425.0,9843.592,4.069,1.988,10000.0
3,68426.0,10045.445,4.914,2.069,10000.0
3,68427.0,10007.942000000001,4.344,2.209,10000.0
3,68428.0,10280.073,28.58,3.812,10000.0
3,68429.0,9727.216,136.2,4.702,10000.0
3,68430.0,11064.728,8.342,3.342,10000.0
3,68431.0,9108.382,5.383,2.798,10000.0
3,68432.0,9793.399,4.617,2.221,10000.0
3,68433.0,9998.359,4.997,2.429,10000.0
3,68434.0,10003.566,5.358,50.928,10000.0
3,68435.0,10017.705,911.926,2.465,10000.0
3,68436.0,10017.505,5.468,2.247,10000.0
3,68437.0,9978.404999999999,7.163,13.832,10000.0
3,68438.0,9984.629,6.909,7.986,10000.0
3,68439.0,10192.527,14.218,2.874,10000.0
3,68440.0,9883.288,5.869,4.989,10000.0
3,68441.0,10480.372,11.374,3.787,10000.0
3,68442.0,9466.596000000001,4.776,5.064,10000.0
3,68443.0,10071.807999999999,4.341,1.306,10000.0
3,68444.0,9954.868,5.441,2.328,10000.0
3,68445.0,9960.188,4.821,2.749,10000.0
3,68446.0,10136.101,5.709,2.527,10000.0
3,68447.0,9855.635,4.666,4.12,10000.0
3,68448.0,10004.088,4.783,3.304,10000.0
3,68449.0,9939.662,4.152,3.039,10000.0
3,68450.0,10097.93,13.829,3.165,10000.0
3,68451.0,10023.849,6.775,5.191,10000.0
3,68452.0,9911.555,4.474,3.158,10000.0
3,68453.0,10001.387,5.786,2.498,10000.0
3,68454.0,10063.669000000002,21.595,5.69,10000.0
3,68455.0,10129.324999999999,4.466,2.274,10000.0
3,68456.0,9939.163,5.769,2.246,10000.0
3,68457.0,9935.0,4.322,2.163,10000.0
3,68458.0,10203.016,33.353,4.621,10000.0
3,68459.0,10117.279999999999,5.993,162.413,10000.0
3,68460.0,9701.211,239.895,5.836,10000.0
3,68461.0,9981.143,5.816,2.587,10000.0
3,68462.0,10087.619,34.148,13.727,10000.0
3,68463.0,9990.651,18.892,21.832,10000.0
3,68464.0,10134.047,37.679,5.609,10000.0
3,68465.0,10551.003999999999,26.327,3.635,10000.0
3,68466.0,9173.367,5.255,2.017,10000.0
3,68467.0,10052.945000000002,6.117,3.338,10000.0
3,68468.0,10314.131000000001,7.48,12.594,10000.0
3,68469.0,9786.638,7.248,2.351,10000.0
3,68470.0,9879.204000000002,6.004,4.685,10000.0
3,68471.0,9990.267,5.924,3.919,10000.0
3,68472.0,11145.194000000001,7.289,4.634,10000.0
3,68473.0,8869.312,7.717,4.909,10000.0
3,68474.0,10048.984,6.341,4.16,10000.0
3,68475.0,11643.507000000001,7.003,4.635,10000.0
3,68476.0,8499.008,14.611,2.357,10000.0
3,68477.0,10002.745,5.873,15.241,10000.0
3,68478.0,9801.858,6.051,2.495,10000.0
3,68479.0,10347.947,4.622,1.877,10000.0
3,68480.0,10518.179,49.7,7.955,10000.0
3,68481.0,9530.126999999999,40.54,3.684,10000.0
3,68482.0,10203.940999999999,39.505,5.419,10000.0
3,68483.0,9457.795,47.485,36.746,10000.0
3,68484.0,10041.291000000001,7.569,4.097,10000.0
3,68485.0,10625.676000000001,16.049,30.313,10000.0
3,68486.0,9433.501,7.458,6.083,10000.0
3,68487.0,9851.746,8.299,25.474,10000.0
3,68488.0,10142.853000000001,26.298,4.231,10000.0
3,68489.0,9842.71,7.542,8.849,10000.0
3,68490.0,10232.498,28.253,3.177,10000.0
3,68491.0,9754.858999999999,5.123,4.976,10000.0
3,68492.0,10073.723,4.989,3.117,10000.0
3,68493.0,9930.569,4.048,3.234,10000.0
3,68494.0,11164.803,9.255,6.777,10000.0
3,68495.0,9751.478,4.369,1.96,10000.0
3,68496.0,9110.267,4.856,4.859,10000.0
3,68497.0,10016.690999999999,4.732,5.455,10000.0
3,68498.0,10092.536,4.581,2.343,10000.0
3,68499.0,9871.142,4.812,2.757,10000.0
3,68500.0,10000.988000000001,3.632,1.96,10000.0
3,68501.0,9981.508,4.204,2.182,10000.0
3,68502.0,10010.835,5.927,3.125,10000.0
3,68503.0,10193.891,21.58,2.427,10000.0
3,68504.0,10287.132,25.275,5.36,10000.0
3,68505.0,10022.753,24.65,3.134,10000.0
3,68506.0,9525.386,5.295,2.76,10000.0
3,68507.0,9987.219000000001,6.046,9.461,10000.0
3,68508.0,9996.714,4.505,1.523,10000.0
3,68509.0,10007.82,6.401,3.787,10000.0
3,68510.0,10368.733999999999,3.755,1.511,10000.0
3,68511.0,9626.376,5.376,3.172,10000.0
3,68512.0,9986.285,5.219,2.053,10000.0
3,68513.0,10000.751,20.404,2.405,10000.0
3,68514.0,10016.74,6.124,3.439,10000.0
3,68515.0,9990.712000000001,3.824,1.83,10000.0
3,68516.0,9992.942,22.005,4.033,10000.0
3,68517.0,10025.751,10.811,4.042,10000.0
3,68518.0,10095.259,5.67,2.488,10000.0
3,68519.0,9876.357,4.7,1.852,10000.0
3,68520.0,9989.567,5.505,3.642,10000.0
3,68521.0,10310.445,22.053,3.917,10000.0
3,68522.0,9694.23,4.017,2.492,10000.0
3,68523.0,10139.758,6.188,3.544,10000.0
3,68524.0,9861.807,5.147,3.327,10000.0
3,68525.0,10000.752999999999,3.845,3.313,10000.0
3,68526.0,10076.305,10.694,1.581,10000.0
3,68527.0,9951.353,15.443,4.019,10000.0
3,68528.0,9969.894,29.182,5.904,10000.0
3,68529.0,10002.359,4.79,4.884,10000.0
3,68530.0,10000.833,3.817,2.415,10000.0
3,68531.0,10138.848,4.931,5.611,10000.0
3,68532.0,9973.411999999998,5.619,2.9,10000.0
3,68533.0,9996.034000000001,6.17,2.456,10000.0
3,68534.0,10063.459,5.478,2.881,10000.0
3,68535.0,9784.213,4.766,2.721,10000.0
3,68536.0,10091.187,4.406,3.921,10000.0
3,68537.0,9949.318000000001,4.844,2.074,10000.0
3,68538.0,10047.394,4.53,2.074,10000.0
3,68539.0,10180.545,8.203,2.268,10000.0
3,68540.0,9776.882000000001,4.718,1.568,10000.0
3,68541.0,10023.582,11.426,4.977,10000.0
3,68542.0,11027.465,6.014,3.347,10000.0
3,68543.0,9496.343,7.338,3.063,10000.0
3,68544.0,9686.474,35.429,8.951,10000.0
3,68545.0,10186.926000000001,4.121,2.154,10000.0
3,68546.0,10336.274,13.502,4.666,10000.0
3,68547.0,9299.289,5.837,5.296,10000.0
3,68548.0,9941.786,4.641,2.733,10000.0
3,68549.0,10284.954000000002,8.902,3.965,10000.0
3,68550.0,9721.204000000002,5.596,3.486,10000.0
3,68551.0,10025.729000000001,4.501,3.209,10000.0
3,68552.0,9963.774,5.104,4.037,10000.0
3,68553.0,10098.775000000001,10.738,9.642,10000.0
3,68554.0,9912.052,5.397,4.392,10000.0
3,68555.0,11387.226,5.336,18.701,10000.0
3,68556.0,8776.564,5.982,3.598,10000.0
3,68557.0,9972.56,7.333,6.405,10000.0
3,68558.0,10952.837,6.336,4.383,10000.0
3,68559.0,9000.245,6.829,4.802,10000.0
3,68560.0,9920.813,5.629,4.976,10000.0
3,68561.0,10210.653,7.549,5.276,10000.0
3,68562.0,9912.659000000001,8.232,3.732,10000.0
3,68563.0,10505.263,225.716,3.305,10000.0
3,68564.0,9403.863,90.406,15.713,10000.0
3,68565.0,12279.087,4.507,2.921,10000.0
3,68566.0,7932.349,11.86,3.713,10000.0
3,68567.0,9845.755,5.457,4.981,10000.0
3,68568.0,9937.56,8.999,2.545,10000.0
3,68569.0,9991.162,10.614,8.967,10000.0
3,68570.0,10199.696,5.869,19.03,10000.0
3,68571.0,9822.607,4.209,1.305,10000.0
3,68572.0,10007.271999999999,7.663,5.478,10000.0
3,68573.0,9913.039,5.207,3.337,10000.0
3,68574.0,10225.489000000001,34.035,8.768,10000.0
3,68575.0,10278.341,8.18,3.965,10000.0
3,68576.0,9515.228000000001,6.102,3.423,10000.0
3,68577.0,10181.026,35.784,3.557,10000.0
3,68578.0,9860.226,4.832,2.11,10000.0
3,68579.0,10384.652,7.533,3.005,10000.0
3,68580.0,9702.241,10.546,2.931,10000.0
3,68581.0,9902.387,5.129,4.068,10000.0
3,68582.0,10239.210000000001,15.278,6.279,10000.0
3,68583.0,9775.056,6.258,3.217,10000.0
3,68584.0,10135.619999999999,13.822,26.044,10000.0
3,68585.0,11260.822,4.806,2.901,10000.0
3,68586.0,9057.538,4.418,4.246,10000.0
3,68587.0,9490.823,4.511,1.831,10000.0
3,68588.0,12086.401,8.616,7.561,10000.0
3,68589.0,7968.632,6.691,3.334,10000.0
3,68590.0,10644.149,3.823,1.49,10000.0
3,68591.0,9307.827,5.394,1.868,10000.0
3,68592.0,9993.003999999999,5.119,3.141,10000.0
3,68593.0,10903.744,3.895,1.542,10000.0
3,68594.0,9215.222,6.448,4.45,10000.0
3,68595.0,10010.109999999999,5.169,3.222,10000.0
3,68596.0,9871.972,3.87,4.408,10000.0
3,68597.0,10525.785,40.049,4.275,10000.0
3,68598.0,10868.634,43.211,3.742,10000.0
3,68599.0,8836.810000000001,42.543,3.444,10000.0
3,68600.0,14050.506000000001,34.71,4.474,10000.0
3,68601.0,5702.563,3.183,1.087,10000.0
3,68602.0,10088.616,16.694,3.185,10000.0
3,68603.0,10320.826,44.859,3.806,10000.0
3,68604.0,9630.981,5.231,3.18,10000.0
3,68605.0,10048.635,4.441,2.898,10000.0
3,68606.0,10151.065,363.518,5.104,10000.0
3,68607.0,9974.52,37.148,23.852,10000.0
3,68608.0,10956.381,11.631,6.97,10000.0
3,68609.0,8992.181999999999,21.254,5.296,10000.0
3,68610.0,10269.049,5.191,3.154,10000.0
3,68611.0,9686.161,49.56,12.04,10000.0
3,68612.0,9915.814,6.03,33.253,10000.0
3,68613.0,10236.189999999999,4.809,2.701,10000.0
3,68614.0,9922.345000000001,10.935,2.962,10000.0
3,68615.0,13077.378,6.239,4.147,10000.0
3,68616.0,6916.069,27.839,5.008,10000.0
3,68617.0,9869.744999999999,6.854,2.382,10000.0
3,68618.0,10124.425,5.264,5.119,10000.0
3,68619.0,9882.758,10.714,4.237,10000.0
3,68620.0,9971.499,6.577,2.182,10000.0
3,68621.0,10122.984,6.999,4.629,10000.0
3,68622.0,10980.06,6.403,3.786,10000.0
3,68623.0,8945.841,7.787,5.64,10000.0
3,68624.0,9989.628999999999,6.643,5.456,10000.0
3,68625.0,10065.668,5.566,3.646,10000.0
3,68626.0,10135.046,6.099,3.896,10000.0
3,68627.0,10509.12,6.486,3.351,10000.0
3,68628.0,9259.461,5.667,3.895,10000.0
3,68629.0,10492.472,43.472,8.984,10000.0
3,68630.0,13623.796,8.424,3.354,10000.0
3,68631.0,7640.118,7.273,2.873,10000.0
3,68632.0,8219.971,10.941,5.599,10000.0
3,68633.0,10169.392,11.104,2.279,10000.0
3,68634.0,10003.748,7.494,6.871,10000.0
3,68635.0,11813.723,8.864,3.931,10000.0
3,68636.0,8095.463000000001,6.15,4.708,10000.0
3,68637.0,9978.572,5.283,2.076,10000.0
3,68638.0,11091.889000000001,5.461,2.575,10000.0
3,68639.0,8904.261,7.954,5.805,10000.0
3,68640.0,10100.816,5.024,2.566,10000.0
3,68641.0,9875.234999999999,5.312,3.081,10000.0
3,68642.0,10458.067,5.032,3.143,10000.0
3,68643.0,9564.328,5.937,3.801,10000.0
3,68644.0,9961.14,14.507,4.06,10000.0
3,68645.0,10012.437,6.018,3.684,10000.0
3,68646.0,10004.828,7.143,4.424,10000.0
3,68647.0,10004.464,4.897,2.68,10000.0
3,68648.0,10101.487,20.814,24.075,10000.0
3,68649.0,11252.376,5.008,4.399,10000.0
3,68650.0,9086.743,35.859,2.551,10000.0
3,68651.0,9631.916000000001,6.227,2.886,10000.0
3,68652.0,10157.474,42.314,5.901,10000.0
3,68653.0,10069.076,41.257,5.463,10000.0
3,68654.0,9759.194000000001,65.486,7.385,10000.0
3,68655.0,10084.175000000001,5.841,1.982,10000.0
3,68656.0,9933.011,19.968,5.916,10000.0
3,68657.0,10040.507000000001,21.623,4.494,10000.0
3,68658.0,10164.359,4.225,2.039,10000.0
3,68659.0,9689.860999999999,5.252,3.067,10000.0
3,68660.0,10185.965,5.23,174.707,10000.0
3,68661.0,10741.466999999999,5.028,2.959,10000.0
3,68662.0,9166.028999999999,6.728,13.117,10000.0
3,68663.0,9928.613,5.584,2.822,10000.0
3,68664.0,9979.181,5.903,3.244,10000.0
3,68665.0,10088.033,5.431,4.694,10000.0
3,68666.0,9951.78,4.801,4.663,10000.0
3,68667.0,10875.065,41.875,15.736,10000.0
3,68668.0,9239.488000000001,5.624,6.201,10000.0
3,68669.0,9934.109999999999,8.088,5.506,10000.0
3,68670.0,10260.364,6.742,1.731,10000.0
3,68671.0,9651.419,7.029,3.514,10000.0
3,68672.0,9995.119,6.637,9.117,10000.0
3,68673.0,10008.419,4.199,2.287,10000.0
3,68674.0,10009.658,4.673,4.108,10000.0
3,68675.0,10091.796,5.158,2.951,10000.0
3,68676.0,9887.058,5.257,2.344,10000.0
3,68677.0,9973.984999999999,5.805,2.193,10000.0
3,68678.0,10255.265,4.731,2.173,10000.0
3,68679.0,9822.970000000001,6.676,3.001,10000.0
3,68680.0,10113.29,3.777,1.807,10000.0
3,68681.0,9864.169,6.198,3.356,10000.0
3,68682.0,10127.116,4.218,3.507,10000.0
3,68683.0,9956.42,6.58,3.42,10000.0
3,68684.0,10151.668000000001,29.91,4.727,10000.0
3,68685.0,9772.481,4.077,7.504,10000.0
3,68686.0,10090.511999999999,10.034,3.306,10000.0
3,68687.0,10162.027,29.275,3.565,10000.0
3,68688.0,9880.701000000001,37.977,3.874,10000.0
3,68689.0,9864.967,6.004,7.829,10000.0
3,68690.0,10004.491,5.505,6.797,10000.0
3,68691.0,9931.052,5.454,3.317,10000.0
3,68692.0,10018.889,3.815,2.756,10000.0
3,68693.0,10443.024000000001,42.395,5.855,10000.0
3,68694.0,9591.1,5.633,3.077,10000.0
3,68695.0,10147.857,4.521,2.572,10000.0
3,68696.0,9860.692000000001,5.866,2.891,10000.0
3,68697.0,10047.599,7.118,3.216,10000.0
3,68698.0,9951.134,8.284,4.396,10000.0
3,68699.0,10155.858,8.186,3.801,10000.0
3,68700.0,10467.291,5.42,2.776,10000.0
3,68701.0,9730.592,7.41,3.935,10000.0
3,68702.0,9770.545,4.724,3.007,10000.0
3,68703.0,9920.099999999999,4.581,3.473,10000.0
3,68704.0,9978.608,4.606,1.453,10000.0
3,68705.0,10039.957,5.199,2.378,10000.0
3,68706.0,9916.664,7.563,4.837,10000.0
3,68707.0,10251.982999999998,5.581,3.594,10000.0
3,68708.0,9766.745,8.118,5.388,10000.0
3,68709.0,10265.336,57.354,5.683,10000.0
3,68710.0,11076.649,5.106,2.042,10000.0
3,68711.0,8915.127,9.113,5.021,10000.0
3,68712.0,9757.777,5.313,1.766,10000.0
3,68713.0,10164.721,9.675,19.116,10000.0
3,68714.0,9914.659,5.144,3.411,10000.0
3,68715.0,11077.488,5.805,3.411,10000.0
3,68716.0,9054.717999999999,5.539,4.633,10000.0
3,68717.0,9858.217,9.68,5.042,10000.0
3,68718.0,10059.511999999999,11.65,6.727,10000.0
3,68719.0,10917.717,8.445,23.386,10000.0
3,68720.0,9454.082,5.114,4.168,10000.0
3,68721.0,9476.681,5.279,39.815,10000.0
3,68722.0,9985.176,4.382,4.292,10000.0
3,68723.0,10030.482,5.569,4.782,10000.0
3,68724.0,9965.875,6.425,4.364,10000.0
3,68725.0,10344.433,4.796,2.559,10000.0
3,68726.0,9644.191,6.373,2.875,10000.0
3,68727.0,10030.286,6.604,4.597,10000.0
3,68728.0,10140.338,5.935,4.092,10000.0
3,68729.0,9858.426,6.203,4.377,10000.0
3,68730.0,10248.091,16.845,2.985,10000.0
3,68731.0,9725.208,4.46,3.02,10000.0
3,68732.0,10163.385,135.466,22.26,10000.0
3,68733.0,9888.262999999999,4.668,2.692,10000.0
3,68734.0,9901.535,5.546,2.114,10000.0
3,68735.0,10087.328,3.462,2.598,10000.0
3,68736.0,9902.734999999999,4.374,2.295,10000.0
3,68737.0,11226.557,25.064,30.163,10000.0
3,68738.0,9081.851,5.955,2.278,10000.0
3,68739.0,10157.216999999999,5.561,2.727,10000.0
3,68740.0,9796.738,6.128,3.52,10000.0
3,68741.0,9974.023000000001,5.905,5.105,10000.0
3,68742.0,10029.169,10.098,12.211,10000.0
3,68743.0,11205.042,9.007,14.919,10000.0
3,68744.0,8588.945,6.544,3.184,10000.0
3,68745.0,12443.423999999999,4.988,2.482,10000.0
3,68746.0,7901.283,15.037,8.763,10000.0
3,68747.0,9694.677,9.704,4.749,10000.0
3,68748.0,9961.505000000001,8.423,23.749,10000.0
3,68749.0,10479.828,49.793,3.759,10000.0
3,68750.0,9554.018,14.84,4.508,10000.0
3,68751.0,9983.136999999999,6.124,3.76,10000.0
3,68752.0,9963.484,4.804,2.119,10000.0
3,68753.0,10109.694000000001,5.272,3.545,10000.0
3,68754.0,9934.014,7.29,5.147,10000.0
3,68755.0,10031.421,4.695,4.569,10000.0
3,68756.0,9998.849,5.067,3.535,10000.0
3,68757.0,9981.405,3.815,2.203,10000.0
3,68758.0,9976.064999999999,5.479,3.216,10000.0
3,68759.0,9993.571,6.357,2.584,10000.0
3,68760.0,10211.346,3.963,3.64,10000.0
3,68761.0,9770.036,5.144,3.091,10000.0
3,68762.0,10049.527,4.808,2.85,10000.0
3,68763.0,10058.92,5.469,4.643,10000.0
3,68764.0,9937.846,7.151,19.5,10000.0
3,68765.0,10434.492,5.024,2.684,10000.0
3,68766.0,11576.74,4.97,1.737,10000.0
3,68767.0,8211.154999999999,31.689,7.985,10000.0
3,68768.0,9762.277999999998,3.93,2.054,10000.0
3,68769.0,10019.405,6.342,3.17,10000.0
3,68770.0,12420.087,6.59,3.364,10000.0
3,68771.0,7559.795999999999,6.639,6.077,10000.0
3,68772.0,10175.076,10.458,5.535,10000.0
3,68773.0,14065.286,5.774,3.408,10000.0
3,68774.0,5763.526,16.491,5.897,10000.0
3,68775.0,9995.019,4.804,4.812,10000.0
3,68776.0,12227.455,4.611,2.727,10000.0
3,68777.0,7752.535,4.121,4.028,10000.0
3,68778.0,10084.991,4.741,3.203,10000.0
3,68779.0,9887.663,5.216,2.131,10000.0
3,68780.0,10153.196,49.058,19.038,10000.0
3,68781.0,10092.046,33.017,4.184,10000.0
3,68782.0,10322.823999999999,33.43,3.169,10000.0
3,68783.0,9698.956,42.496,3.086,10000.0
3,68784.0,10043.571,29.919,2.228,10000.0
3,68785.0,9896.52,4.575,2.328,10000.0
3,68786.0,9810.417,4.48,3.836,10000.0
3,68787.0,10012.56,36.589,3.513,10000.0
3,68788.0,10001.664,5.043,3.968,10000.0
3,68789.0,10188.859,7.396,4.258,10000.0
3,68790.0,9800.245,6.132,3.099,10000.0
3,68791.0,10247.099,6.088,3.422,10000.0
3,68792.0,9930.197,38.221,16.551,10000.0
3,68793.0,10071.938,38.658,5.454,10000.0
3,68794.0,10016.815,42.391,4.561,10000.0
3,68795.0,10796.593,12.234,2.141,10000.0
3,68796.0,8985.072,5.581,29.749,10000.0
3,68797.0,10222.608,35.271,4.789,10000.0
3,68798.0,9764.023000000001,22.7,11.258,10000.0
3,68799.0,9989.125,5.516,19.876,10000.0
3,68800.0,10363.993999999999,5.095,20.103,10000.0
3,68801.0,10179.26,10.144,3.169,10000.0
3,68802.0,9517.664999999999,11.101,6.703,10000.0
3,68803.0,9940.585000000001,5.094,4.048,10000.0
3,68804.0,9957.319,5.986,3.404,10000.0
3,68805.0,10156.634,5.271,1.596,10000.0
3,68806.0,9888.871000000001,6.39,3.889,10000.0
3,68807.0,10030.172,4.679,2.112,10000.0
3,68808.0,9940.596,3.75,1.72,10000.0
3,68809.0,10070.127,6.439,6.818,10000.0
3,68810.0,10753.073,9.2,5.827,10000.0
3,68811.0,10301.648,7.638,4.578,10000.0
3,68812.0,8924.039,4.492,1.803,10000.0
3,68813.0,10061.492999999999,8.414,5.052,10000.0
3,68814.0,9943.030999999999,10.163,4.369,10000.0
3,68815.0,10214.218,34.901,12.785,10000.0
3,68816.0,10191.669,25.502,6.512,10000.0
3,68817.0,9585.392,5.368,3.269,10000.0
3,68818.0,10349.591,29.721,15.881,10000.0
3,68819.0,9880.296,22.578,18.027,10000.0
3,68820.0,9956.33,57.438,13.648,10000.0
3,68821.0,10509.538,34.021,2.834,10000.0
3,68822.0,9285.635,10.931,5.036,10000.0
3,68823.0,10009.42,5.731,2.368,10000.0
3,68824.0,10150.939,22.43,14.171,10000.0
3,68825.0,13445.452,42.126,5.314,10000.0
3,68826.0,6478.616,7.315,6.534,10000.0
3,68827.0,10028.698,7.439,6.265,10000.0
3,68828.0,9940.615,4.931,2.055,10000.0
3,68829.0,11461.391,6.403,4.377,10000.0
3,68830.0,9632.568,4.509,2.061,10000.0
3,68831.0,8913.885999999999,8.651,7.263,10000.0
3,68832.0,9986.733,5.532,3.21,10000.0
3,68833.0,9991.082,22.312,4.106,10000.0
3,68834.0,9955.626,5.782,5.078,10000.0
3,68835.0,10088.824,5.623,13.971,10000.0
3,68836.0,12128.527,7.065,3.145,10000.0
3,68837.0,7776.264,4.511,1.984,10000.0
3,68838.0,10263.757,60.741,4.434,10000.0
3,68839.0,9874.970000000001,4.635,1.596,10000.0
3,68840.0,9837.716,5.699,95.693,10000.0
3,68841.0,10018.498000000001,4.88,3.875,10000.0
3,68842.0,10191.591999999999,7.504,4.026,10000.0
3,68843.0,9837.079,6.021,3.63,10000.0
3,68844.0,10170.152,7.162,4.134,10000.0
3,68845.0,10007.839,35.427,21.542,10000.0
3,68846.0,10338.102,39.055,2.402,10000.0
3,68847.0,9466.99,6.17,38.431,10000.0
3,68848.0,10511.135,32.72,2.482,10000.0
3,68849.0,9720.425,38.235,12.983,10000.0
3,68850.0,10075.133,39.333,3.845,10000.0
3,68851.0,9881.856,21.76,23.645,10000.0
3,68852.0,9893.285,6.388,12.937,10000.0
3,68853.0,11087.476,22.264,4.937,10000.0
3,68854.0,9621.987000000001,6.421,4.679,10000.0
3,68855.0,9272.461,60.348,3.953,10000.0
3,68856.0,10693.001,5.375,5.698,10000.0
3,68857.0,9200.703,5.902,3.515,10000.0
3,68858.0,10044.255000000001,4.829,2.525,10000.0
3,68859.0,9994.708,6.889,3.477,10000.0
3,68860.0,10045.092,7.395,3.485,10000.0
3,68861.0,9978.551000000001,7.976,5.711,10000.0
3,68862.0,10009.465,6.221,4.237,10000.0
3,68863.0,11098.307,17.137,5.026,10000.0
3,68864.0,8916.206,7.553,3.512,10000.0
3,68865.0,10094.815,4.533,2.198,10000.0
3,68866.0,10298.147,7.719,5.765,10000.0
3,68867.0,9606.883,6.01,4.914,10000.0
3,68868.0,10036.539,5.894,3.568,10000.0
3,68869.0,9939.361,6.215,4.065,10000.0
3,68870.0,10003.69,4.581,3.276,10000.0
3,68871.0,10381.161999999998,6.561,2.392,10000.0
3,68872.0,9907.568000000001,7.333,6.916,10000.0
3,68873.0,9774.564,7.43,4.114,10000.0
3,68874.0,10107.374,39.279,4.363,10000.0
3,68875.0,9990.546,18.312,16.785,10000.0
3,68876.0,9800.472,7.048,4.658,10000.0
3,68877.0,10123.467,6.392,33.361,10000.0
3,68878.0,9983.815999999999,8.898,12.932,10000.0
3,68879.0,9907.032,5.776,6.006,10000.0
3,68880.0,13411.389,8.227,4.822,10000.0
3,68881.0,6692.319,8.73,29.085,10000.0
3,68882.0,9944.975,9.279,33.367,10000.0
3,68883.0,10017.284,15.738,9.269,10000.0
3,68884.0,10750.381,7.409,5.577,10000.0
3,68885.0,11321.869,7.294,4.667,10000.0
3,68886.0,7952.209,7.835,5.156,10000.0
3,68887.0,9918.530999999999,8.766,5.813,10000.0
3,68888.0,11132.727,6.155,3.122,10000.0
3,68889.0,8920.817,6.652,3.287,10000.0
3,68890.0,10780.256,6.537,3.835,10000.0
3,68891.0,9294.893,6.74,4.934,10000.0
3,68892.0,10047.077,6.329,2.792,10000.0
3,68893.0,9861.58,7.746,6.972,10000.0
3,68894.0,10093.681999999999,4.796,3.433,10000.0
3,68895.0,14787.251,9.439,4.738,10000.0
3,68896.0,5129.088000000001,6.866,2.808,10000.0
3,68897.0,10005.192,3.572,1.497,10000.0
3,68898.0,10359.128,11.346,6.176,10000.0
3,68899.0,9572.129,5.065,2.468,10000.0
3,68900.0,10124.439,4.257,1.451,10000.0
3,68901.0,9872.43,5.001,2.514,10000.0
3,68902.0,10028.069000000001,4.249,2.809,10000.0
3,68903.0,10366.528999999999,4.677,3.451,10000.0
3,68904.0,9814.285,4.265,1.513,10000.0
3,68905.0,10160.199,3.582,1.998,10000.0
3,68906.0,9644.763,6.026,2.049,10000.0
3,68907.0,10031.771,7.219,3.131,10000.0
3,68908.0,11386.413,7.331,5.183,10000.0
3,68909.0,8612.623,6.827,3.902,10000.0
3,68910.0,10139.439,4.803,3.348,10000.0
3,68911.0,9952.539,6.701,6.471,10000.0
3,68912.0,10030.478000000001,5.16,3.31,10000.0
3,68913.0,10245.983,5.845,3.932,10000.0
3,68914.0,9598.485,4.889,1631.173,10000.0
3,68915.0,9953.389,5.993,5.729,10000.0
3,68916.0,10005.083,4.069,4.089,10000.0
3,68917.0,10041.365,5.038,5.153,10000.0
3,68918.0,9997.817000000001,5.414,3.896,10000.0
3,68919.0,10054.242,7.781,5.444,10000.0
3,68920.0,9977.416,6.218,5.052,10000.0
3,68921.0,10238.021999999999,5.401,2.419,10000.0
3,68922.0,9881.845,27.838,9.124,10000.0
3,68923.0,10833.367,6.166,2.649,10000.0
3,68924.0,9280.725999999999,5.164,2.735,10000.0
3,68925.0,9971.846,30.558,3.146,10000.0
3,68926.0,10695.179,7.45,4.683,10000.0
3,68927.0,9554.767,8.024,7.081,10000.0
3,68928.0,10080.073,5.91,4.556,10000.0
3,68929.0,9457.501,6.514,8.74,10000.0
3,68930.0,11728.427,39.559,5.317,10000.0
3,68931.0,8851.308,38.236,15.644,10000.0
3,68932.0,9661.454,23.674,7.805,10000.0
3,68933.0,10933.181999999999,34.538,7.761,10000.0
3,68934.0,11092.289,8.261,4.877,10000.0
3,68935.0,7818.023999999999,8.476,4.383,10000.0
3,68936.0,10035.769999999999,8.452,4.602,10000.0
3,68937.0,9922.499,7.015,3.534,10000.0
3,68938.0,10152.148,70.922,3.264,10000.0
3,68939.0,11898.476999999999,4.385,1.767,10000.0
3,68940.0,7903.906000000001,5.795,4.343,10000.0
3,68941.0,10039.635999999999,8.694,13.171,10000.0
3,68942.0,11905.367,3.94,2.789,10000.0
3,68943.0,8053.843999999999,10.842,2.514,10000.0
3,68944.0,9990.28,5.226,3.203,10000.0
3,68945.0,10004.776,5.053,3.018,10000.0
3,68946.0,10025.706,7.49,3.233,10000.0
3,68947.0,9983.68,8.338,4.397,10000.0
3,68948.0,9907.753,4.215,1.594,10000.0
3,68949.0,10050.98,6.128,4.664,10000.0
3,68950.0,10044.786,5.272,3.648,10000.0
3,68951.0,9970.194,20.411,2.466,10000.0
3,68952.0,10001.217,6.132,3.578,10000.0
3,68953.0,10109.275,6.637,6.273,10000.0
3,68954.0,9999.684,5.438,2.944,10000.0
3,68955.0,12221.808,6.316,4.955,10000.0
3,68956.0,7709.358,8.274,4.234,10000.0
3,68957.0,10139.988000000001,7.296,48.519,10000.0
3,68958.0,9800.263,4.855,5.217,10000.0
3,68959.0,10081.682999999999,4.968,6.275,10000.0
3,68960.0,9954.792000000001,6.617,14.909,10000.0
3,68961.0,10683.801,15.721,6.368,10000.0
3,68962.0,9696.838,6.964,3.559,10000.0
3,68963.0,9698.976,5.034,4.251,10000.0
3,68964.0,9854.046999999999,5.511,2.613,10000.0
3,68965.0,10462.764,5.266,2.242,10000.0
3,68966.0,9598.622,3.735,2.352,10000.0
3,68967.0,10003.032000000001,5.71,5.875,10000.0
3,68968.0,10062.193000000001,5.879,3.006,10000.0
3,68969.0,9920.875,4.954,2.789,10000.0
3,68970.0,9975.527,7.53,5.043,10000.0
3,68971.0,10254.834,11.536,4.987,10000.0
3,68972.0,9948.087,5.571,3.295,10000.0
3,68973.0,11935.704,6.21,2.683,10000.0
3,68974.0,10290.627999999999,8.591,3.851,10000.0
3,68975.0,9632.927,6.121,3.445,10000.0
3,68976.0,8186.349000000001,8.246,11.179,10000.0
3,68977.0,9769.771999999999,5.672,4.264,10000.0
3,68978.0,10006.707,4.654,6.472,10000.0
3,68979.0,10014.408000000001,5.225,5.666,10000.0
3,68980.0,9960.72,4.459,35.358,10000.0
3,68981.0,10011.717,6.219,2.711,10000.0
3,68982.0,10013.691,6.932,3.015,10000.0
3,68983.0,10120.613000000001,6.593,3.96,10000.0
3,68984.0,9942.697,30.149,4.141,10000.0
3,68985.0,9946.679,5.63,2.359,10000.0
3,68986.0,9996.606,4.391,3.406,10000.0
3,68987.0,10053.932,5.916,3.588,10000.0
3,68988.0,9969.077,6.508,4.153,10000.0
3,68989.0,9953.898,4.062,2.19,10000.0
3,68990.0,10791.723,3.568,2.968,10000.0
3,68991.0,9426.152,37.874,16.957,10000.0
3,68992.0,10042.199999999999,30.4,3.79,10000.0
3,68993.0,9939.484999999999,59.176,3.94,10000.0
3,68994.0,9958.025000000001,22.217,23.205,10000.0
3,68995.0,11004.178,6.895,3.089,10000.0
3,68996.0,8879.378999999999,14.987,13.183,10000.0
3,68997.0,10006.137999999999,5.172,6.145,10000.0
3,68998.0,9955.446,4.079,84.747,10000.0
3,68999.0,10000.87,6.49,7.915,10000.0
3,69000.0,10038.908,7.694,1490.211,10000.0
3,69001.0,9983.182,6.575,4.551,10000.0
3,69002.0,9997.798,5.93,2.921,10000.0
3,69003.0,10249.421,15.78,3.682,10000.0
3,69004.0,9813.957999999999,10.044,5.404,10000.0
3,69005.0,10178.878,5.016,2.503,10000.0
3,69006.0,9760.637,5.362,5.522,10000.0
3,69007.0,9951.985,5.7,1.703,10000.0
3,69008.0,10002.458,4.281,8.013,10000.0
3,69009.0,10128.941,6.178,1.826,10000.0
3,69010.0,9911.935,7.618,10.932,10000.0
3,69011.0,9974.055,5.309,2.817,10000.0
3,69012.0,10038.349,5.753,3.264,10000.0
3,69013.0,9972.523000000001,6.868,4.692,10000.0
3,69014.0,10049.539999999999,9.383,4.935,10000.0
3,69015.0,10055.697,6.425,3.291,10000.0
3,69016.0,9903.929,6.245,3.382,10000.0
3,69017.0,10140.184,20.254,5.842,10000.0
3,69018.0,9873.198999999999,5.269,15.951,10000.0
3,69019.0,9994.278,6.527,3.063,10000.0
3,69020.0,10425.006000000001,5.874,3.359,10000.0
3,69021.0,9555.341,6.668,4.462,10000.0
3,69022.0,10063.013,4.058,1.542,10000.0
3,69023.0,9946.061000000002,3.712,4.092,10000.0
3,69024.0,10044.159,6.973,4.9,10000.0
3,69025.0,10422.081,4.642,4.491,10000.0
3,69026.0,9552.161,6.498,11.36,10000.0
3,69027.0,11086.511,6.109,3.145,10000.0
3,69028.0,8915.348,4.564,4.064,10000.0
3,69029.0,10174.016,50.231,4.046,10000.0
3,69030.0,10401.283000000001,18.061,6.738,10000.0
3,69031.0,9475.287,17.824,6.151,10000.0
3,69032.0,11943.954,6.394,3.07,10000.0
3,69033.0,8028.426,22.874,30.207,10000.0
3,69034.0,9969.274,10.799,3.826,10000.0
3,69035.0,10002.936,7.196,4.225,10000.0
3,69036.0,10133.332,6.87,21.926,10000.0
3,69037.0,10005.458,4.044,1.476,10000.0
3,69038.0,10985.834,7.481,4.049,10000.0
3,69039.0,8975.029,12.654,41.775,10000.0
3,69040.0,9925.258,6.207,7.924,10000.0
3,69041.0,9964.555,3.853,4.29,10000.0
3,69042.0,11257.508,6.341,4.544,10000.0
3,69043.0,8812.606,6.464,14.28,10000.0
3,69044.0,9953.385,13.491,6.373,10000.0
3,69045.0,11644.643999999998,5.476,17.414,10000.0
3,69046.0,8720.843,7.382,3.958,10000.0
3,69047.0,9619.432,5.535,3.518,10000.0
3,69048.0,10074.526,6.867,4.986,10000.0
3,69049.0,10043.748,5.946,2.565,10000.0
3,69050.0,10115.737,7.649,4.759,10000.0
3,69051.0,11132.113000000001,5.587,2.077,10000.0
3,69052.0,8789.906,42.931,15.714,10000.0
3,69053.0,10037.436,38.534,20.173,10000.0
3,69054.0,10155.037,91.835,5.333,10000.0
3,69055.0,11706.858,7.282,3.838,10000.0
3,69056.0,8299.827,6.456,1.878,10000.0
3,69057.0,10693.141,9.458,8.604,10000.0
3,69058.0,8946.521,8.444,2.316,10000.0
3,69059.0,10050.045,6.157,4.327,10000.0
3,69060.0,9960.834,4.918,3.181,10000.0
3,69061.0,9972.03,4.673,1.585,10000.0
3,69062.0,10082.292,4.377,2.594,10000.0
3,69063.0,9966.84,6.72,4.114,10000.0
3,69064.0,10003.356,7.73,4.486,10000.0
3,69065.0,10582.091999999999,40.43,3.272,10000.0
3,69066.0,9676.278999999999,42.319,3.955,10000.0
3,69067.0,10858.217999999999,6.064,3.524,10000.0
3,69068.0,9077.2,22.212,3.716,10000.0
3,69069.0,10034.185,6.955,4.43,10000.0
3,69070.0,9760.306999999999,5.564,2.452,10000.0
3,69071.0,10248.554,24.635,39.02,10000.0
3,69072.0,10893.346,4.359,2.517,10000.0
3,69073.0,8812.951,5.438,2.732,10000.0
3,69074.0,10035.069000000001,8.195,3.558,10000.0
3,69075.0,9972.258,5.393,3.515,10000.0
3,69076.0,10116.027,6.172,3.389,10000.0
3,69077.0,9990.951,5.004,3.549,10000.0
3,69078.0,9919.633,6.409,2.763,10000.0
3,69079.0,9974.065,4.081,2.984,10000.0
3,69080.0,10294.088,4.799,2.01,10000.0
3,69081.0,9723.204,5.395,2.832,10000.0
3,69082.0,10018.112,3.729,2.405,10000.0
3,69083.0,10046.925,4.385,1.997,10000.0
3,69084.0,10104.273000000001,5.631,5.184,10000.0
3,69085.0,10618.204,5.156,1.728,10000.0
3,69086.0,9318.45,9.983,19.827,10000.0
3,69087.0,10002.044,28.279,66.691,10000.0
3,69088.0,10111.455,19.265,5.064,10000.0
3,69089.0,9926.298999999999,20.462,4.481,10000.0
3,69090.0,10153.485999999999,5.906,6.116,10000.0
3,69091.0,9692.149000000001,4.2,3.802,10000.0
3,69092.0,10046.851,5.996,4.286,10000.0
3,69093.0,10006.357,16.606,3.723,10000.0
3,69094.0,10415.064999999999,7.674,7.698,10000.0
3,69095.0,9565.654999999999,15.24,4.57,10000.0
3,69096.0,10128.464,11.009,2.696,10000.0
3,69097.0,9880.119999999999,5.162,4.569,10000.0
3,69098.0,10374.48,26.337,4.275,10000.0
3,69099.0,9849.64,6.649,4.684,10000.0
3,69100.0,9980.011,39.083,3.721,10000.0
3,69101.0,10365.254,37.415,3.529,10000.0
3,69102.0,9389.306,5.484,3.414,10000.0
3,69103.0,10233.331,30.511,5.1,10000.0
3,69104.0,9763.592,6.774,4.323,10000.0
3,69105.0,9987.839,4.719,2.482,10000.0
3,69106.0,10205.441,5.506,5.333,10000.0
3,69107.0,9959.284,7.068,6.604,10000.0
3,69108.0,9854.328000000001,7.061,5.987,10000.0
3,69109.0,10223.635999999999,7.707,4.622,10000.0
3,69110.0,9940.288,10.339,5.322,10000.0
3,69111.0,9881.341999999999,4.115,38.731,10000.0
3,69112.0,9954.874000000002,6.089,2.847,10000.0
3,69113.0,12400.37,31.52,28.469,10000.0
3,69114.0,7733.25,5.584,4.036,10000.0
3,69115.0,9958.342,3.74,1.686,10000.0
3,69116.0,9916.473,5.06,27.583,10000.0
3,69117.0,10039.662,4.605,1.914,10000.0
3,69118.0,9998.094000000001,4.869,3.318,10000.0
3,69119.0,10005.566,7.546,4.937,10000.0
3,69120.0,10167.646,5.461,2.47,10000.0
3,69121.0,9777.414,5.418,5.803,10000.0
3,69122.0,10066.882,5.398,3.726,10000.0
3,69123.0,9942.425,5.614,4.997,10000.0
3,69124.0,9984.592,6.282,4.443,10000.0
3,69125.0,10007.855,3.365,2.018,10000.0
3,69126.0,10175.751,48.364,3.032,10000.0
3,69127.0,9854.188,5.06,4.057,10000.0
3,69128.0,10175.485999999999,111.018,4.434,10000.0
3,69129.0,10881.112,5.821,13.083,10000.0
3,69130.0,9171.692000000001,78.448,6.393,10000.0
3,69131.0,9856.96,32.433,4.233,10000.0
3,69132.0,10207.007000000001,26.762,14.209,10000.0
3,69133.0,9925.720000000001,50.414,6.344,10000.0
3,69134.0,10910.058,35.553,10.912,10000.0
3,69135.0,10023.29,6.201,3.76,10000.0
3,69136.0,8823.842,7.958,256.515,10000.0
3,69137.0,9986.179,6.74,3.067,10000.0
3,69138.0,10055.586,7.458,5.664,10000.0
3,69139.0,10049.357,5.013,3.247,10000.0
3,69140.0,9967.721000000001,7.427,4.748,10000.0
3,69141.0,11045.077000000001,6.201,3.955,10000.0
3,69142.0,10239.836000000001,7.374,4.297,10000.0
3,69143.0,8681.414,5.478,3.348,10000.0
3,69144.0,10078.155999999999,6.44,2.678,10000.0
3,69145.0,10596.659,3.373,3.963,10000.0
3,69146.0,9277.94,6.216,2.798,10000.0
3,69147.0,10119.869999999999,11.884,5.659,10000.0
3,69148.0,11026.921,5.547,3.646,10000.0
3,69149.0,45977.843,5.892,3.951,10000.0
3,69150.0,2938.233,6.217,3.162,10000.0
3,69151.0,10078.625,6.161,5.29,10000.0
3,69152.0,10318.162,4.803,4.51,10000.0
3,69153.0,9661.958,30.028,16.695,10000.0
3,69154.0,9877.936,5.42,2.419,10000.0
3,69155.0,11249.713,5.706,4.996,10000.0
3,69156.0,8764.989000000001,5.39,2.988,10000.0
3,69157.0,10135.716,4.985,3.082,10000.0
3,69158.0,10048.57,27.741,5.419,10000.0
3,69159.0,9819.957,6.469,2.799,10000.0
3,69160.0,10148.404,45.184,5.629,10000.0
3,69161.0,9888.203,7.545,4.735,10000.0
3,69162.0,9981.36,12.95,4.315,10000.0
3,69163.0,9946.742999999999,5.553,3.541,10000.0
3,69164.0,10111.473,7.643,5.479,10000.0
3,69165.0,9943.827000000001,6.033,10.973,10000.0
3,69166.0,9990.824,8.298,7.389,10000.0
3,69167.0,10372.827,4.492,3.166,10000.0
3,69168.0,9714.032,31.084,5.435,10000.0
3,69169.0,9850.764,5.5,3.83,10000.0
3,69170.0,10067.491,6.63,5.153,10000.0
3,69171.0,10219.148000000001,5.966,3.159,10000.0
3,69172.0,9768.967,9.458,3.007,10000.0
3,69173.0,9999.642,5.685,3.672,10000.0
3,69174.0,10185.589,7.371,5.998,10000.0
3,69175.0,10015.356,35.926,3.591,10000.0
3,69176.0,10616.819,41.422,3.334,10000.0
3,69177.0,9341.008,48.187,3.537,10000.0
3,69178.0,10068.017,44.837,21.974,10000.0
3,69179.0,9821.198,6.148,2.801,10000.0
3,69180.0,10012.826000000001,7.011,3.431,10000.0
3,69181.0,10107.181,15.106,56.79,10000.0
3,69182.0,10220.147,18.872,4.059,10000.0
3,69183.0,9651.261,5.682,3.086,10000.0
3,69184.0,9997.39,7.781,8.002,10000.0
3,69185.0,9895.277,6.304,3.129,10000.0
3,69186.0,10727.197,4.842,4.856,10000.0
3,69187.0,9381.367,6.269,3.187,10000.0
3,69188.0,9970.064,6.73,3.423,10000.0
3,69189.0,10062.823,3.938,1.873,10000.0
3,69190.0,9980.787,7.917,4.234,10000.0
3,69191.0,9925.614,5.444,3.844,10000.0
4,69192.0,10363.577000000001,4.519,1.641,10000.0
4,69193.0,9653.056999999999,5.785,4.041,10000.0
4,69194.0,10187.59,7.922,2.997,10000.0
4,69195.0,10876.572,4.791,1.099,10000.0
4,69196.0,8947.225,5.402,5.863,10000.0
4,69197.0,11718.863,7.678,3.994,10000.0
4,69198.0,10357.344,7.988,4.549,10000.0
4,69199.0,8064.2609999999995,5.528,2.574,10000.0
4,69200.0,11786.845000000001,9.165,5.139,10000.0
4,69201.0,8164.23,5.296,2.591,10000.0
4,69202.0,14197.453000000001,5.883,4.482,10000.0
4,69203.0,9393.752999999999,7.96,4.593,10000.0
4,69204.0,6447.717000000001,5.639,14.26,10000.0
4,69205.0,9872.353000000001,6.886,5.23,10000.0
4,69206.0,10117.277,7.774,2.865,10000.0
4,69207.0,10245.918,44.363,4.838,10000.0
4,69208.0,9808.454,18.817,35.305,10000.0
4,69209.0,10253.605000000001,16.523,16.873,10000.0
4,69210.0,9566.855000000001,8.171,8.219,10000.0
4,69211.0,10062.000999999998,5.359,5.257,10000.0
4,69212.0,9939.771999999999,9.024,5.444,10000.0
4,69213.0,9982.659,7.657,6.475,10000.0
4,69214.0,10019.098,7.375,6.815,10000.0
4,69215.0,10037.83,7.656,6.609,10000.0
4,69216.0,10038.665,6.275,4.079,10000.0
4,69217.0,10486.373,6.663,4.745,10000.0
4,69218.0,9562.096000000001,5.463,4.837,10000.0
4,69219.0,9874.231,5.718,2.877,10000.0
4,69220.0,10324.028,47.244,15.734,10000.0
4,69221.0,9651.748,6.384,30.807,10000.0
4,69222.0,10203.081,12.42,5.167,10000.0
4,69223.0,9841.663,5.489,2.918,10000.0
4,69224.0,9983.819,6.555,3.367,10000.0
4,69225.0,9985.501,5.744,3.689,10000.0
4,69226.0,9985.925,3.867,2.977,10000.0
4,69227.0,10252.937,6.458,3.386,10000.0
4,69228.0,10133.319,4.878,3.755,10000.0
4,69229.0,9635.278,854.531,3.575,10000.0
4,69230.0,10005.022,5.742,6.414,10000.0
4,69231.0,9996.527,5.788,2.519,10000.0
4,69232.0,9976.009,4.454,2.122,10000.0
4,69233.0,10019.881,4.722,2.825,10000.0
4,69234.0,10022.682999999999,5.644,4.044,10000.0
4,69235.0,10047.454000000002,5.329,2.246,10000.0
4,69236.0,10528.083,35.5,8.246,10000.0
4,69237.0,9445.306,5.798,3.129,10000.0
4,69238.0,9977.609,8.409,3.327,10000.0
4,69239.0,10131.596,6.463,3.486,10000.0
4,69240.0,14910.932,5.621,3.394,10000.0
4,69241.0,4939.43,6.39,3.027,10000.0
4,69242.0,9986.844,5.772,3.114,10000.0
4,69243.0,12259.234,8.743,7.768,10000.0
4,69244.0,7753.105,5.098,34.595,10000.0
4,69245.0,10006.096000000001,99.777,2.186,10000.0
4,69246.0,10009.986,6.099,4.337,10000.0
4,69247.0,10089.02,5.366,5.247,10000.0
4,69248.0,10149.514,18.867,4.234,10000.0
4,69249.0,9726.926,5.486,2.777,10000.0
4,69250.0,10002.694,6.174,2.541,10000.0
4,69251.0,10014.167,6.594,3.204,10000.0
4,69252.0,10152.857,8.553,3.888,10000.0
4,69253.0,10669.924,5.187,2.068,10000.0
4,69254.0,9259.251,12.602,26.608,10000.0
4,69255.0,10008.639,41.244,9.89,10000.0
4,69256.0,10063.132000000001,6.865,26.977,10000.0
4,69257.0,10068.249,7.017,10.445,10000.0
4,69258.0,9883.178,6.46,13.228,10000.0
4,69259.0,11121.67,23.715,10.975,10000.0
4,69260.0,8784.348,6.345,4.222,10000.0
4,69261.0,9994.19,6.006,3.881,10000.0
4,69262.0,10452.334,3.519,2.119,10000.0
4,69263.0,9574.112,6.996,3.619,10000.0
4,69264.0,9960.360999999999,6.115,2.937,10000.0
4,69265.0,9998.641000000001,6.088,2.182,10000.0
4,69266.0,10020.473,5.656,2.891,10000.0
4,69267.0,9988.988000000001,5.418,2.877,10000.0
4,69268.0,10021.264000000001,5.121,4.503,10000.0
4,69269.0,9978.762999999999,6.326,3.112,10000.0
4,69270.0,10011.186,5.893,6.382,10000.0
4,69271.0,10063.368,8.362,3.277,10000.0
4,69272.0,10065.395,7.36,2.87,10000.0
4,69273.0,10014.376,11.735,4.035,10000.0
4,69274.0,9850.861,8.738,9.185,10000.0
4,69275.0,10853.477,6.676,3.406,10000.0
4,69276.0,9129.087,5.519,3.313,10000.0
4,69277.0,10002.841999999999,5.244,12.056,10000.0
4,69278.0,9991.819000000001,4.826,3.157,10000.0
4,69279.0,10018.251,7.442,36.148,10000.0
4,69280.0,9992.197,5.196,4.233,10000.0
4,69281.0,10022.058,6.098,2.449,10000.0
4,69282.0,11178.261,4.817,2.874,10000.0
4,69283.0,8788.967999999999,4.876,3.625,10000.0
4,69284.0,10011.021,4.355,2.363,10000.0
4,69285.0,10079.876999999999,5.885,2.49,10000.0
4,69286.0,10201.692000000001,31.456,5.196,10000.0
4,69287.0,9953.287999999999,36.038,6.847,10000.0
4,69288.0,9866.655999999999,22.551,21.271,10000.0
4,69289.0,10340.511,46.525,15.791,10000.0
4,69290.0,9634.775,11.303,9.951,10000.0
4,69291.0,10065.77,28.614,5.26,10000.0
4,69292.0,10073.940999999999,7.251,4.475,10000.0
4,69293.0,9997.795,51.183,10.447,10000.0
4,69294.0,9851.003,7.742,5.412,10000.0
4,69295.0,10144.179999999998,6.145,3.247,10000.0
4,69296.0,9829.146,8.24,4.775,10000.0
4,69297.0,9944.687,5.353,2.951,10000.0
4,69298.0,10212.951,28.326,2.984,10000.0
4,69299.0,9939.534,5.389,2.415,10000.0
4,69300.0,9904.369999999999,6.298,3.384,10000.0
4,69301.0,9958.682,5.168,5.317,10000.0
4,69302.0,10002.957999999999,5.155,5.134,10000.0
4,69303.0,10018.165,5.446,3.876,10000.0
4,69304.0,9980.461,4.075,1.575,10000.0
4,69305.0,10149.732,7.018,6.845,10000.0
4,69306.0,10082.068,4.942,2.423,10000.0
4,69307.0,10976.893,35.943,3.044,10000.0
4,69308.0,9020.724,28.313,8.551,10000.0
4,69309.0,10041.708,43.092,4.349,10000.0
4,69310.0,9889.283000000001,16.691,17.794,10000.0
4,69311.0,9853.564,8.402,23.172,10000.0
4,69312.0,9976.554,4.176,3.917,10000.0
4,69313.0,9997.449,4.18,3.501,10000.0
4,69314.0,10066.087,4.972,3.011,10000.0
4,69315.0,9994.37,3.928,2.151,10000.0
4,69316.0,9962.246,6.011,3.978,10000.0
4,69317.0,10390.501999999999,4.23,2.036,10000.0
4,69318.0,9776.008,10.043,6.029,10000.0
4,69319.0,10018.676000000001,41.258,22.783,10000.0
4,69320.0,10006.832,37.76,4.86,10000.0
4,69321.0,9793.367,6.451,6.022,10000.0
4,69322.0,10289.255000000001,8.187,19.791,10000.0
4,69323.0,9945.426,12.694,4.933,10000.0
4,69324.0,9791.704,5.571,2.671,10000.0
4,69325.0,10190.648,7.729,3.595,10000.0
4,69326.0,9825.121,7.465,6.096,10000.0
4,69327.0,12532.943,3.622,3.606,10000.0
4,69328.0,7667.87,39.056,2.672,10000.0
4,69329.0,9764.388,5.204,3.467,10000.0
4,69330.0,10060.886999999999,6.242,4.39,10000.0
4,69331.0,10027.35,8.073,4.102,10000.0
4,69332.0,9910.231,5.082,2.568,10000.0
4,69333.0,9993.811,12.53,7.051,10000.0
4,69334.0,10683.127,7.774,6.015,10000.0
4,69335.0,9593.03,34.464,3.787,10000.0
4,69336.0,9883.977,7.137,17.288,10000.0
4,69337.0,9977.270999999999,7.513,3.212,10000.0
4,69338.0,9899.065999999999,51.134,25.632,10000.0
4,69339.0,12317.465999999999,26.87,4.21,10000.0
4,69340.0,7859.924000000001,3.759,3.68,10000.0
4,69341.0,9781.957,6.197,2.248,10000.0
4,69342.0,10126.736,3.66,3.136,10000.0
4,69343.0,9919.274000000001,6.944,6.15,10000.0
4,69344.0,9994.777999999998,11.434,9.799,10000.0
4,69345.0,9976.906,7.227,3.249,10000.0
4,69346.0,9978.892,5.93,2.667,10000.0
4,69347.0,10060.964,12.636,5.166,10000.0
4,69348.0,9975.734999999999,4.788,2.453,10000.0
4,69349.0,10137.811,5.566,3.137,10000.0
4,69350.0,9841.336,13.011,6.434,10000.0
4,69351.0,10288.784,36.588,13.513,10000.0
4,69352.0,9879.103000000001,11.554,45.605,10000.0
4,69353.0,9946.141,14.86,4.695,10000.0
4,69354.0,9892.503,9.344,5.767,10000.0
4,69355.0,10310.704,5.484,3.15,10000.0
4,69356.0,9676.769999999999,6.419,4.295,10000.0
4,69357.0,9985.283,5.54,2.94,10000.0
4,69358.0,10068.016000000001,5.405,3.292,10000.0
4,69359.0,10140.273,5.781,3.513,10000.0
4,69360.0,9780.636,4.474,1.472,10000.0
4,69361.0,10233.56,4.818,4.727,10000.0
4,69362.0,9809.894,3.201,1.623,10000.0
4,69363.0,9967.894,6.658,3.078,10000.0
4,69364.0,10016.904999999999,5.302,3.125,10000.0
4,69365.0,10066.491,7.668,4.481,10000.0
4,69366.0,9976.317000000001,5.511,3.21,10000.0
4,69367.0,9960.79,4.815,3.128,10000.0
4,69368.0,11345.346,34.595,17.948,10000.0
4,69369.0,8677.689,6.658,4.014,10000.0
4,69370.0,10088.583999999999,4.718,9.214,10000.0
4,69371.0,11503.115,7.11,3.56,10000.0
4,69372.0,8376.121000000001,9.133,6.899,10000.0
4,69373.0,10093.602,14.986,4.195,10000.0
4,69374.0,9966.301,11.188,8.179,10000.0
4,69375.0,9919.423999999999,4.033,1.859,10000.0
4,69376.0,10642.009,5.407,2.78,10000.0
4,69377.0,9376.973,6.323,4.14,10000.0
4,69378.0,10037.746000000001,5.476,10.539,10000.0
4,69379.0,9968.662,4.891,3.268,10000.0
4,69380.0,10020.74,4.377,3.83,10000.0
4,69381.0,11114.108,5.352,2.728,10000.0
4,69382.0,9548.546999999999,5.186,2.924,10000.0
4,69383.0,9339.041,9.07,2.019,10000.0
4,69384.0,10016.974,7.477,6.002,10000.0
4,69385.0,10003.816,6.356,4.458,10000.0
4,69386.0,10005.488,5.424,2.979,10000.0
4,69387.0,12130.067,8.765,4.554,10000.0
4,69388.0,8077.314,38.145,5.236,10000.0
4,69389.0,9974.703,43.431,3.135,10000.0
4,69390.0,10135.58,19.28,14.141,10000.0
4,69391.0,9812.105,14.531,18.585,10000.0
4,69392.0,9865.714,7.808,3.158,10000.0
4,69393.0,9972.105,9.972,7.54,10000.0
4,69394.0,9983.786,7.314,5.31,10000.0
4,69395.0,10638.5,16.145,12.62,10000.0
4,69396.0,9675.876,8.94,6.535,10000.0
4,69397.0,9669.283000000001,5.242,3.846,10000.0
4,69398.0,10263.062,6.439,2.856,10000.0
4,69399.0,9726.211,4.313,2.909,10000.0
4,69400.0,10074.65,5.444,2.893,10000.0
4,69401.0,9980.826,5.979,2.686,10000.0
4,69402.0,10002.357,5.117,2.225,10000.0
4,69403.0,11112.052000000001,5.295,2.484,10000.0
4,69404.0,8944.794,7.434,3.313,10000.0
4,69405.0,9981.791000000001,7.761,4.678,10000.0
4,69406.0,10093.707,7.352,4.079,10000.0
4,69407.0,10054.099,5.006,2.195,10000.0
4,69408.0,9972.732999999998,4.199,2.233,10000.0
4,69409.0,9841.421,6.077,3.759,10000.0
4,69410.0,10148.297,11.608,5.683,10000.0
4,69411.0,9842.891,7.599,2.285,10000.0
4,69412.0,11169.91,5.764,3.058,10000.0
4,69413.0,8940.76,31.177,17.815,10000.0
4,69414.0,10185.161,49.447,4.759,10000.0
4,69415.0,9911.460000000001,32.951,4.885,10000.0
4,69416.0,10296.985999999999,34.845,2.654,10000.0
4,69417.0,9789.464,32.252,13.354,10000.0
4,69418.0,10252.284,7.359,3.88,10000.0
4,69419.0,9445.03,7.706,4.574,10000.0
4,69420.0,10039.104,8.292,13.353,10000.0
4,69421.0,10144.303,6.87,4.17,10000.0
4,69422.0,9817.021,5.721,2.519,10000.0
4,69423.0,10165.956,101.959,19.781,10000.0
4,69424.0,9899.867999999999,202.067,10.463,10000.0
4,69425.0,9949.17,8.155,5.709,10000.0
4,69426.0,9971.222,5.127,2.886,10000.0
4,69427.0,10023.362,6.362,5.024,10000.0
4,69428.0,9951.526,5.566,2.267,10000.0
4,69429.0,9995.199999999999,4.754,2.67,10000.0
4,69430.0,10024.164999999999,14.406,4.76,10000.0
4,69431.0,10033.172,6.753,3.329,10000.0
4,69432.0,11087.084,6.62,5.818,10000.0
4,69433.0,8963.722,5.222,2.041,10000.0
4,69434.0,10030.14,7.395,3.507,10000.0
4,69435.0,10051.311,16.536,11.431,10000.0
4,69436.0,9868.936,7.71,5.217,10000.0
4,69437.0,10007.725,5.364,2.512,10000.0
4,69438.0,10227.297,32.083,11.287,10000.0
4,69439.0,9765.876999999999,5.008,3.528,10000.0
4,69440.0,10148.175000000001,20.576,2.19,10000.0
4,69441.0,9839.684,8.235,3.997,10000.0
4,69442.0,10104.773,9.199,3.55,10000.0
4,69443.0,10010.205,10.146,8.872,10000.0
4,69444.0,9898.781,7.345,4.065,10000.0
4,69445.0,9948.59,5.053,4.821,10000.0
4,69446.0,10088.236,8.095,5.254,10000.0
4,69447.0,11050.229,7.139,4.796,10000.0
4,69448.0,8977.871000000001,8.364,5.506,10000.0
4,69449.0,9915.136999999999,7.796,6.486,10000.0
4,69450.0,10006.895,7.523,5.337,10000.0
4,69451.0,9985.014000000001,5.78,4.566,10000.0
4,69452.0,10070.917000000001,6.021,1.768,10000.0
4,69453.0,9929.246,5.716,2.744,10000.0
4,69454.0,9986.244,6.423,2.42,10000.0
4,69455.0,10223.978,34.046,4.331,10000.0
4,69456.0,9921.58,7.933,5.557,10000.0
4,69457.0,9827.339,5.643,4.679,10000.0
4,69458.0,10052.809,7.811,5.978,10000.0
4,69459.0,10193.506,7.819,3.716,10000.0
4,69460.0,9797.223,7.56,3.433,10000.0
4,69461.0,10072.937,4.012,2.176,10000.0
4,69462.0,10073.419,9.804,12.995,10000.0
4,69463.0,9923.623,5.599,4.484,10000.0
4,69464.0,10268.346,5.453,2.595,10000.0
4,69465.0,9671.445000000002,4.399,6.209,10000.0
4,69466.0,10188.855,17.173,4.654,10000.0
4,69467.0,9931.791000000001,9.615,31.325,10000.0
4,69468.0,9925.252,3.971,6.163,10000.0
4,69469.0,10191.418000000001,8.103,7.278,10000.0
4,69470.0,10111.585,35.2,4.836,10000.0
4,69471.0,9698.270999999999,68.299,3.785,10000.0
4,69472.0,9935.612,6.986,5.302,10000.0
4,69473.0,10105.505000000001,8.065,7.534,10000.0
4,69474.0,9960.588,7.679,5.112,10000.0
4,69475.0,10084.168,8.166,6.481,10000.0
4,69476.0,10115.802,20.018,5.535,10000.0
4,69477.0,9780.752,8.282,6.139,10000.0
4,69478.0,9949.761,6.05,10.327,10000.0
4,69479.0,10208.445,7.53,7.066,10000.0
4,69480.0,9802.030999999999,6.331,4.483,10000.0
4,69481.0,10020.721,5.697,2.282,10000.0
4,69482.0,10888.333999999999,7.677,4.063,10000.0
4,69483.0,10157.621000000001,5.502,3.06,10000.0
4,69484.0,9416.401,7.661,4.295,10000.0
4,69485.0,10627.768,4.519,4.472,10000.0
4,69486.0,9188.694000000001,18.797,5.567,10000.0
4,69487.0,9678.444,5.378,28.094,10000.0
4,69488.0,10429.334,35.578,6.927,10000.0
4,69489.0,9768.192000000001,15.933,5.491,10000.0
4,69490.0,9871.069,7.176,7.282,10000.0
4,69491.0,10083.981,6.474,5.84,10000.0
4,69492.0,10260.617,7.744,3.944,10000.0
4,69493.0,9792.701,18.262,37.075,10000.0
4,69494.0,9866.388,32.547,2.341,10000.0
4,69495.0,9951.109,3.148,1.738,10000.0
4,69496.0,10514.024,8.101,4.097,10000.0
4,69497.0,9596.274,5.95,4.111,10000.0
4,69498.0,9901.26,4.972,3.115,10000.0
4,69499.0,10192.64,12.858,5.418,10000.0
4,69500.0,9802.05,7.325,2.982,10000.0
4,69501.0,10069.039999999999,7.411,7.494,10000.0
4,69502.0,10097.473,7.074,4.804,10000.0
4,69503.0,9991.207,5.872,3.304,10000.0
4,69504.0,10009.533,41.662,5.097,10000.0
4,69505.0,9972.087,4.382,4.02,10000.0
4,69506.0,9806.043,5.542,4.246,10000.0
4,69507.0,10062.886999999999,5.687,3.382,10000.0
4,69508.0,9974.168,5.607,3.023,10000.0
4,69509.0,10019.432,6.656,4.21,10000.0
4,69510.0,10011.921999999999,26.751,5.466,10000.0
4,69511.0,9988.267,5.472,3.976,10000.0
4,69512.0,12084.536,4.691,2.778,10000.0
4,69513.0,8134.9349999999995,4.867,3.877,10000.0
4,69514.0,9762.473,4.487,3.99,10000.0
4,69515.0,11114.496,5.915,3.678,10000.0
4,69516.0,8892.206999999999,9.134,5.288,10000.0
4,69517.0,10024.39,5.919,17.843,10000.0
4,69518.0,9983.974,4.864,2.182,10000.0
4,69519.0,9989.195,3.973,4.357,10000.0
4,69520.0,9994.8,4.793,3.489,10000.0
4,69521.0,10016.44,5.172,4.038,10000.0
4,69522.0,11290.336,17.36,2.389,10000.0
4,69523.0,8847.265,38.151,5.874,10000.0
4,69524.0,9854.458,5.227,4.166,10000.0
4,69525.0,10117.147,20.484,3.366,10000.0
4,69526.0,10752.108,36.056,4.333,10000.0
4,69527.0,9539.259,5.445,2.685,10000.0
4,69528.0,9863.318,37.269,5.722,10000.0
4,69529.0,9825.043,17.115,4.863,10000.0
4,69530.0,10549.813999999998,39.886,2.963,10000.0
4,69531.0,9583.414,15.236,6.132,10000.0
4,69532.0,9882.762,6.46,3.179,10000.0
4,69533.0,9896.676,5.271,1.637,10000.0
4,69534.0,9973.613,4.693,1.874,10000.0
4,69535.0,9993.818,4.377,2.708,10000.0
4,69536.0,10117.006,7.817,5.268,10000.0
4,69537.0,9959.315999999999,5.831,3.726,10000.0
4,69538.0,9952.973,5.974,4.286,10000.0
4,69539.0,10075.214,4.334,18.979,10000.0
4,69540.0,9905.225999999999,4.702,2.497,10000.0
4,69541.0,11128.636,6.528,2.989,10000.0
4,69542.0,8868.055999999999,4.387,1.858,10000.0
4,69543.0,10097.386999999999,7.152,4.639,10000.0
4,69544.0,10585.423999999999,22.06,3.471,10000.0
4,69545.0,9326.275,5.285,2.929,10000.0
4,69546.0,10000.904999999999,4.916,5.009,10000.0
4,69547.0,10192.886,4.691,2.455,10000.0
4,69548.0,9824.741,4.732,3.763,10000.0
4,69549.0,10135.404,5.817,4.645,10000.0
4,69550.0,9918.461,7.154,6.815,10000.0
4,69551.0,10265.448999999999,6.096,4.177,10000.0
4,69552.0,9826.147,6.989,2.567,10000.0
4,69553.0,9971.496,31.122,3.552,10000.0
4,69554.0,10549.216,7.199,4.479,10000.0
4,69555.0,9534.713,32.696,2.467,10000.0
4,69556.0,10013.113000000001,44.094,2.713,10000.0
4,69557.0,11876.662,6.263,2.283,10000.0
4,69558.0,7899.1900000000005,4.196,8.59,10000.0
4,69559.0,9986.445,3.322,3.056,10000.0
4,69560.0,10012.443,4.864,3.688,10000.0
4,69561.0,10046.380000000001,19.425,4.465,10000.0
4,69562.0,10009.547,5.641,2.72,10000.0
4,69563.0,9960.159,8.5,5.075,10000.0
4,69564.0,10023.577000000001,7.411,5.41,10000.0
4,69565.0,9966.308,6.35,5.21,10000.0
4,69566.0,10043.065999999999,5.161,2.357,10000.0
4,69567.0,9935.627,3.866,2.969,10000.0
4,69568.0,10015.242,4.831,5.284,10000.0
4,69569.0,9975.589,3.595,3.985,10000.0
4,69570.0,10284.958,6.104,7.718,10000.0
4,69571.0,9758.978,4.662,3.83,10000.0
4,69572.0,9965.798999999999,5.022,2.335,10000.0
4,69573.0,9997.100999999999,4.157,6.549,10000.0
4,69574.0,10029.264,6.067,3.622,10000.0
4,69575.0,10009.704,3.792,3.381,10000.0
4,69576.0,10171.381,5.578,3.391,10000.0
4,69577.0,10024.454,8.383,2.962,10000.0
4,69578.0,9774.201,4.451,4.02,10000.0
4,69579.0,10811.128999999999,10.892,5.679,10000.0
4,69580.0,9196.411999999998,3.774,4.701,10000.0
4,69581.0,9993.934,5.192,3.194,10000.0
4,69582.0,9999.132000000001,125.668,2.612,10000.0
4,69583.0,10139.598,5.272,3.419,10000.0
4,69584.0,9897.819,4.766,3.302,10000.0
4,69585.0,9979.576000000001,5.714,2.55,10000.0
4,69586.0,10005.716,4.719,3.407,10000.0
4,69587.0,9957.753,4.547,1.847,10000.0
4,69588.0,10032.014000000001,5.212,3.643,10000.0
4,69589.0,10073.543000000001,8.719,2.068,10000.0
4,69590.0,10029.872000000001,5.199,4.028,10000.0
4,69591.0,10919.355,5.89,3.477,10000.0
4,69592.0,9117.864,4.015,1.522,10000.0
4,69593.0,9958.587,5.944,2.995,10000.0
4,69594.0,9928.987000000001,21.196,3.173,10000.0
4,69595.0,10134.507,6.549,5.385,10000.0
4,69596.0,10461.128999999999,58.268,27.704,10000.0
4,69597.0,9684.96,37.323,20.185,10000.0
4,69598.0,9692.817,5.752,2.956,10000.0
4,69599.0,9999.517,10.76,3.321,10000.0
4,69600.0,10333.112000000001,8.233,5.3,10000.0
4,69601.0,9787.911999999998,4.023,2.488,10000.0
4,69602.0,9989.41,6.376,3.74,10000.0
4,69603.0,9941.317,58.547,4.633,10000.0
4,69604.0,9959.613000000001,9.063,12.651,10000.0
4,69605.0,10042.762,7.824,7.719,10000.0
4,69606.0,10151.526,7.496,4.614,10000.0
4,69607.0,9856.883,8.492,5.402,10000.0
4,69608.0,9937.686,9.529,5.644,10000.0
4,69609.0,10156.161,37.287,3.491,10000.0
4,69610.0,10085.716,8.216,5.807,10000.0
4,69611.0,9749.129,4.805,2.9,10000.0
4,69612.0,10316.782,3.72,1.547,10000.0
4,69613.0,9747.827000000001,3.888,2.415,10000.0
4,69614.0,10338.988000000001,27.252,45.868,10000.0
4,69615.0,9589.808,7.14,5.975,10000.0
4,69616.0,10025.463,33.418,3.796,10000.0
4,69617.0,10094.92,9.583,2.926,10000.0
4,69618.0,9957.476999999999,8.338,4.892,10000.0
4,69619.0,10072.708999999999,12.771,4.829,10000.0
4,69620.0,10000.981000000002,13.658,7.317,10000.0
4,69621.0,9907.81,11.077,6.706,10000.0
4,69622.0,9968.180999999999,4.006,1.443,10000.0
4,69623.0,10132.434,4.783,5.425,10000.0
4,69624.0,9893.505000000001,6.019,3.303,10000.0
4,69625.0,9941.627999999999,5.008,2.967,10000.0
4,69626.0,10276.693,8.077,2.992,10000.0
4,69627.0,9929.639000000001,37.323,3.448,10000.0
4,69628.0,9977.164,8.007,4.346,10000.0
4,69629.0,11254.673999999999,428.227,3.174,10000.0
4,69630.0,8632.462000000001,46.353,46.109,10000.0
4,69631.0,10208.79,7.908,4.202,10000.0
4,69632.0,9800.414,66.191,5.788,10000.0
4,69633.0,10004.913,7.503,3.71,10000.0
4,69634.0,10127.401,12.32,5.397,10000.0
4,69635.0,10027.553,6.354,2.713,10000.0
4,69636.0,9768.623000000001,4.692,2.441,10000.0
4,69637.0,10129.296,7.489,2.604,10000.0
4,69638.0,9912.775,6.287,9.298,10000.0
4,69639.0,9945.182999999999,4.397,2.958,10000.0
4,69640.0,10004.464,4.686,2.845,10000.0
4,69641.0,9990.921999999999,4.226,2.334,10000.0
4,69642.0,10095.974,3.872,2.427,10000.0
4,69643.0,10010.505,5.603,1.67,10000.0
4,69644.0,9973.396,8.3,4.584,10000.0
4,69645.0,10050.122,7.576,4.083,10000.0
4,69646.0,9930.869,6.094,11.977,10000.0
4,69647.0,10003.644,7.526,4.485,10000.0
4,69648.0,9980.057999999999,7.082,5.463,10000.0
4,69649.0,10254.953000000001,40.462,3.461,10000.0
4,69650.0,10376.362000000001,5.875,3.213,10000.0
4,69651.0,9365.359,6.867,7.399,10000.0
4,69652.0,10326.939,8.018,5.85,10000.0
4,69653.0,9832.672,9.066,5.38,10000.0
4,69654.0,9866.211,5.161,4.329,10000.0
4,69655.0,9987.648,10.656,5.122,10000.0
4,69656.0,10455.611,7.865,4.802,10000.0
4,69657.0,9501.509,6.35,2.816,10000.0
4,69658.0,10048.318000000001,6.671,6.752,10000.0
4,69659.0,10470.594,6.268,3.128,10000.0
4,69660.0,9607.156,7.546,17.109,10000.0
4,69661.0,10258.308,3.881,2.12,10000.0
4,69662.0,10378.599,7.724,5.821,10000.0
4,69663.0,10006.169,5.686,7.886,10000.0
4,69664.0,9332.077,8.188,3.266,10000.0
4,69665.0,9901.641,5.893,3.512,10000.0
4,69666.0,10195.413,6.979,5.664,10000.0
4,69667.0,10667.322999999999,5.679,3.346,10000.0
4,69668.0,9262.435,6.131,4.463,10000.0
4,69669.0,10577.970000000001,10.09,13.919,10000.0
4,69670.0,9712.514000000001,5.437,4.215,10000.0
4,69671.0,10698.204,8.925,5.981,10000.0
4,69672.0,9250.144,7.983,4.471,10000.0
4,69673.0,9669.715,7.053,2.378,10000.0
4,69674.0,10039.12,9.311,10.585,10000.0
4,69675.0,10064.963,5.944,3.325,10000.0
4,69676.0,10213.171,17.515,9.062,10000.0
4,69677.0,9889.669,7.951,5.134,10000.0
4,69678.0,9742.568,4.131,2.28,10000.0
4,69679.0,10515.257,8.984,5.084,10000.0
4,69680.0,9668.698999999999,7.669,4.837,10000.0
4,69681.0,9904.09,38.161,3.788,10000.0
4,69682.0,10978.857,6.145,2.911,10000.0
4,69683.0,8971.82,5.971,3.779,10000.0
4,69684.0,10187.452,10.471,7.12,10000.0
4,69685.0,9809.421,8.108,6.411,10000.0
4,69686.0,10861.428,9.706,9.314,10000.0
4,69687.0,9851.557,191.811,2.438,10000.0
4,69688.0,9448.845000000001,5.556,3.166,10000.0
4,69689.0,10082.12,11.135,9.616,10000.0
4,69690.0,9933.486,30.023,5.276,10000.0
4,69691.0,10204.486,20.397,7.944,10000.0
4,69692.0,9783.549,7.81,6.29,10000.0
4,69693.0,9840.454,8.222,4.939,10000.0
4,69694.0,10148.631,33.05,4.131,10000.0
4,69695.0,10768.594,6.548,3.187,10000.0
4,69696.0,9206.880000000001,8.429,3.335,10000.0
4,69697.0,10069.572,6.646,4.488,10000.0
4,69698.0,9784.731,7.43,4.092,10000.0
4,69699.0,10125.311,7.009,4.194,10000.0
4,69700.0,10942.815999999999,5.921,3.036,10000.0
4,69701.0,8939.301,5.629,2.826,10000.0
4,69702.0,12123.103,12.93,4.764,10000.0
4,69703.0,7981.9980000000005,7.326,4.59,10000.0
4,69704.0,10123.940999999999,6.914,3.756,10000.0
4,69705.0,9772.902,109.285,3.877,10000.0
4,69706.0,9988.932,12.071,3.05,10000.0
4,69707.0,10040.554,6.699,4.358,10000.0
4,69708.0,9966.589,85.969,3.004,10000.0
4,69709.0,9991.289999999999,5.842,2.835,10000.0
4,69710.0,10571.894,37.938,19.474,10000.0
4,69711.0,9471.847,6.621,3.016,10000.0
4,69712.0,10203.93,18.403,4.555,10000.0
4,69713.0,9778.231,6.507,44.488,10000.0
4,69714.0,10155.553,7.56,4.969,10000.0
4,69715.0,9874.107,7.824,7.507,10000.0
4,69716.0,10504.440999999999,7.888,3.862,10000.0
4,69717.0,9414.43,7.249,6.395,10000.0
4,69718.0,10050.553,5.018,4.161,10000.0
4,69719.0,10067.603,8.855,4.207,10000.0
4,69720.0,9912.93,4.072,1.441,10000.0
4,69721.0,10844.308,12.226,7.027,10000.0
4,69722.0,9564.73,23.727,4.293,10000.0
4,69723.0,11558.690999999999,5.801,4.239,10000.0
4,69724.0,8196.734,12.826,6.67,10000.0
4,69725.0,10014.108,5.042,1.941,10000.0
4,69726.0,9840.285,7.81,11.327,10000.0
4,69727.0,11153.359999999999,7.533,4.834,10000.0
4,69728.0,9056.636999999999,6.751,3.211,10000.0
4,69729.0,9841.322,4.729,2.773,10000.0
4,69730.0,9898.473,4.749,2.41,10000.0
4,69731.0,10051.728,4.579,1.949,10000.0
4,69732.0,9996.19,3.352,3.024,10000.0
4,69733.0,9916.291000000001,4.811,1.963,10000.0
4,69734.0,10123.583,5.91,3.062,10000.0
4,69735.0,9991.345000000001,5.049,2.322,10000.0
4,69736.0,10238.121,9.585,3.893,10000.0
4,69737.0,9826.086,5.995,3.034,10000.0
4,69738.0,9857.74,3.785,4.347,10000.0
4,69739.0,11142.047,5.838,2.929,10000.0
4,69740.0,9166.663999999999,40.296,5.088,10000.0
4,69741.0,9731.51,5.281,2.653,10000.0
4,69742.0,10499.404,37.473,3.385,10000.0
4,69743.0,9615.579000000002,10.61,41.779,10000.0
4,69744.0,10026.699999999999,5.368,1.908,10000.0
4,69745.0,10115.46,6.48,18.546,10000.0
4,69746.0,9748.482,8.137,16.114,10000.0
4,69747.0,10006.551000000001,12.174,4.099,10000.0
4,69748.0,9944.804,5.592,4.388,10000.0
4,69749.0,11184.891000000001,6.809,4.852,10000.0
4,69750.0,9155.353,4.512,4.115,10000.0
4,69751.0,9701.948,6.351,3.269,10000.0
4,69752.0,12070.269,5.532,2.363,10000.0
4,69753.0,8024.7919999999995,6.495,2.84,10000.0
4,69754.0,9894.488,4.258,5.149,10000.0
4,69755.0,10040.99,7.518,7.305,10000.0
4,69756.0,9977.062,5.463,4.1,10000.0
4,69757.0,9983.152,3.37,1.745,10000.0
4,69758.0,10014.057999999999,5.588,5.377,10000.0
4,69759.0,9984.649,5.166,4.093,10000.0
4,69760.0,10002.472,4.069,4.171,10000.0
4,69761.0,10004.249,5.197,3.813,10000.0
4,69762.0,9995.333,3.685,3.289,10000.0
4,69763.0,10319.728000000001,35.202,4.143,10000.0
4,69764.0,9682.978000000001,7.658,5.592,10000.0
4,69765.0,10196.083,38.29,14.241,10000.0
4,69766.0,10048.017,39.495,5.345,10000.0
4,69767.0,9909.044,31.673,3.554,10000.0
4,69768.0,9925.028,6.189,26.875,10000.0
4,69769.0,10023.864,7.957,6.106,10000.0
4,69770.0,9980.378999999999,4.292,24.283,10000.0
4,69771.0,9945.165,12.426,8.015,10000.0
4,69772.0,10469.269,7.981,8.289,10000.0
4,69773.0,9681.508,13.032,12.526,10000.0
4,69774.0,9818.482,5.865,5.467,10000.0
4,69775.0,10135.629,8.503,5.489,10000.0
4,69776.0,9871.556,3.93,3.047,10000.0
4,69777.0,10006.305,5.282,2.928,10000.0
4,69778.0,10862.543,8.67,5.605,10000.0
4,69779.0,9124.767,48.338,2.872,10000.0
4,69780.0,10204.145,4.005,1.75,10000.0
4,69781.0,9897.153,6.322,4.494,10000.0
4,69782.0,10322.015000000001,5.145,1.595,10000.0
4,69783.0,9572.413999999999,5.062,2.875,10000.0
4,69784.0,9989.741,5.257,2.944,10000.0
4,69785.0,9965.863,4.451,2.774,10000.0
4,69786.0,10030.570000000002,6.305,3.549,10000.0
4,69787.0,10151.297,5.407,3.585,10000.0
4,69788.0,9857.408,6.146,3.098,10000.0
4,69789.0,10068.861,4.445,3.364,10000.0
4,69790.0,9979.279,7.235,3.645,10000.0
4,69791.0,10209.12,43.806,5.455,10000.0
4,69792.0,10113.555999999999,6.491,3.811,10000.0
4,69793.0,9834.476999999999,84.478,4.853,10000.0
4,69794.0,9814.708,6.348,3.564,10000.0
4,69795.0,10795.586,28.578,8.113,10000.0
4,69796.0,9248.037,5.32,23.126,10000.0
4,69797.0,11179.674,24.835,3.971,10000.0
4,69798.0,8849.923,4.285,1.986,10000.0
4,69799.0,10709.949,39.396,2.9,10000.0
4,69800.0,9621.294,39.828,3.446,10000.0
4,69801.0,9727.197999999999,28.563,12.889,10000.0
4,69802.0,11589.526,5.801,2.449,10000.0
4,69803.0,8309.613000000001,16.436,6.877,10000.0
4,69804.0,10060.0,4.805,2.169,10000.0
4,69805.0,9965.121000000001,27.141,22.264,10000.0
4,69806.0,9938.835,6.799,7.348,10000.0
4,69807.0,10085.278,5.424,1.88,10000.0
4,69808.0,9921.465,10.142,5.942,10000.0
4,69809.0,10148.052,19.815,4.898,10000.0
4,69810.0,9958.587,4.372,2.938,10000.0
4,69811.0,9932.224999999999,8.127,5.418,10000.0
4,69812.0,10043.108,10.237,3.34,10000.0
4,69813.0,10073.669,8.153,3.368,10000.0
4,69814.0,9923.542000000001,8.467,4.585,10000.0
4,69815.0,10004.372,4.846,2.108,10000.0
4,69816.0,9912.011999999999,6.663,5.638,10000.0
4,69817.0,10008.675,5.957,3.555,10000.0
4,69818.0,10113.133,26.651,4.191,10000.0
4,69819.0,10002.31,9.364,4.89,10000.0
4,69820.0,10384.839,5.034,2.497,10000.0
4,69821.0,9859.053,12.944,7.595,10000.0
4,69822.0,9698.233,50.919,4.107,10000.0
4,69823.0,10054.476999999999,9.233,4.131,10000.0
4,69824.0,9876.018,7.279,4.192,10000.0
4,69825.0,10204.375,5.603,3.496,10000.0
4,69826.0,9783.751,5.435,1.971,10000.0
4,69827.0,10082.03,16.052,3.742,10000.0
4,69828.0,10118.528,13.681,5.844,10000.0
4,69829.0,9900.557,7.119,2.864,10000.0
4,69830.0,9915.42,5.527,1.35,10000.0
4,69831.0,10024.597,12.495,3.431,10000.0
4,69832.0,11528.873,5.834,2.578,10000.0
4,69833.0,8573.319,5.796,3.464,10000.0
4,69834.0,9862.47,5.01,3.291,10000.0
4,69835.0,10088.636999999999,5.017,3.303,10000.0
4,69836.0,9903.765,5.425,4.948,10000.0
4,69837.0,10004.218,6.068,2.653,10000.0
4,69838.0,10019.677,4.878,2.825,10000.0
4,69839.0,10575.895999999999,4.936,1.941,10000.0
4,69840.0,9579.137999999999,6.731,3.545,10000.0
4,69841.0,10117.043,5.007,1.964,10000.0
4,69842.0,10762.392000000002,5.736,4.064,10000.0
4,69843.0,9363.902,6.404,2.415,10000.0
4,69844.0,9687.034000000001,6.411,4.815,10000.0
4,69845.0,10169.266,36.344,5.266,10000.0
4,69846.0,9758.786,15.696,10.199,10000.0
4,69847.0,11377.671,6.055,3.887,10000.0
4,69848.0,8724.177,10.747,3.293,10000.0
4,69849.0,9871.573,6.601,4.004,10000.0
4,69850.0,10011.257000000001,6.227,3.414,10000.0
4,69851.0,10410.847000000002,7.498,3.842,10000.0
4,69852.0,9757.121000000001,8.49,3.986,10000.0
4,69853.0,9814.125,5.279,8.804,10000.0
4,69854.0,10013.384,5.756,4.072,10000.0
4,69855.0,10156.145999999999,6.54,2.831,10000.0
4,69856.0,9829.637999999999,22.319,8.754,10000.0
4,69857.0,9993.234,4.959,3.208,10000.0
4,69858.0,10090.735,6.223,4.243,10000.0
4,69859.0,9989.731,6.522,3.215,10000.0
4,69860.0,10005.929,6.03,5.061,10000.0
4,69861.0,10004.646,38.328,11.672,10000.0
4,69862.0,9981.379,5.988,2.53,10000.0
4,69863.0,9949.414,6.38,3.905,10000.0
4,69864.0,10439.191,5.204,3.27,10000.0
4,69865.0,9571.922,7.824,5.607,10000.0
4,69866.0,10008.838000000002,7.237,3.515,10000.0
4,69867.0,11557.171,3.857,1.768,10000.0
4,69868.0,8416.166,6.871,5.282,10000.0
4,69869.0,10132.213,8.747,8.307,10000.0
4,69870.0,9850.755,4.285,2.948,10000.0
4,69871.0,10409.982,6.635,3.093,10000.0
4,69872.0,9595.652,6.25,3.193,10000.0
4,69873.0,10019.368,4.213,3.908,10000.0
4,69874.0,10009.755000000001,7.186,1925.555,10000.0
4,69875.0,10184.167,59.826,5.714,10000.0
4,69876.0,10268.293,28.801,3.998,10000.0
4,69877.0,11203.858,5.098,2.855,10000.0
4,69878.0,8660.168,26.805,4.585,10000.0
4,69879.0,9664.098,4.88,8.319,10000.0
4,69880.0,10040.986,6.926,3.486,10000.0
4,69881.0,9967.005,4.628,1.918,10000.0
4,69882.0,10002.344,5.286,3.881,10000.0
4,69883.0,10175.723,3.852,2.481,10000.0
4,69884.0,9810.833999999999,5.951,2.224,10000.0
4,69885.0,9998.867999999999,3.712,2.178,10000.0
4,69886.0,10031.811,5.248,3.983,10000.0
4,69887.0,9968.37,4.992,2.548,10000.0
4,69888.0,10000.92,5.278,1.614,10000.0
4,69889.0,10000.34,5.081,2.041,10000.0
4,69890.0,10000.786,4.171,8.175,10000.0
4,69891.0,10024.831,6.411,3.33,10000.0
4,69892.0,11071.88,6.296,5.203,10000.0
4,69893.0,9048.684,6.813,3.05,10000.0
4,69894.0,10151.982,29.894,2.002,10000.0
4,69895.0,9742.596,253.276,4.328,10000.0
4,69896.0,10629.888,40.179,4.267,10000.0
4,69897.0,9432.427,5.453,4.719,10000.0
4,69898.0,11266.849,5.313,2.444,10000.0
4,69899.0,8619.252,4.818,2.567,10000.0
4,69900.0,10234.088,13.861,3.993,10000.0
4,69901.0,9814.051000000001,5.688,2.848,10000.0
4,69902.0,9991.355,5.251,3.928,10000.0
4,69903.0,9987.869999999999,5.249,3.813,10000.0
4,69904.0,10326.362000000001,25.499,3.668,10000.0
4,69905.0,9674.490000000002,4.658,38.708,10000.0
4,69906.0,10086.569,6.456,4.241,10000.0
4,69907.0,9899.177,6.045,2.618,10000.0
4,69908.0,10031.195,5.819,4.083,10000.0
4,69909.0,10697.472,12.267,4.067,10000.0
4,69910.0,9252.768999999998,6.42,9.11,10000.0
4,69911.0,10044.436,8.018,4.408,10000.0
4,69912.0,9962.041,4.707,2.105,10000.0
4,69913.0,10247.931,51.942,4.97,10000.0
4,69914.0,9758.539,5.417,2.984,10000.0
4,69915.0,9940.436,5.36,2.859,10000.0
4,69916.0,10079.285,5.516,1.772,10000.0
4,69917.0,10148.023000000001,7.24,3.682,10000.0
4,69918.0,10039.148,37.111,4.084,10000.0
4,69919.0,10202.861,49.306,2.527,10000.0
4,69920.0,9843.742,40.997,14.334,10000.0
4,69921.0,11326.789,10.198,5.615,10000.0
4,69922.0,8596.087000000001,23.004,4.563,10000.0
4,69923.0,10159.444,40.622,24.603,10000.0
4,69924.0,9702.4,5.507,3.499,10000.0
4,69925.0,10038.442,5.579,4.486,10000.0
4,69926.0,11198.518,8.306,3.544,10000.0
4,69927.0,9117.144,5.442,3.013,10000.0
4,69928.0,10454.412,17.004,16.84,10000.0
4,69929.0,9903.232999999998,5.335,2.574,10000.0
4,69930.0,9435.072,25.716,5.882,10000.0
4,69931.0,10949.553,11.886,4.092,10000.0
4,69932.0,8970.565999999999,34.226,6.377,10000.0
4,69933.0,9882.872,6.694,2336.921,10000.0
4,69934.0,10031.172,19.372,24.636,10000.0
4,69935.0,10050.706,3.973,3.218,10000.0
4,69936.0,9924.249,6.663,3.82,10000.0
4,69937.0,10246.422999999999,5.329,3.176,10000.0
4,69938.0,9885.332999999999,17.17,6.54,10000.0
4,69939.0,10658.81,5.51,1.896,10000.0
4,69940.0,9234.33,4.915,3.981,10000.0
4,69941.0,9966.394999999999,5.266,4.653,10000.0
4,69942.0,10727.294,6.558,5.647,10000.0
4,69943.0,9280.956999999999,4.962,3.371,10000.0
4,69944.0,10377.973,7.347,2.718,10000.0
4,69945.0,9642.367,5.571,5.291,10000.0
4,69946.0,10016.613000000001,7.066,3.856,10000.0
4,69947.0,9955.591999999999,4.857,20.595,10000.0
4,69948.0,10612.111,6.369,5.27,10000.0
4,69949.0,9664.67,42.001,15.14,10000.0
4,69950.0,10353.625,35.192,4.186,10000.0
4,69951.0,9613.871,42.843,4.033,10000.0
4,69952.0,10449.036,4.831,2.813,10000.0
4,69953.0,9727.842,14.578,11.581,10000.0
4,69954.0,9726.637,15.238,40.281,10000.0
4,69955.0,10167.99,38.072,2.963,10000.0
4,69956.0,9728.746,7.249,17.178,10000.0
4,69957.0,9963.123000000001,5.3,2.398,10000.0
4,69958.0,10051.375,7.355,4.26,10000.0
4,69959.0,10017.667,15.472,4.594,10000.0
4,69960.0,10432.39,12.74,13.261,10000.0
4,69961.0,9527.98,6.922,8.515,10000.0
4,69962.0,10011.658,6.232,5.996,10000.0
4,69963.0,11869.438,8.452,1.944,10000.0
4,69964.0,8121.039,4.851,3.896,10000.0
4,69965.0,10028.249,7.633,5.189,10000.0
4,69966.0,10003.567,6.83,18.572,10000.0
4,69967.0,10411.829,5.333,3.077,10000.0
4,69968.0,9569.265000000001,11.938,3.983,10000.0
4,69969.0,10053.0,4.615,4.763,10000.0
4,69970.0,9971.398,6.72,4.704,10000.0
4,69971.0,10509.591,4.51,3.934,10000.0
4,69972.0,10510.386,6.586,3.268,10000.0
4,69973.0,9123.055999999999,7.757,6.907,10000.0
4,69974.0,10057.073999999999,5.678,4.334,10000.0
4,69975.0,10020.318000000001,42.216,3.45,10000.0
4,69976.0,9841.252999999999,4.413,4.164,10000.0
4,69977.0,9991.103,5.315,4.353,10000.0
4,69978.0,10287.317000000001,40.06,4.435,10000.0
4,69979.0,9736.969,24.839,9.097,10000.0
4,69980.0,9869.713,9.802,6.31,10000.0
4,69981.0,10144.003999999999,13.799,4.568,10000.0
4,69982.0,9997.226,25.536,7.449,10000.0
4,69983.0,10132.703,4.367,2.272,10000.0
4,69984.0,9799.699999999999,8.088,3.357,10000.0
4,69985.0,9988.110999999999,74.367,5.496,10000.0
4,69986.0,10002.687999999998,7.086,3.852,10000.0
4,69987.0,10601.002,26.698,3.899,10000.0
4,69988.0,9552.799,39.707,5.479,10000.0
4,69989.0,10035.537,7.081,36.214,10000.0
4,69990.0,11121.259,20.588,8.361,10000.0
4,69991.0,8742.556999999999,7.495,4.128,10000.0
4,69992.0,11125.505000000001,25.435,16.59,10000.0
4,69993.0,11480.034,33.039,11.297,10000.0
4,69994.0,7264.346,7.254,3.323,10000.0
4,69995.0,10196.136999999999,6.327,3.133,10000.0
4,69996.0,9797.51,5.424,5.455,10000.0
4,69997.0,10115.34,8.881,3.88,10000.0
4,69998.0,9956.081,37.23,10.285,10000.0
4,69999.0,9935.397,4.668,4.69,10000.0
4,70000.0,10231.024,42.504,5.994,10000.0
4,70001.0,10009.747,5.006,2.477,10000.0
4,70002.0,9736.046,3.688,1.447,10000.0
4,70003.0,10193.102,6.314,10.555,10000.0
4,70004.0,9835.849,4.478,2.87,10000.0
4,70005.0,10403.534000000001,17.161,3.387,10000.0
4,70006.0,9968.987000000001,9.989,4.621,10000.0
4,70007.0,9757.422,14.949,4.068,10000.0
4,70008.0,10006.25,7.597,1.828,10000.0
4,70009.0,9837.38,3.921,2.469,10000.0
4,70010.0,10102.559000000001,6.953,3.01,10000.0
4,70011.0,10076.154,5.245,2.753,10000.0
4,70012.0,9819.473,5.205,1.987,10000.0
4,70013.0,10231.182999999999,5.404,1.85,10000.0
4,70014.0,9976.278,5.734,3.283,10000.0
4,70015.0,9935.510999999999,35.042,2.178,10000.0
4,70016.0,10136.805,38.4,20.165,10000.0
4,70017.0,10056.401,38.022,3.725,10000.0
4,70018.0,9794.986,8.305,32.405,10000.0
4,70019.0,9971.037,1619.712,7.213,10000.0
4,70020.0,9954.004,5.84,2.957,10000.0
4,70021.0,10202.661,23.295,3.143,10000.0
4,70022.0,9785.579000000002,5.367,3.91,10000.0
4,70023.0,9990.014000000001,5.781,14.796,10000.0
4,70024.0,10037.264000000001,6.085,2.726,10000.0
4,70025.0,10354.64,7.544,6.25,10000.0
4,70026.0,9677.556,4.497,2.355,10000.0
4,70027.0,11093.891,4.099,1.623,10000.0
4,70028.0,8885.217,6.78,4.139,10000.0
4,70029.0,9921.284000000001,4.431,2.483,10000.0
4,70030.0,11151.971,5.168,3.119,10000.0
4,70031.0,8920.711,4.58,1.451,10000.0
4,70032.0,10346.715,4.35,2.034,10000.0
4,70033.0,9627.056999999999,5.497,3.157,10000.0
4,70034.0,10301.816,29.402,5.983,10000.0
4,70035.0,10154.020999999999,5.81,3.42,10000.0
4,70036.0,9847.678,80.136,2.591,10000.0
4,70037.0,9678.35,7.608,26.739,10000.0
4,70038.0,9969.364,5.418,1.573,10000.0
4,70039.0,10255.467,16.774,3.656,10000.0
4,70040.0,9804.748,5.149,2.944,10000.0
4,70041.0,9995.792,7.124,5.942,10000.0
4,70042.0,10453.001999999999,8.951,3.925,10000.0
4,70043.0,9963.967,7.773,2.632,10000.0
4,70044.0,9746.797,8.732,4.819,10000.0
4,70045.0,9902.996000000001,8.221,4.774,10000.0
4,70046.0,10456.913,9.549,21.826,10000.0
4,70047.0,12283.246,8.332,16.237,10000.0
4,70048.0,7320.848,7.055,4.094,10000.0
4,70049.0,10054.788999999999,6.445,5.005,10000.0
4,70050.0,9975.072,19.586,2.119,10000.0
4,70051.0,9928.169,4.435,3.266,10000.0
4,70052.0,9830.482999999998,5.771,2.38,10000.0
4,70053.0,10056.72,5.869,2.425,10000.0
4,70054.0,11157.475,7.312,5.26,10000.0
4,70055.0,8896.619,7.612,4.673,10000.0
4,70056.0,10097.131000000001,4.075,2.171,10000.0
4,70057.0,9833.826000000001,4.153,1.848,10000.0
4,70058.0,10157.106000000002,7.833,5.357,10000.0
4,70059.0,9880.65,8.036,5.06,10000.0
4,70060.0,11030.016,26.7,21.231,10000.0
4,70061.0,9320.311,21.997,2.272,10000.0
4,70062.0,9584.366,7.685,4.401,10000.0
4,70063.0,10049.812,6.881,5.929,10000.0
4,70064.0,10454.755,37.974,4.368,10000.0
4,70065.0,9651.942000000001,7.532,17.434,10000.0
4,70066.0,10064.396999999999,6.058,5.312,10000.0
4,70067.0,9829.732,8.021,3.922,10000.0
4,70068.0,10028.311,5.43,3.22,10000.0
4,70069.0,9954.304,4.761,3.093,10000.0
4,70070.0,10104.971000000001,8.272,3.992,10000.0
4,70071.0,9934.105,6.812,3.76,10000.0
4,70072.0,10118.168,5.747,3.182,10000.0
4,70073.0,9871.144,6.221,5.354,10000.0
4,70074.0,10295.633,33.961,5.378,10000.0
4,70075.0,9737.534000000001,6.625,6.113,10000.0
4,70076.0,10061.386,6.727,4.109,10000.0
4,70077.0,10132.452,37.631,14.749,10000.0
4,70078.0,11043.125,6.901,5.036,10000.0
4,70079.0,8961.324,34.58,4.093,10000.0
4,70080.0,9897.408,23.168,3.872,10000.0
4,70081.0,9940.363000000001,6.329,3.406,10000.0
4,70082.0,9875.745,5.013,12.683,10000.0
4,70083.0,10062.280999999999,4.199,29.838,10000.0
4,70084.0,10011.176,7.547,4.02,10000.0
4,70085.0,9980.82,14.192,14.303,10000.0
4,70086.0,9967.559000000001,4.879,1.927,10000.0
4,70087.0,10002.100999999999,4.491,4.001,10000.0
4,70088.0,10014.581,4.35,4.455,10000.0
4,70089.0,9986.443,4.528,1.421,10000.0
4,70090.0,9945.5,5.401,2.089,10000.0
4,70091.0,10063.787,4.661,2.392,10000.0
4,70092.0,10089.351,5.507,3.26,10000.0
4,70093.0,9886.948,5.496,3.4,10000.0
4,70094.0,10641.541,8.06,2.197,10000.0
4,70095.0,9443.108,4.987,4.577,10000.0
4,70096.0,10036.579,9.266,1.649,10000.0
4,70097.0,9894.160000000002,3.995,2.123,10000.0
4,70098.0,10120.456999999999,7.07,3.432,10000.0
4,70099.0,9909.005000000001,4.895,2.221,10000.0
4,70100.0,10087.851999999999,8.997,3.461,10000.0
4,70101.0,11463.045999999998,43.425,2.847,10000.0
4,70102.0,8424.065,5.696,6.114,10000.0
4,70103.0,10029.608,5.706,12.453,10000.0
4,70104.0,9971.110999999999,6.645,4.834,10000.0
4,70105.0,10132.350999999999,5.531,2.75,10000.0
4,70106.0,9860.011999999999,9.162,6.051,10000.0
4,70107.0,11117.251999999999,7.03,7.126,10000.0
4,70108.0,8876.134,5.896,3.124,10000.0
4,70109.0,10037.649,6.423,2.269,10000.0
4,70110.0,9985.947,4.338,3.209,10000.0
4,70111.0,9994.780999999999,6.02,2.141,10000.0
4,70112.0,10211.402,4.503,2.768,10000.0
4,70113.0,9815.407,5.368,2.709,10000.0
4,70114.0,10728.932,5.593,2.014,10000.0
4,70115.0,9512.076,11.732,4.34,10000.0
4,70116.0,9800.758,6.815,4.091,10000.0
4,70117.0,10547.516,7.841,7.032,10000.0
4,70118.0,9725.724,7.54,4.665,10000.0
4,70119.0,9643.641,6.958,4.389,10000.0
4,70120.0,10469.382,7.368,4.233,10000.0
4,70121.0,9569.289999999999,7.545,3.907,10000.0
4,70122.0,10077.534000000001,8.62,3.208,10000.0
4,70123.0,10085.524,6.744,4.554,10000.0
4,70124.0,9856.444000000001,7.633,5.641,10000.0
4,70125.0,10066.149,6.317,4.544,10000.0
4,70126.0,9952.414999999999,6.099,2.522,10000.0
4,70127.0,9931.186,6.462,3.658,10000.0
4,70128.0,10014.838,6.287,4.882,10000.0
4,70129.0,10294.029999999999,4.802,3.871,10000.0
4,70130.0,10156.793000000001,72.625,103.665,10000.0
4,70131.0,9717.104000000001,6.699,2.477,10000.0
4,70132.0,11888.552,5.188,3.339,10000.0
4,70133.0,9203.423,5.786,6.034,10000.0
4,70134.0,8884.367,8.884,5.767,10000.0
4,70135.0,9994.069,23.111,4.822,10000.0
4,70136.0,11705.656,52.196,25.27,10000.0
4,70137.0,8600.453,8.776,21.09,10000.0
4,70138.0,10925.724,6.282,5.336,10000.0
4,70139.0,8843.296,7.553,7.326,10000.0
4,70140.0,9954.972,5.828,4.656,10000.0
4,70141.0,9989.389,5.475,2.914,10000.0
4,70142.0,9836.72,6.429,3.683,10000.0
4,70143.0,10217.613000000001,25.53,7.934,10000.0
4,70144.0,10421.478,8.687,4.455,10000.0
4,70145.0,9762.939999999999,6.392,5.902,10000.0
4,70146.0,9600.818000000001,5.339,2.62,10000.0
4,70147.0,11142.6,8.09,4.08,10000.0
4,70148.0,8941.1,7.108,4.672,10000.0
4,70149.0,9933.749,5.006,3.461,10000.0
4,70150.0,10250.595,8.505,4.468,10000.0
4,70151.0,9999.882,6.387,3.995,10000.0
4,70152.0,11922.738000000001,5.831,1.755,10000.0
4,70153.0,7950.156999999999,26.303,7.805,10000.0
4,70154.0,10156.685,38.315,6.244,10000.0
4,70155.0,9818.134,14.602,6.473,10000.0
4,70156.0,10753.665,6.466,3.841,10000.0
4,70157.0,10295.85,6.269,4.96,10000.0
4,70158.0,8960.863,8.582,5.132,10000.0
4,70159.0,10581.701000000001,8.601,58.523,10000.0
4,70160.0,10457.101999999999,8.304,4.711,10000.0
4,70161.0,8916.779,5.81,5.498,10000.0
4,70162.0,10408.449999999999,5.245,3.099,10000.0
4,70163.0,9846.838,31.945,10.008,10000.0
4,70164.0,9822.246,8.154,7.725,10000.0
4,70165.0,9870.356,20.506,6.246,10000.0
4,70166.0,9986.527,7.837,5.702,10000.0
4,70167.0,10021.516,9.291,4.152,10000.0
4,70168.0,10125.459,11.614,3.45,10000.0
4,70169.0,9980.266,8.938,3.354,10000.0
4,70170.0,10180.105,6.804,7.264,10000.0
4,70171.0,9769.157000000001,26.921,2.928,10000.0
4,70172.0,10295.901,25.555,6.526,10000.0
4,70173.0,9780.077,25.896,4.992,10000.0
4,70174.0,11389.800000000001,40.829,4.961,10000.0
4,70175.0,8806.317,8.796,685.255,10000.0
4,70176.0,9925.765,13.633,8.242,10000.0
4,70177.0,9682.779,4.614,3.236,10000.0
4,70178.0,10119.217999999999,8.218,6.161,10000.0
4,70179.0,9919.269,7.337,3.437,10000.0
4,70180.0,10246.741,9.136,8.761,10000.0
4,70181.0,9769.698,5.594,4.416,10000.0
4,70182.0,10037.946,8.405,3.272,10000.0
4,70183.0,10018.823,9.128,14.437,10000.0
4,70184.0,9968.257,5.246,2.848,10000.0
4,70185.0,9920.081,4.173,2.808,10000.0
4,70186.0,10019.699,4.578,1.569,10000.0
4,70187.0,10037.778,5.147,2.364,10000.0
4,70188.0,9953.73,4.226,2.896,10000.0
4,70189.0,10090.893,4.709,4.165,10000.0
4,70190.0,9897.89,4.313,4.887,10000.0
4,70191.0,10173.097000000002,5.753,2.297,10000.0
4,70192.0,9816.612000000001,4.415,3.282,10000.0
4,70193.0,10025.645999999999,5.12,3.785,10000.0
4,70194.0,10390.475999999999,6.584,1.72,10000.0
4,70195.0,9598.72,3.93,3.236,10000.0
4,70196.0,10085.94,4.685,3.61,10000.0
4,70197.0,10784.336000000001,9.342,3.876,10000.0
4,70198.0,9305.58,33.652,3.393,10000.0
4,70199.0,9844.517,6.244,3.269,10000.0
4,70200.0,10653.563,43.58,5.172,10000.0
4,70201.0,9439.921,16.717,28.245,10000.0
4,70202.0,9999.838,7.558,938.859,10000.0
4,70203.0,10020.57,5.79,3.81,10000.0
4,70204.0,9888.492,5.422,30.999,10000.0
4,70205.0,9968.264,3.822,8.592,10000.0
4,70206.0,10015.980000000001,6.737,3.494,10000.0
4,70207.0,10053.09,4.088,1.672,10000.0
4,70208.0,9952.98,6.73,4.542,10000.0
4,70209.0,9979.312,4.435,3.78,10000.0
4,70210.0,10144.369,5.996,3.601,10000.0
4,70211.0,10031.716,9.387,4.46,10000.0
4,70212.0,10546.498,6.054,2.566,10000.0
4,70213.0,9606.671,6.621,2.613,10000.0
4,70214.0,9824.184,6.211,4.371,10000.0
4,70215.0,9875.718,4.483,1.882,10000.0
4,70216.0,10286.446,5.833,2.654,10000.0
4,70217.0,9704.663,5.284,2.886,10000.0
4,70218.0,10051.958999999999,7.474,4.811,10000.0
4,70219.0,10199.196,5.549,4.432,10000.0
4,70220.0,9753.896,7.449,5.089,10000.0
4,70221.0,10031.381000000001,7.331,14.152,10000.0
4,70222.0,10074.686,7.14,5.556,10000.0
4,70223.0,10095.982,33.527,21.185,10000.0
4,70224.0,9977.739,32.926,4.215,10000.0
4,70225.0,9864.686,9.958,5.752,10000.0
4,70226.0,10162.19,7.258,14.75,10000.0
4,70227.0,9863.745,7.461,10.999,10000.0
4,70228.0,9989.296999999999,7.384,5.257,10000.0
4,70229.0,9946.365,5.536,4.284,10000.0
4,70230.0,10146.896,5.813,2.246,10000.0
4,70231.0,9862.425,5.034,2.528,10000.0
4,70232.0,9980.797,6.101,1.944,10000.0
4,70233.0,9987.712,4.941,2.479,10000.0
4,70234.0,9994.926,4.892,3.203,10000.0
4,70235.0,9979.099999999999,5.317,2.109,10000.0
4,70236.0,10015.203,5.226,2.515,10000.0
4,70237.0,10229.89,35.722,8.581,10000.0
4,70238.0,9794.145,5.966,5.344,10000.0
4,70239.0,10121.724,7.138,2.942,10000.0
4,70240.0,9869.269,6.523,3.337,10000.0
4,70241.0,10096.052,12.727,3.144,10000.0
4,70242.0,10614.464,6.327,3.291,10000.0
4,70243.0,9313.494,5.807,5.25,10000.0
4,70244.0,9983.15,5.028,6.007,10000.0
4,70245.0,10092.95,7.476,3.144,10000.0
4,70246.0,9915.036,5.399,3.323,10000.0
4,70247.0,10069.635,4.747,1.86,10000.0
4,70248.0,9971.703,7.818,4.46,10000.0
4,70249.0,9951.149,5.497,2.357,10000.0
4,70250.0,10053.311,5.274,3.402,10000.0
4,70251.0,9946.732,5.739,3.743,10000.0
4,70252.0,9999.834,5.765,3.301,10000.0
4,70253.0,9978.226,3.772,1.931,10000.0
4,70254.0,10067.893,7.673,2.816,10000.0
4,70255.0,10036.658000000001,11.368,3.456,10000.0
4,70256.0,9925.923999999999,6.942,2.666,10000.0
4,70257.0,10226.778,33.151,16.191,10000.0
4,70258.0,10017.161,51.543,37.025,10000.0
4,70259.0,9777.62,12.236,5.068,10000.0
4,70260.0,9980.419000000002,5.549,1.738,10000.0
4,70261.0,9989.289,6.246,7.247,10000.0
4,70262.0,10074.132,6.505,2.734,10000.0
4,70263.0,9943.326000000001,4.915,2.203,10000.0
4,70264.0,10223.751999999999,16.676,2.223,10000.0
4,70265.0,9863.342,17.377,5.705,10000.0
4,70266.0,9910.035,4.751,4.05,10000.0
4,70267.0,10055.252,6.628,10.558,10000.0
4,70268.0,9917.976999999999,6.311,4.208,10000.0
4,70269.0,10042.973,6.356,3.124,10000.0
4,70270.0,9973.281,5.513,2.753,10000.0
4,70271.0,9998.521999999999,5.933,5.002,10000.0
4,70272.0,9999.951,5.118,3.902,10000.0
4,70273.0,9999.916,6.859,4.371,10000.0
4,70274.0,10006.687,4.786,3.192,10000.0
4,70275.0,9983.178,5.464,2.84,10000.0
4,70276.0,10012.285,4.889,2.452,10000.0
4,70277.0,10781.696,7.191,26.942,10000.0
4,70278.0,9356.451,5.538,2.977,10000.0
4,70279.0,9993.591,5.893,4.958,10000.0
4,70280.0,10092.333999999999,31.378,7.183,10000.0
4,70281.0,10024.06,42.008,3.942,10000.0
4,70282.0,11834.326,5.134,2.071,10000.0
4,70283.0,7898.591,4.835,5.935,10000.0
4,70284.0,10053.482,8.086,4.737,10000.0
4,70285.0,10130.937,14.565,4.776,10000.0
4,70286.0,10080.067,23.264,3.805,10000.0
4,70287.0,9855.378,20.122,2.99,10000.0
4,70288.0,9913.019,4.407,2.406,10000.0
4,70289.0,9976.936,3.719,3.042,10000.0
4,70290.0,10094.702000000001,6.859,3.156,10000.0
4,70291.0,9915.723,6.278,5.647,10000.0
4,70292.0,10009.999,7.078,4.511,10000.0
4,70293.0,10118.54,4.936,2.203,10000.0
4,70294.0,10787.605,7.78,642.534,10000.0
4,70295.0,9085.698999999999,7.971,4.358,10000.0
4,70296.0,11050.587000000001,4.518,1.457,10000.0
4,70297.0,8939.074,5.557,3.536,10000.0
4,70298.0,10155.481,16.526,20.207,10000.0
4,70299.0,9857.85,5.521,2.456,10000.0
4,70300.0,10048.75,7.521,2.629,10000.0
4,70301.0,9986.217,5.816,3.722,10000.0
4,70302.0,10081.952,3.844,2.452,10000.0
4,70303.0,9846.5,5.713,4.636,10000.0
4,70304.0,10091.846,5.746,4.999,10000.0
4,70305.0,10521.928,37.787,5.128,10000.0
4,70306.0,9413.27,8.246,4.344,10000.0
4,70307.0,10015.548,5.652,4.705,10000.0
4,70308.0,10007.745,5.872,5.808,10000.0
4,70309.0,10031.769,5.431,4.092,10000.0
4,70310.0,9957.437,6.256,3.313,10000.0
4,70311.0,9975.67,4.993,2.798,10000.0
4,70312.0,10110.998,3.854,2.035,10000.0
4,70313.0,9954.074999999999,12.25,66.193,10000.0
4,70314.0,10080.251,11.318,14.599,10000.0
4,70315.0,9887.431,4.327,1.569,10000.0
4,70316.0,10000.447,8.049,4.465,10000.0
4,70317.0,10178.637,34.252,10.709,10000.0
4,70318.0,9844.077,8.878,19.53,10000.0
4,70319.0,10061.698,16.281,22.744,10000.0
4,70320.0,9910.822,5.032,3.931,10000.0
4,70321.0,10130.413,12.787,3.903,10000.0
4,70322.0,10076.572,4.897,3.577,10000.0
4,70323.0,9823.871,12.368,4.163,10000.0
4,70324.0,10078.143,5.743,4.276,10000.0
4,70325.0,9868.994,9.882,3.39,10000.0
4,70326.0,10082.298999999999,8.612,29.242,10000.0
4,70327.0,10013.545,4.879,2.688,10000.0
4,70328.0,9913.913999999999,6.777,4.23,10000.0
4,70329.0,9987.23,6.512,3.687,10000.0
4,70330.0,10902.145999999999,5.752,4.149,10000.0
4,70331.0,9131.355000000001,8.644,6.49,10000.0
4,70332.0,11315.721000000001,26.065,4.76,10000.0
4,70333.0,11772.135,8.487,4.833,10000.0
4,70334.0,7051.51,7.591,4.682,10000.0
4,70335.0,11050.856,7.878,4.351,10000.0
4,70336.0,8799.970000000001,7.988,4.662,10000.0
4,70337.0,10178.889,74.428,15.833,10000.0
4,70338.0,9941.589,5.869,2.464,10000.0
4,70339.0,9965.075,7.115,5.211,10000.0
4,70340.0,9903.536,6.703,5.715,10000.0
4,70341.0,10154.205,36.826,4.179,10000.0
4,70342.0,9921.288,27.577,5.222,10000.0
4,70343.0,10089.189,27.014,20.199,10000.0
4,70344.0,10129.372,6.31,30.733,10000.0
4,70345.0,10695.361,79.313,4.355,10000.0
4,70346.0,9102.588,81.758,2.638,10000.0
4,70347.0,10089.345,13.595,4.292,10000.0
4,70348.0,9837.48,10.443,5.201,10000.0
4,70349.0,10049.704,6.791,4.02,10000.0
4,70350.0,9959.425,14.097,29.188,10000.0
4,70351.0,10393.939,12.174,36.973,10000.0
4,70352.0,9640.780999999999,4.858,2.822,10000.0
4,70353.0,9917.615,4.613,3.303,10000.0
4,70354.0,9990.688,6.43,1.9,10000.0
4,70355.0,9997.736,4.445,2.252,10000.0
4,70356.0,10007.788,5.252,2.609,10000.0
4,70357.0,10015.057,5.574,3.67,10000.0
4,70358.0,9981.857,5.748,2.89,10000.0
4,70359.0,10005.217999999999,4.325,2.799,10000.0
4,70360.0,10004.021999999999,5.343,3.619,10000.0
4,70361.0,9984.583,5.218,2.667,10000.0
4,70362.0,10005.369,4.041,1.759,10000.0
4,70363.0,10106.877999999999,4.702,1.487,10000.0
4,70364.0,9942.650000000001,5.487,2.891,10000.0
4,70365.0,9947.341999999999,4.13,3.431,10000.0
4,70366.0,10019.704000000002,6.11,3.495,10000.0
4,70367.0,10016.925,7.236,3.609,10000.0
4,70368.0,11193.766000000001,4.996,2.719,10000.0
4,70369.0,8920.899,5.955,2.791,10000.0
4,70370.0,10003.158,6.647,2.957,10000.0
4,70371.0,9879.707999999999,7.529,3.726,10000.0
4,70372.0,10000.891,4.508,2.564,10000.0
4,70373.0,10036.065,5.865,4.48,10000.0
4,70374.0,10119.651,39.371,3.225,10000.0
4,70375.0,10081.41,57.519,2.271,10000.0
4,70376.0,9801.554,18.694,22.698,10000.0
4,70377.0,10161.222,6.563,2.713,10000.0
4,70378.0,9839.776,11.406,4.194,10000.0
4,70379.0,9957.349,4.168,1.515,10000.0
4,70380.0,9985.762,4.541,2.333,10000.0
4,70381.0,10086.852,3.629,3.222,10000.0
4,70382.0,9906.982,3.533,2.344,10000.0
4,70383.0,10022.623,4.33,1.768,10000.0
4,70384.0,10389.33,5.141,3.355,10000.0
4,70385.0,9577.536,5.005,3.919,10000.0
4,70386.0,11090.612,5.867,2.017,10000.0
4,70387.0,8946.685,7.596,4.164,10000.0
4,70388.0,10348.539,5.187,3.169,10000.0
4,70389.0,9772.957,3.581,1.277,10000.0
4,70390.0,9914.208,166.492,473.744,10000.0
4,70391.0,9985.161,88.936,12.74,10000.0
4,70392.0,11118.542,5.802,5.453,10000.0
4,70393.0,8916.38,7.667,20.308,10000.0
4,70394.0,9996.306,16.363,8.528,10000.0
4,70395.0,10027.052,5.531,4.835,10000.0
4,70396.0,9883.937,4.951,2.217,10000.0
4,70397.0,10248.646999999999,7.177,4.7,10000.0
4,70398.0,9792.428,5.321,5.265,10000.0
4,70399.0,9964.988,5.18,4.557,10000.0
4,70400.0,10056.206,4.765,3.765,10000.0
4,70401.0,9949.861,6.062,3.044,10000.0
4,70402.0,10076.046999999999,3.658,2.01,10000.0
4,70403.0,10057.972,7.597,4.032,10000.0
4,70404.0,9853.601999999999,5.184,2.543,10000.0
4,70405.0,10069.053,4.627,1.266,10000.0
4,70406.0,9951.722,5.978,4.263,10000.0
4,70407.0,10073.472,5.766,2.687,10000.0
4,70408.0,10524.345,19.272,4.912,10000.0
4,70409.0,11584.063,39.002,3.472,10000.0
4,70410.0,7867.3679999999995,12.386,5.129,10000.0
4,70411.0,10035.078,6.407,2.909,10000.0
4,70412.0,10050.566,6.125,5.714,10000.0
4,70413.0,10004.168000000001,7.359,4.471,10000.0
4,70414.0,10015.269,6.887,2.013,10000.0
4,70415.0,9968.413,4.929,3.891,10000.0
4,70416.0,9863.897,5.458,3.986,10000.0
4,70417.0,10048.321,4.861,3.441,10000.0
4,70418.0,10296.633,29.96,2.139,10000.0
4,70419.0,9699.095,6.314,3.749,10000.0
4,70420.0,9934.455,4.848,3.222,10000.0
4,70421.0,10717.571,4.348,1.582,10000.0
4,70422.0,9776.036,4.202,1.532,10000.0
4,70423.0,9485.749,6.1,3.182,10000.0
4,70424.0,10386.518,67.523,11.398,10000.0
4,70425.0,10705.518,36.574,2.926,10000.0
4,70426.0,9215.435,4.38,12.915,10000.0
4,70427.0,11053.694,38.259,8.719,10000.0
4,70428.0,9701.044,66.452,4.289,10000.0
4,70429.0,9045.546,8.5,52.988,10000.0
4,70430.0,11209.749,21.84,5.013,10000.0
4,70431.0,8714.412,6.916,19.941,10000.0
4,70432.0,10107.985,28.589,14.56,10000.0
4,70433.0,10000.403,11.125,11.59,10000.0
4,70434.0,9990.132000000001,4.123,1.423,10000.0
4,70435.0,10017.112,5.064,2.243,10000.0
4,70436.0,9910.193,5.959,4.267,10000.0
4,70437.0,10054.733,4.144,1.529,10000.0
4,70438.0,9987.118,5.153,2.434,10000.0
4,70439.0,10029.556999999999,3.422,2.073,10000.0
4,70440.0,10059.303,8.407,5.224,10000.0
4,70441.0,9994.322999999999,39.21,2.217,10000.0
4,70442.0,10126.664,30.679,2.954,10000.0
4,70443.0,9968.607,19.071,4.364,10000.0
4,70444.0,9818.439999999999,6.158,3.473,10000.0
4,70445.0,12045.220000000001,4.488,2.606,10000.0
4,70446.0,8008.356,7.221,8.104,10000.0
4,70447.0,9924.9,4.913,3.661,10000.0
4,70448.0,9956.394,3.812,2.804,10000.0
4,70449.0,10038.989,4.672,3.739,10000.0
4,70450.0,9958.812,4.307,2.613,10000.0
4,70451.0,10076.326000000001,5.355,2.602,10000.0
4,70452.0,10006.180999999999,4.272,1.949,10000.0
4,70453.0,9968.488,5.507,5.33,10000.0
4,70454.0,9982.702,5.382,4.734,10000.0
4,70455.0,10055.503999999999,5.131,3.022,10000.0
4,70456.0,9952.384,5.66,3.699,10000.0
4,70457.0,10066.008,5.236,2.47,10000.0
4,70458.0,10337.136999999999,40.972,3.427,10000.0
4,70459.0,9564.972,5.756,2.611,10000.0
4,70460.0,10071.234999999999,5.329,2.85,10000.0
4,70461.0,10149.961000000001,6.72,3.205,10000.0
5,70462.0,10058.767,6.48,4.409,10000.0
5,70463.0,10063.137999999999,37.814,3.473,10000.0
5,70464.0,9663.796,4.762,1.961,10000.0
5,70465.0,10157.902,6.287,3.219,10000.0
5,70466.0,9999.416000000001,5.976,12.388,10000.0
5,70467.0,9953.305,8.711,5.89,10000.0
5,70468.0,9903.34,6.106,3.098,10000.0
5,70469.0,9996.598,5.426,1.553,10000.0
5,70470.0,10422.586,3.749,1.588,10000.0
5,70471.0,9555.451,4.345,247.571,10000.0
5,70472.0,10918.264000000001,3.769,1.246,10000.0
5,70473.0,9084.473,5.918,3.14,10000.0
5,70474.0,10061.653,18.949,4.616,10000.0
5,70475.0,10379.324,12.158,1.842,10000.0
5,70476.0,9659.534,8.432,3.681,10000.0
5,70477.0,9912.608999999999,4.818,2.311,10000.0
5,70478.0,10106.271,13.375,4.767,10000.0
5,70479.0,10904.439,21.933,2.667,10000.0
5,70480.0,9002.592999999999,5.4,3.144,10000.0
5,70481.0,10089.574,5.133,2.973,10000.0
5,70482.0,10172.239,6.138,24.759,10000.0
5,70483.0,9775.463,3.407,2.165,10000.0
5,70484.0,9992.069,7.009,5.24,10000.0
5,70485.0,10053.216,4.968,3.636,10000.0
5,70486.0,9993.9,6.936,3.322,10000.0
5,70487.0,9883.417,4.104,1.415,10000.0
5,70488.0,10175.556,5.7,3.478,10000.0
5,70489.0,9901.755,7.47,6.247,10000.0
5,70490.0,9977.909,5.0,3.173,10000.0
5,70491.0,10265.003,7.942,3.5,10000.0
5,70492.0,9757.838,4.818,3.162,10000.0
5,70493.0,10263.687,5.214,4.223,10000.0
5,70494.0,9931.630000000001,4.878,2.592,10000.0
5,70495.0,10163.422,45.139,4.706,10000.0
5,70496.0,9585.954000000002,7.794,3.099,10000.0
5,70497.0,10092.692000000001,3.601,2.081,10000.0
5,70498.0,13324.149000000001,4.437,1.476,10000.0
5,70499.0,6972.304,6.771,4.008,10000.0
5,70500.0,10086.194,5.566,6.563,10000.0
5,70501.0,9543.460000000001,26.803,8.317,10000.0
5,70502.0,9977.506000000001,3.957,2.99,10000.0
5,70503.0,10075.297,5.763,4.915,10000.0
5,70504.0,9987.882,9.916,4.622,10000.0
5,70505.0,10632.493,40.966,3.823,10000.0
5,70506.0,9413.203,7.15,7.502,10000.0
5,70507.0,11012.108,6.54,3.378,10000.0
5,70508.0,9148.956999999999,39.44,4.054,10000.0
5,70509.0,9745.399,6.164,6.033,10000.0
5,70510.0,9989.124,5.019,4.765,10000.0
5,70511.0,10019.598,6.138,3.91,10000.0
5,70512.0,10330.013,5.907,4.359,10000.0
5,70513.0,9651.987000000001,3.387,2.768,10000.0
5,70514.0,10076.039,7.654,4.381,10000.0
5,70515.0,9914.872,3.459,3.988,10000.0
5,70516.0,10027.281,5.743,5.158,10000.0
5,70517.0,10013.253999999999,5.752,4.169,10000.0
5,70518.0,9965.899,3.845,3.152,10000.0
5,70519.0,10009.578,3.778,2.283,10000.0
5,70520.0,10005.635,5.451,2.7,10000.0
5,70521.0,10005.696,3.948,3.079,10000.0
5,70522.0,9970.189,3.5,1.629,10000.0
5,70523.0,10147.289999999999,6.15,2.801,10000.0
5,70524.0,10950.932999999999,6.176,3.689,10000.0
5,70525.0,9122.67,31.745,3.763,10000.0
5,70526.0,10904.716999999999,3.5,1.748,10000.0
5,70527.0,9369.951,5.14,1.906,10000.0
5,70528.0,9686.681,51.043,4.065,10000.0
5,70529.0,9953.604,5.48,3.557,10000.0
5,70530.0,10080.560000000001,37.4,4.841,10000.0
5,70531.0,9816.613,5.688,4.651,10000.0
5,70532.0,9975.167,7.004,4.139,10000.0
5,70533.0,10027.826000000001,5.693,5.16,10000.0
5,70534.0,10344.529,26.246,2.157,10000.0
5,70535.0,9713.960000000001,47.525,12.446,10000.0
5,70536.0,12143.146,37.889,4.582,10000.0
5,70537.0,7991.085,15.648,3.94,10000.0
5,70538.0,9833.252,14.378,5.562,10000.0
5,70539.0,10002.193,12.634,3.583,10000.0
5,70540.0,9983.32,10.896,4.552,10000.0
5,70541.0,10384.133,5.203,1.959,10000.0
5,70542.0,9593.859999999999,4.732,2.718,10000.0
5,70543.0,10148.437,8.277,4.427,10000.0
5,70544.0,9966.195,3.631,1.396,10000.0
5,70545.0,10140.618,7.68,4.275,10000.0
5,70546.0,9941.08,23.358,2.226,10000.0
5,70547.0,9927.233,6.414,3.182,10000.0
5,70548.0,9876.306,6.124,4.524,10000.0
5,70549.0,10494.277999999998,16.013,4.029,10000.0
5,70550.0,9730.069,44.509,20.787,10000.0
5,70551.0,10162.676000000001,36.914,11.769,10000.0
5,70552.0,12349.494,9.685,555.648,10000.0
5,70553.0,8298.606,3.989,2.064,10000.0
5,70554.0,9157.051,8.01,4.162,10000.0
5,70555.0,10201.706,6.526,3.738,10000.0
5,70556.0,9683.781,8.093,4.829,10000.0
5,70557.0,9978.365,7.078,12.932,10000.0
5,70558.0,10023.103000000001,5.034,18.595,10000.0
5,70559.0,11459.538999999999,6.437,2.435,10000.0
5,70560.0,8761.609,17.764,5.782,10000.0
5,70561.0,9894.118,32.058,4.679,10000.0
5,70562.0,10200.640000000001,33.064,4.398,10000.0
5,70563.0,9996.764,27.257,4.96,10000.0
5,70564.0,9765.221,27.542,2.627,10000.0
5,70565.0,10584.149,12.792,59.564,10000.0
5,70566.0,9333.342,18.991,18.962,10000.0
5,70567.0,9960.922,7.38,5.684,10000.0
5,70568.0,10054.090999999999,8.432,4.816,10000.0
5,70569.0,9913.323,4.67,5.376,10000.0
5,70570.0,10015.6,5.052,25.633,10000.0
5,70571.0,10154.938,6.627,2.942,10000.0
5,70572.0,9852.359999999999,6.397,5.317,10000.0
5,70573.0,10054.8,8.969,3.833,10000.0
5,70574.0,10089.443,3.798,3.742,10000.0
5,70575.0,9831.536,5.554,3.214,10000.0
5,70576.0,10033.161,7.095,5.68,10000.0
5,70577.0,10274.364,6.38,6.057,10000.0
5,70578.0,9800.985999999999,22.226,2.138,10000.0
5,70579.0,9897.228,5.314,3.762,10000.0
5,70580.0,9976.937,4.977,3.614,10000.0
5,70581.0,11349.48,4.899,7.285,10000.0
5,70582.0,8650.658,5.668,2.632,10000.0
5,70583.0,9995.982,5.557,2.975,10000.0
5,70584.0,9995.298999999999,4.263,12.364,10000.0
5,70585.0,9960.339,5.584,3.764,10000.0
5,70586.0,10082.529,4.828,2.415,10000.0
5,70587.0,11259.145999999999,5.527,3.734,10000.0
5,70588.0,9834.532,6.262,3.465,10000.0
5,70589.0,8854.903,4.286,2.574,10000.0
5,70590.0,10003.615,3.267,10.019,10000.0
5,70591.0,10137.891,7.901,3.944,10000.0
5,70592.0,10098.84,4.807,2.573,10000.0
5,70593.0,9774.708999999999,4.337,9.583,10000.0
5,70594.0,10175.405,6.772,5.353,10000.0
5,70595.0,10046.984999999999,6.438,4.006,10000.0
5,70596.0,9823.165,8.472,10.544,10000.0
5,70597.0,10143.914999999999,14.028,11.511,10000.0
5,70598.0,9861.953,6.792,7.176,10000.0
5,70599.0,9929.947,4.07,4.569,10000.0
5,70600.0,10044.709,5.663,7.91,10000.0
5,70601.0,9976.090999999999,5.443,2.492,10000.0
5,70602.0,10002.396,4.735,3.047,10000.0
5,70603.0,10006.411999999998,5.731,5.548,10000.0
5,70604.0,9988.812999999998,3.251,2.157,10000.0
5,70605.0,9978.904,3.617,2.655,10000.0
5,70606.0,10070.622,6.693,2.282,10000.0
5,70607.0,10038.655,5.116,2.69,10000.0
5,70608.0,9956.659,4.772,1.588,10000.0
5,70609.0,10119.922999999999,5.613,1.922,10000.0
5,70610.0,10082.046,38.683,4.007,10000.0
5,70611.0,9777.377,5.53,2.886,10000.0
5,70612.0,10029.162,6.166,4.709,10000.0
5,70613.0,10106.686,28.791,17.847,10000.0
5,70614.0,10903.948,5.613,1.626,10000.0
5,70615.0,9199.076000000001,42.088,3.574,10000.0
5,70616.0,9981.218,38.113,13.317,10000.0
5,70617.0,9755.88,5.668,3.729,10000.0
5,70618.0,10114.484999999999,6.98,22.298,10000.0
5,70619.0,9964.139000000001,7.859,3.014,10000.0
5,70620.0,10489.479,6.37,2.612,10000.0
5,70621.0,9476.056,3.985,6.281,10000.0
5,70622.0,10096.884,6.743,4.311,10000.0
5,70623.0,10064.133,9.382,1.467,10000.0
5,70624.0,9801.298999999999,3.999,2.093,10000.0
5,70625.0,10030.25,4.67,2.854,10000.0
5,70626.0,10075.274000000001,10.415,3.71,10000.0
5,70627.0,9893.578,4.793,2.502,10000.0
5,70628.0,9986.081,4.94,2.392,10000.0
5,70629.0,10069.337,5.165,3.931,10000.0
5,70630.0,9953.982,3.672,2.245,10000.0
5,70631.0,10095.460000000001,4.155,2.457,10000.0
5,70632.0,9910.265,5.479,2.759,10000.0
5,70633.0,10010.429,7.009,3.301,10000.0
5,70634.0,9988.035,4.534,2.466,10000.0
5,70635.0,9977.186000000002,5.404,3.312,10000.0
5,70636.0,10051.221000000001,7.009,5.231,10000.0
5,70637.0,9952.455,4.044,1.967,10000.0
5,70638.0,10174.941,38.443,3.764,10000.0
5,70639.0,10079.002,30.204,22.35,10000.0
5,70640.0,9827.464,6.741,2.559,10000.0
5,70641.0,9968.182,5.983,3.886,10000.0
5,70642.0,9989.125999999998,7.417,7.656,10000.0
5,70643.0,10631.399,7.247,3.545,10000.0
5,70644.0,9552.619999999999,109.776,4.918,10000.0
5,70645.0,10238.736,33.73,2.041,10000.0
5,70646.0,10079.51,35.915,3.231,10000.0
5,70647.0,10261.114,34.705,11.223,10000.0
5,70648.0,9474.217,5.306,4.015,10000.0
5,70649.0,9804.887999999999,38.703,6.54,10000.0
5,70650.0,9930.912999999999,7.372,6.194,10000.0
5,70651.0,10023.252,6.09,2.483,10000.0
5,70652.0,9978.244,3.971,1.744,10000.0
5,70653.0,10182.493,5.77,3.022,10000.0
5,70654.0,11874.226,5.628,2.575,10000.0
5,70655.0,10368.896,7.546,4.793,10000.0
5,70656.0,7704.253000000001,16.399,16.359,10000.0
5,70657.0,12134.777,7.459,5.325,10000.0
5,70658.0,7746.669,5.595,8.031,10000.0
5,70659.0,10189.856,16.785,19.377,10000.0
5,70660.0,9886.75,5.058,3.746,10000.0
5,70661.0,9985.557,18.209,8.52,10000.0
5,70662.0,10001.313,5.456,2.135,10000.0
5,70663.0,9988.283000000001,7.812,8.056,10000.0
5,70664.0,9954.118,4.859,5.078,10000.0
5,70665.0,10112.51,38.747,3.354,10000.0
5,70666.0,9876.35,24.209,4.548,10000.0
5,70667.0,10408.217,29.992,2.644,10000.0
5,70668.0,9595.031,7.028,3.801,10000.0
5,70669.0,10018.294,14.693,5.718,10000.0
5,70670.0,10014.275,5.344,16.982,10000.0
5,70671.0,10060.268,11.011,3.076,10000.0
5,70672.0,9917.5,7.002,3.565,10000.0
5,70673.0,9980.551000000001,4.67,3.757,10000.0
5,70674.0,10229.385,9.141,2.744,10000.0
5,70675.0,9804.821,4.979,2.912,10000.0
5,70676.0,9986.273000000001,6.733,3.408,10000.0
5,70677.0,9970.833,5.49,3.26,10000.0
5,70678.0,10145.390000000001,5.256,1.84,10000.0
5,70679.0,9855.382,5.531,9.676,10000.0
5,70680.0,10430.85,6.038,3.396,10000.0
5,70681.0,9594.9,7.109,12.107,10000.0
5,70682.0,10193.554,4.781,1.668,10000.0
5,70683.0,10008.853,48.23,4.206,10000.0
5,70684.0,10300.020999999999,10.3,27.501,10000.0
5,70685.0,9561.72,5.443,3.533,10000.0
5,70686.0,9938.313,5.777,12.147,10000.0
5,70687.0,10181.776,15.309,3.042,10000.0
5,70688.0,9806.641,5.006,3.672,10000.0
5,70689.0,12807.658,6.142,4.535,10000.0
5,70690.0,7198.8679999999995,5.408,4.247,10000.0
5,70691.0,10917.845000000001,4.956,3.23,10000.0
5,70692.0,10213.018,15.517,7.237,10000.0
5,70693.0,9969.601,6.047,4.173,10000.0
5,70694.0,8961.482,6.435,3.635,10000.0
5,70695.0,10047.862,6.182,421.546,10000.0
5,70696.0,9943.682,4.736,1.539,10000.0
5,70697.0,9941.278,4.926,6.656,10000.0
5,70698.0,9972.75,4.022,1.761,10000.0
5,70699.0,17843.454,5.093,1.523,10000.0
5,70700.0,2824.784,4.734,2.369,10000.0
5,70701.0,9458.096,7.313,3.09,10000.0
5,70702.0,9896.329,3.741,2.565,10000.0
5,70703.0,10030.415,5.233,2.061,10000.0
5,70704.0,9967.928,4.729,3.562,10000.0
5,70705.0,9975.912999999999,3.887,2.554,10000.0
5,70706.0,10007.347,3.435,2.904,10000.0
5,70707.0,9933.685,3.735,2.699,10000.0
5,70708.0,10036.952,4.983,3.98,10000.0
5,70709.0,10187.149,4.137,2.378,10000.0
5,70710.0,9889.274,6.247,3.812,10000.0
5,70711.0,9996.609,5.994,20.16,10000.0
5,70712.0,11067.48,4.933,2.475,10000.0
5,70713.0,9076.088,29.749,15.722,10000.0
5,70714.0,10946.088,8.815,3.636,10000.0
5,70715.0,9020.656,5.275,3.635,10000.0
5,70716.0,9935.615,48.532,4.324,10000.0
5,70717.0,10040.670999999998,7.776,6.209,10000.0
5,70718.0,9910.473,7.45,4.433,10000.0
5,70719.0,11068.705,6.333,1.849,10000.0
5,70720.0,8895.275,10.033,5.144,10000.0
5,70721.0,11093.145,6.12,3.14,10000.0
5,70722.0,13099.811,7.988,3.063,10000.0
5,70723.0,6285.455,21.699,2.506,10000.0
5,70724.0,9593.416000000001,5.306,2.877,10000.0
5,70725.0,11410.735,9.388,5.018,10000.0
5,70726.0,9772.476,5.352,5.174,10000.0
5,70727.0,8784.068000000001,6.183,3.455,10000.0
5,70728.0,10147.133,34.533,4.912,10000.0
5,70729.0,9948.132,5.061,4.383,10000.0
5,70730.0,9881.651,6.235,3.488,10000.0
5,70731.0,10077.539999999999,5.378,3.211,10000.0
5,70732.0,9980.342999999999,4.159,1.848,10000.0
5,70733.0,10052.317,24.686,2.667,10000.0
5,70734.0,9871.727,5.064,2.262,10000.0
5,70735.0,9993.853000000001,4.637,36.989,10000.0
5,70736.0,10013.425,5.036,2.394,10000.0
5,70737.0,9992.998,5.578,3.385,10000.0
5,70738.0,18720.714,7.121,4.085,10000.0
5,70739.0,1283.272,6.852,3.999,10000.0
5,70740.0,10187.844,33.711,19.055,10000.0
5,70741.0,9980.786,4.621,3.749,10000.0
5,70742.0,9852.873,6.428,3.207,10000.0
5,70743.0,11298.624,5.349,4.387,10000.0
5,70744.0,9305.177,5.369,2.187,10000.0
5,70745.0,9749.089,205.404,4.238,10000.0
5,70746.0,11037.241,5.456,4.001,10000.0
5,70747.0,10097.056999999999,7.11,3.136,10000.0
5,70748.0,8642.699,23.526,2.689,10000.0
5,70749.0,10158.521,22.391,5.555,10000.0
5,70750.0,9709.983,6.045,8.99,10000.0
5,70751.0,9991.682,4.679,4.161,10000.0
5,70752.0,10468.043,6.224,2.987,10000.0
5,70753.0,9539.292,6.221,3.038,10000.0
5,70754.0,10132.38,31.351,17.406,10000.0
5,70755.0,10441.444,41.563,2.779,10000.0
5,70756.0,9623.319,43.338,3.928,10000.0
5,70757.0,9779.510999999999,6.371,13.178,10000.0
5,70758.0,10730.103,6.072,2.199,10000.0
5,70759.0,9234.406,4.662,3.973,10000.0
5,70760.0,10176.355,5.858,6.566,10000.0
5,70761.0,9985.961,6.313,4.735,10000.0
5,70762.0,10279.931,4.144,3.651,10000.0
5,70763.0,9722.75,5.764,2.854,10000.0
5,70764.0,9923.914,6.861,3.394,10000.0
5,70765.0,10143.195000000002,3.751,1.568,10000.0
5,70766.0,9917.172,4.582,1.637,10000.0
5,70767.0,9920.401,5.728,3.241,10000.0
5,70768.0,10172.773,4.571,7.229,10000.0
5,70769.0,10054.726,5.852,3.25,10000.0
5,70770.0,10176.292,7.743,4.541,10000.0
5,70771.0,10145.253999999999,7.076,2.998,10000.0
5,70772.0,9540.168,7.109,4.553,10000.0
5,70773.0,10069.188999999998,21.091,2.355,10000.0
5,70774.0,10528.060000000001,33.909,3.937,10000.0
5,70775.0,9315.499,7.039,4.751,10000.0
5,70776.0,9967.978000000001,5.868,4.337,10000.0
5,70777.0,10043.796,5.514,5.614,10000.0
5,70778.0,9937.462,4.186,5.367,10000.0
5,70779.0,13287.112000000001,8.423,2.893,10000.0
5,70780.0,6865.630999999999,5.938,3.353,10000.0
5,70781.0,9877.495,7.225,5.937,10000.0
5,70782.0,9955.234,6.169,2.541,10000.0
5,70783.0,10715.092,6.941,4.979,10000.0
5,70784.0,9324.509,5.701,16.164,10000.0
5,70785.0,10081.467,27.976,3.149,10000.0
5,70786.0,9913.807999999999,6.946,2.912,10000.0
5,70787.0,10512.83,4.521,1.513,10000.0
5,70788.0,9534.514,5.169,2.536,10000.0
5,70789.0,10029.705,4.845,2.539,10000.0
5,70790.0,10050.162,3.76,1.734,10000.0
5,70791.0,9862.688,6.389,2.789,10000.0
5,70792.0,10028.617,4.962,2.927,10000.0
5,70793.0,10001.554,7.663,3.609,10000.0
5,70794.0,9959.836,4.217,2.134,10000.0
5,70795.0,10103.712000000001,7.724,4.304,10000.0
5,70796.0,10503.858,5.737,3.929,10000.0
5,70797.0,9403.87,5.562,3.732,10000.0
5,70798.0,12133.5,4.584,2.929,10000.0
5,70799.0,13482.517,6.781,7.595,10000.0
5,70800.0,4492.371,7.792,4.001,10000.0
5,70801.0,10042.933,26.931,2.992,10000.0
5,70802.0,10642.143999999998,7.716,3.914,10000.0
5,70803.0,10139.561,17.282,12.953,10000.0
5,70804.0,9715.884,6.659,4.3,10000.0
5,70805.0,10143.317000000001,5.392,3.332,10000.0
5,70806.0,9296.684,71.033,3.118,10000.0
5,70807.0,9954.070000000002,8.849,7.311,10000.0
5,70808.0,10110.788,8.085,4.627,10000.0
5,70809.0,9960.078000000001,7.717,5.03,10000.0
5,70810.0,9927.471,6.469,3.842,10000.0
5,70811.0,10093.869999999999,34.326,1.701,10000.0
5,70812.0,11410.024,4.906,2.248,10000.0
5,70813.0,8704.721,29.956,3.166,10000.0
5,70814.0,10184.689,33.586,18.445,10000.0
5,70815.0,9595.618,5.505,2.821,10000.0
5,70816.0,10031.561,6.076,5.25,10000.0
5,70817.0,9984.846,7.484,4.938,10000.0
5,70818.0,10173.505,13.017,2.725,10000.0
5,70819.0,9939.865000000002,19.858,4.506,10000.0
5,70820.0,9851.67,5.861,15.764,10000.0
5,70821.0,10116.412,7.477,6.255,10000.0
5,70822.0,12122.288999999999,10.057,4.908,10000.0
5,70823.0,7806.431,6.797,3.875,10000.0
5,70824.0,11046.159,4.351,3.652,10000.0
5,70825.0,8913.192000000001,7.533,4.249,10000.0
5,70826.0,10000.465,5.689,5.182,10000.0
5,70827.0,10999.787,25.869,1.862,10000.0
5,70828.0,8997.867,4.515,3.88,10000.0
5,70829.0,10028.337,20.134,3.834,10000.0
5,70830.0,10040.768,7.075,6.602,10000.0
5,70831.0,9948.392,8.29,5.316,10000.0
5,70832.0,9991.378999999999,6.507,5.932,10000.0
5,70833.0,9990.302,7.245,5.35,10000.0
5,70834.0,10425.061,49.21,9.44,10000.0
5,70835.0,10607.234999999999,16.851,3.17,10000.0
5,70836.0,8979.640000000001,8.508,5.688,10000.0
5,70837.0,10411.549,13.406,5.629,10000.0
5,70838.0,9749.088,5.765,14.225,10000.0
5,70839.0,10625.974,6.924,5.008,10000.0
5,70840.0,9229.262999999999,6.934,5.391,10000.0
5,70841.0,10170.557999999999,7.271,4.574,10000.0
5,70842.0,9822.805,5.028,4.087,10000.0
5,70843.0,10078.785,6.371,15.089,10000.0
5,70844.0,10017.537,4.787,2.444,10000.0
5,70845.0,9945.639,34.135,13.929,10000.0
5,70846.0,10871.881,124.795,6.248,10000.0
5,70847.0,9417.791,13.609,3.882,10000.0
5,70848.0,9866.708999999999,10.036,4.23,10000.0
5,70849.0,9812.133,10.559,17.841,10000.0
5,70850.0,9970.840999999999,4.504,4.17,10000.0
5,70851.0,10002.374,5.762,2.516,10000.0
5,70852.0,10076.807999999999,5.464,2.625,10000.0
5,70853.0,9993.922,29.836,5.502,10000.0
5,70854.0,9903.874,4.79,3.029,10000.0
5,70855.0,10018.951,4.903,2.76,10000.0
5,70856.0,10124.1,5.508,3.011,10000.0
5,70857.0,9946.941,4.806,2.164,10000.0
5,70858.0,9933.601,7.396,2.717,10000.0
5,70859.0,10161.385,5.305,2.36,10000.0
5,70860.0,9809.88,4.228,1.968,10000.0
5,70861.0,9997.197,4.634,4.009,10000.0
5,70862.0,9980.628999999999,4.487,3.231,10000.0
5,70863.0,10038.017,5.854,4.024,10000.0
5,70864.0,9986.231,5.188,3.545,10000.0
5,70865.0,10306.993,33.725,2.864,10000.0
5,70866.0,10012.291,38.405,5.321,10000.0
5,70867.0,10012.297,42.391,3.191,10000.0
5,70868.0,9779.436000000002,10.884,12.874,10000.0
5,70869.0,10695.167,30.477,3.001,10000.0
5,70870.0,9310.529999999999,39.165,25.642,10000.0
5,70871.0,10174.976,17.302,3.355,10000.0
5,70872.0,13449.182999999999,5.698,2.366,10000.0
5,70873.0,6277.468,5.212,5.001,10000.0
5,70874.0,10097.001,5.679,3.881,10000.0
5,70875.0,9888.156,5.373,4.518,10000.0
5,70876.0,10022.392,25.196,4.169,10000.0
5,70877.0,10217.492999999999,5.333,1.642,10000.0
5,70878.0,9768.678,5.397,3.016,10000.0
5,70879.0,10419.793,5.927,1.725,10000.0
5,70880.0,9614.503999999999,4.861,3.279,10000.0
5,70881.0,10002.479,6.121,3.172,10000.0
5,70882.0,11108.807999999999,7.366,3.877,10000.0
5,70883.0,10233.842,5.217,2.65,10000.0
5,70884.0,8796.062,29.615,1.911,10000.0
5,70885.0,9943.85,5.891,4.699,10000.0
5,70886.0,9968.351999999999,6.253,10.138,10000.0
5,70887.0,10279.019,35.398,3.765,10000.0
5,70888.0,9812.922,27.555,4.539,10000.0
5,70889.0,9978.809,36.813,19.782,10000.0
5,70890.0,9850.342999999999,4.075,12.905,10000.0
5,70891.0,10315.787,9.41,4.531,10000.0
5,70892.0,9705.013,12.238,12.618,10000.0
5,70893.0,10147.847,10.081,3.751,10000.0
5,70894.0,10032.436,11.818,2.938,10000.0
5,70895.0,9783.112,4.602,2.386,10000.0
5,70896.0,9995.186,5.576,2.266,10000.0
5,70897.0,10020.592,4.668,3.456,10000.0
5,70898.0,9987.404999999999,3.943,1.926,10000.0
5,70899.0,10114.975999999999,7.824,3.48,10000.0
5,70900.0,9957.959,13.486,2.756,10000.0
5,70901.0,9980.142,7.597,3.719,10000.0
5,70902.0,10101.883000000002,15.771,20.828,10000.0
5,70903.0,9947.572,5.191,3.422,10000.0
5,70904.0,11032.765,4.537,6.515,10000.0
5,70905.0,8857.033,3.779,2.094,10000.0
5,70906.0,10240.988,5.633,5.204,10000.0
5,70907.0,9769.876,4.865,2.909,10000.0
5,70908.0,10007.254,5.328,3.397,10000.0
5,70909.0,9994.996000000001,4.426,2.771,10000.0
5,70910.0,9996.901,4.163,3.123,10000.0
5,70911.0,10008.546,6.35,4.061,10000.0
5,70912.0,10357.695,4.929,2.615,10000.0
5,70913.0,9691.005000000001,7.307,6.002,10000.0
5,70914.0,11478.84,5.686,2.929,10000.0
5,70915.0,9373.419,5.705,3.754,10000.0
5,70916.0,9413.687,46.342,20.729,10000.0
5,70917.0,10082.704,65.229,5.003,10000.0
5,70918.0,9733.176,48.365,217.206,10000.0
5,70919.0,10095.152,5.628,16.27,10000.0
5,70920.0,9835.192,6.391,25.822,10000.0
5,70921.0,10053.176000000001,14.936,3.387,10000.0
5,70922.0,10830.841,6.476,37.128,10000.0
5,70923.0,11282.286,11.888,4.595,10000.0
5,70924.0,7762.627,5.423,4.117,10000.0
5,70925.0,10006.292,4.559,2.322,10000.0
5,70926.0,10004.109,5.29,3.908,10000.0
5,70927.0,10345.946,5.581,4.012,10000.0
5,70928.0,10642.511,49.298,2.727,10000.0
5,70929.0,9121.365,6.3,2.731,10000.0
5,70930.0,9874.241,5.745,3.829,10000.0
5,70931.0,10181.190999999999,5.668,4.15,10000.0
5,70932.0,9995.942000000001,5.149,47.056,10000.0
5,70933.0,10164.858,32.29,11.717,10000.0
5,70934.0,11033.869999999999,4.198,2.071,10000.0
5,70935.0,8646.864000000001,23.87,3.289,10000.0
5,70936.0,11956.514,5.659,2.187,10000.0
5,70937.0,8203.940999999999,19.939,3.416,10000.0
5,70938.0,9828.739,4.908,1.672,10000.0
5,70939.0,10174.585,9.372,26.493,10000.0
5,70940.0,9955.995,7.945,3.756,10000.0
5,70941.0,9892.428,7.009,4.972,10000.0
5,70942.0,10037.749,6.743,2.98,10000.0
5,70943.0,9954.704,4.814,3.121,10000.0
5,70944.0,9968.986,4.398,13.8,10000.0
5,70945.0,10017.754,4.372,9.621,10000.0
5,70946.0,10014.652,5.801,6.389,10000.0
5,70947.0,9931.284,4.838,2.886,10000.0
5,70948.0,10240.988,5.356,4.761,10000.0
5,70949.0,9825.261,4.467,3.334,10000.0
5,70950.0,10478.539,4.803,1.864,10000.0
5,70951.0,9503.199,6.096,4.18,10000.0
5,70952.0,10957.126,5.819,4.418,10000.0
5,70953.0,9485.139,6.018,2.599,10000.0
5,70954.0,9622.65,5.623,3.172,10000.0
5,70955.0,10167.416000000001,36.027,20.754,10000.0
5,70956.0,9946.046,8.637,13.605,10000.0
5,70957.0,10422.413999999999,6.783,3.348,10000.0
5,70958.0,9387.850999999999,5.572,3.292,10000.0
5,70959.0,10006.631,5.915,4.887,10000.0
5,70960.0,10099.786,5.897,2.674,10000.0
5,70961.0,9936.919,6.541,3.722,10000.0
5,70962.0,9982.936,6.839,17.816,10000.0
5,70963.0,9964.182,5.781,6.857,10000.0
5,70964.0,11136.124000000002,6.167,2.82,10000.0
5,70965.0,10190.806999999999,4.996,3.081,10000.0
5,70966.0,10162.567000000001,26.611,2.737,10000.0
5,70967.0,8571.939,11.992,4.091,10000.0
5,70968.0,10346.823,6.394,2.142,10000.0
5,70969.0,9611.883,5.115,3.259,10000.0
5,70970.0,10028.832,10.228,3.022,10000.0
5,70971.0,11114.571,4.423,2.229,10000.0
5,70972.0,8935.369999999999,4.837,4.119,10000.0
5,70973.0,10013.224,5.033,4.031,10000.0
5,70974.0,10676.203,6.205,4.192,10000.0
5,70975.0,9249.625,5.711,3.497,10000.0
5,70976.0,10328.148000000001,39.271,4.377,10000.0
5,70977.0,9771.131000000001,5.28,2.131,10000.0
5,70978.0,9950.699,5.843,6.244,10000.0
5,70979.0,10888.831999999999,5.642,2.574,10000.0
5,70980.0,9096.119,6.034,3.278,10000.0
5,70981.0,10556.334,39.721,3.002,10000.0
5,70982.0,9421.947,9.266,72.555,10000.0
5,70983.0,10277.609,40.511,4.607,10000.0
5,70984.0,9740.069000000001,5.876,5.546,10000.0
5,70985.0,10301.337000000001,5.915,3.35,10000.0
5,70986.0,9686.519,6.929,2.965,10000.0
5,70987.0,10106.815999999999,5.42,3.7,10000.0
5,70988.0,10264.389000000001,5.344,11.288,10000.0
5,70989.0,9841.753,11.372,5.373,10000.0
5,70990.0,9777.521,5.881,3.536,10000.0
5,70991.0,10248.159,7.647,4.777,10000.0
5,70992.0,9770.828000000001,6.296,3.951,10000.0
5,70993.0,9944.224999999999,3.541,1.903,10000.0
5,70994.0,10089.859,5.12,3.555,10000.0
5,70995.0,9936.169,35.826,4.428,10000.0
5,70996.0,10009.862,5.957,2.937,10000.0
5,70997.0,10011.48,4.768,3.458,10000.0
5,70998.0,10627.411,8.966,2.958,10000.0
5,70999.0,9453.492,5.357,2.745,10000.0
5,71000.0,10982.982,4.073,3.067,10000.0
5,71001.0,11320.644,23.868,5.379,10000.0
5,71002.0,7826.695999999999,31.313,2.851,10000.0
5,71003.0,9976.635,40.534,4.937,10000.0
5,71004.0,10192.517,1920.002,6.668,10000.0
5,71005.0,10240.868999999999,37.937,3.85,10000.0
5,71006.0,9537.755000000001,11.793,21.68,10000.0
5,71007.0,9992.225,13.888,10.822,10000.0
5,71008.0,10046.688,6.431,5.927,10000.0
5,71009.0,10115.93,11.229,3.789,10000.0
5,71010.0,9653.337,7.235,10.438,10000.0
5,71011.0,10336.922999999999,8.84,15.732,10000.0
5,71012.0,10043.765,5.161,3.786,10000.0
5,71013.0,9774.67,5.969,4.657,10000.0
5,71014.0,10554.279999999999,5.049,3.554,10000.0
5,71015.0,9296.442000000001,3.387,2.59,10000.0
5,71016.0,10068.529999999999,6.883,5.391,10000.0
5,71017.0,10012.409,5.301,3.317,10000.0
5,71018.0,9929.066,4.427,2.817,10000.0
5,71019.0,10090.34,5.14,3.844,10000.0
5,71020.0,11503.522,43.831,2.707,10000.0
5,71021.0,8414.373,6.936,3.393,10000.0
5,71022.0,10000.534,5.491,2.766,10000.0
5,71023.0,11406.0,6.13,3.994,10000.0
5,71024.0,10786.923,6.891,4.632,10000.0
5,71025.0,8010.804,54.3,6.24,10000.0
5,71026.0,9841.463,9.751,13.056,10000.0
5,71027.0,9943.33,5.207,2.89,10000.0
5,71028.0,9951.392,4.547,3.945,10000.0
5,71029.0,10137.314,5.187,2.268,10000.0
5,71030.0,10101.165,8.155,4.526,10000.0
5,71031.0,9809.517,6.622,1.748,10000.0
5,71032.0,10043.826000000001,3.616,1.32,10000.0
5,71033.0,9905.991,5.596,3.665,10000.0
5,71034.0,10191.89,7.012,3.478,10000.0
5,71035.0,10120.747,6.504,4.269,10000.0
5,71036.0,10529.322,5.972,2.668,10000.0
5,71037.0,9773.27,33.054,2.852,10000.0
5,71038.0,9840.53,34.599,4.111,10000.0
5,71039.0,9579.159,4.808,3.04,10000.0
5,71040.0,10425.578,31.804,3.148,10000.0
5,71041.0,9635.367,5.407,2.617,10000.0
5,71042.0,10017.202,6.128,3.207,10000.0
5,71043.0,9947.645999999999,7.809,3.904,10000.0
5,71044.0,10108.881,11.889,5.023,10000.0
5,71045.0,9889.848999999998,4.496,1.662,10000.0
5,71046.0,10002.393,7.872,6.404,10000.0
5,71047.0,9998.398000000001,4.937,3.144,10000.0
5,71048.0,9944.315,6.302,2.659,10000.0
5,71049.0,10020.69,4.423,2.22,10000.0
5,71050.0,10068.679,6.165,4.044,10000.0
5,71051.0,9910.317000000001,5.757,2.183,10000.0
5,71052.0,10228.47,6.504,3.156,10000.0
5,71053.0,10662.846,4.421,3.206,10000.0
5,71054.0,9301.011,33.875,4.083,10000.0
5,71055.0,12150.176,5.78,3.393,10000.0
5,71056.0,7927.392,36.2,4.944,10000.0
5,71057.0,10023.177,7.595,4.095,10000.0
5,71058.0,9893.819,6.545,18.33,10000.0
5,71059.0,10151.538999999999,4.618,4.772,10000.0
5,71060.0,11617.502999999999,7.148,3.824,10000.0
5,71061.0,8111.686,5.096,2.472,10000.0
5,71062.0,11857.888,33.292,15.751,10000.0
5,71063.0,8248.920999999998,32.577,4.541,10000.0
5,71064.0,22468.206000000002,6.895,10.433,10000.0
5,71065.0,20617.491,5.585,1.464,10000.0
5,71066.0,6904.936000000001,12.197,5.361,10000.0
5,71067.0,10142.682999999999,5.676,2.643,10000.0
5,71068.0,9747.745,11.747,4.863,10000.0
5,71069.0,9994.701,5.901,2.925,10000.0
5,71070.0,10067.934000000001,23.068,6.664,10000.0
5,71071.0,9918.191,6.596,22.847,10000.0
5,71072.0,9997.957999999999,5.985,2.948,10000.0
5,71073.0,10228.002,22.43,2.056,10000.0
5,71074.0,10359.920999999998,5.442,3.505,10000.0
5,71075.0,9442.561,5.536,3.06,10000.0
5,71076.0,9959.617,6.551,3.582,10000.0
5,71077.0,10207.045999999998,10.579,5.083,10000.0
5,71078.0,9950.829,5.753,4.535,10000.0
5,71079.0,10062.089,5.887,8.983,10000.0
5,71080.0,9898.225,5.7,4.424,10000.0
5,71081.0,10104.781,5.085,1.641,10000.0
5,71082.0,9906.06,5.095,3.621,10000.0
5,71083.0,10170.848999999998,29.543,10.638,10000.0
5,71084.0,9771.925000000001,4.878,3.078,10000.0
5,71085.0,10273.716,41.167,4.437,10000.0
5,71086.0,9943.993,103.546,4.233,10000.0
5,71087.0,12125.847,6.475,6.224,10000.0
5,71088.0,7651.9980000000005,5.494,2.337,10000.0
5,71089.0,10063.224,5.755,8.068,10000.0
5,71090.0,9973.62,5.592,3.027,10000.0
5,71091.0,10880.760999999999,21.525,1.876,10000.0
5,71092.0,9106.025,4.953,5.001,10000.0
5,71093.0,9919.811,6.051,4.139,10000.0
5,71094.0,10235.028,40.298,18.972,10000.0
5,71095.0,9853.774,7.658,13.832,10000.0
5,71096.0,9918.207999999999,5.061,2.802,10000.0
5,71097.0,10009.06,5.369,3.034,10000.0
5,71098.0,9966.666000000001,4.279,2.292,10000.0
5,71099.0,10096.364,6.676,2.818,10000.0
5,71100.0,9976.384,4.483,3.001,10000.0
5,71101.0,9940.849,4.511,2.214,10000.0
5,71102.0,10097.61,6.943,2.466,10000.0
5,71103.0,10137.58,6.838,2.789,10000.0
5,71104.0,9834.028999999999,6.387,4.559,10000.0
5,71105.0,9937.181,5.723,4.766,10000.0
5,71106.0,10168.653,6.216,4.17,10000.0
5,71107.0,10957.611,6.148,3.307,10000.0
5,71108.0,9081.358,30.715,13.56,10000.0
5,71109.0,10406.422,8.649,5.376,10000.0
5,71110.0,10614.198,24.653,3.39,10000.0
5,71111.0,8850.419,337.736,6.802,10000.0
5,71112.0,9944.126,7.302,4.11,10000.0
5,71113.0,10036.134,5.505,1.788,10000.0
5,71114.0,10118.773,41.264,24.753,10000.0
5,71115.0,10062.019,6.415,3.199,10000.0
5,71116.0,10421.711,7.276,3.443,10000.0
5,71117.0,9659.281,4.479,2.17,10000.0
5,71118.0,9914.826,28.103,30.025,10000.0
5,71119.0,9940.536,31.479,12.81,10000.0
5,71120.0,11997.875,8.173,5.332,10000.0
5,71121.0,7975.507999999999,15.956,15.242,10000.0
5,71122.0,9962.449999999999,9.055,5.075,10000.0
5,71123.0,9960.867,8.939,10.288,10000.0
5,71124.0,10212.252999999999,11.032,2.242,10000.0
5,71125.0,10428.679,16.243,3.472,10000.0
5,71126.0,9319.315999999999,4.712,2.773,10000.0
5,71127.0,10267.557,4.389,3.978,10000.0
5,71128.0,10209.216,7.932,4.587,10000.0
5,71129.0,9586.205,7.187,5.834,10000.0
5,71130.0,9926.176,4.726,2.213,10000.0
5,71131.0,10048.965,38.25,4.019,10000.0
5,71132.0,9944.252,5.463,3.785,10000.0
5,71133.0,10121.365,8.616,3.178,10000.0
5,71134.0,9942.319,7.662,4.602,10000.0
5,71135.0,10063.739,28.871,36.836,10000.0
5,71136.0,10121.804999999998,32.371,10.19,10000.0
5,71137.0,9866.443000000001,4.659,1.468,10000.0
5,71138.0,10006.523,5.769,3.505,10000.0
5,71139.0,9872.381,8.345,4.2,10000.0
5,71140.0,9994.201,6.435,4.051,10000.0
5,71141.0,9987.706,4.912,2.403,10000.0
5,71142.0,10193.684,8.291,3.571,10000.0
5,71143.0,9825.704,9.465,4.907,10000.0
5,71144.0,10089.515,6.766,3.853,10000.0
5,71145.0,10027.503999999999,7.078,5.336,10000.0
5,71146.0,9950.875,6.555,3.767,10000.0
5,71147.0,11008.882,6.739,4.202,10000.0
5,71148.0,9597.775,8.152,4.529,10000.0
5,71149.0,9393.983999999999,5.584,2.957,10000.0
5,71150.0,12768.474,8.24,7.24,10000.0
5,71151.0,7165.252,7.923,1.873,10000.0
5,71152.0,10477.51,6.43,12.234,10000.0
5,71153.0,9539.899,9.331,5.105,10000.0
5,71154.0,10105.194,7.18,26.105,10000.0
5,71155.0,10511.608,5.297,4.15,10000.0
5,71156.0,10097.332,7.821,3.8,10000.0
5,71157.0,9553.202,29.966,3.597,10000.0
5,71158.0,9791.435,8.629,4.957,10000.0
5,71159.0,9942.738,9.342,5.28,10000.0
5,71160.0,10106.355,5.692,2.558,10000.0
5,71161.0,9881.429,43.693,8.424,10000.0
5,71162.0,12155.285,9.398,4.963,10000.0
5,71163.0,7850.191,6.334,2.951,10000.0
5,71164.0,10210.509,8.166,5.014,10000.0
5,71165.0,9739.938,5.081,3.657,10000.0
5,71166.0,10026.039999999999,5.317,1191.278,10000.0
5,71167.0,10321.803,18.603,5.974,10000.0
5,71168.0,9671.95,4.509,4.786,10000.0
5,71169.0,10134.047999999999,4.02,2.342,10000.0
5,71170.0,9919.15,8.044,5.767,10000.0
5,71171.0,10036.962,4.846,2.344,10000.0
5,71172.0,9934.266000000001,4.95,3.229,10000.0
5,71173.0,10013.751,6.015,2.569,10000.0
5,71174.0,10161.272,43.254,3.147,10000.0
5,71175.0,9860.312,18.063,5.995,10000.0
5,71176.0,9920.756,5.95,4.657,10000.0
5,71177.0,10222.153,36.909,10.507,10000.0
5,71178.0,9945.944,13.885,8.727,10000.0
5,71179.0,9869.387999999999,4.92,20.707,10000.0
5,71180.0,11481.460000000001,31.998,2.789,10000.0
5,71181.0,9197.801,4.736,3.834,10000.0
5,71182.0,9381.751,2089.753,18.545,10000.0
5,71183.0,10132.61,10.6,38.031,10000.0
5,71184.0,9839.652,5.166,4.236,10000.0
5,71185.0,9941.061,5.572,5.335,10000.0
5,71186.0,10095.101,4.568,2.196,10000.0
5,71187.0,11481.359,39.397,2.79,10000.0
5,71188.0,8445.172,6.593,2.516,10000.0
5,71189.0,10224.362000000001,38.697,5.155,10000.0
5,71190.0,9921.409000000001,6.034,2.613,10000.0
5,71191.0,9917.511,15.654,4.868,10000.0
5,71192.0,10144.014,33.91,11.586,10000.0
5,71193.0,9896.952000000001,16.609,3.787,10000.0
5,71194.0,9911.708999999999,7.735,8.399,10000.0
5,71195.0,10029.734,14.202,22.718,10000.0
5,71196.0,9965.138,6.016,4.481,10000.0
5,71197.0,10225.339,6.578,3.049,10000.0
5,71198.0,9757.401,5.762,52.895,10000.0
5,71199.0,10153.798999999999,10.539,6.314,10000.0
5,71200.0,11148.122,7.674,31.392,10000.0
5,71201.0,8694.108,7.006,4.205,10000.0
5,71202.0,10032.281,5.808,5.11,10000.0
5,71203.0,9962.63,5.228,2.871,10000.0
5,71204.0,10121.133,6.801,4.248,10000.0
5,71205.0,9904.905999999999,5.309,2.869,10000.0
5,71206.0,9988.081,25.474,2.685,10000.0
5,71207.0,9995.621,3.891,4.131,10000.0
5,71208.0,10094.847,5.562,3.167,10000.0
5,71209.0,9913.145999999999,5.599,2.921,10000.0
5,71210.0,9983.028,4.633,2.167,10000.0
5,71211.0,10230.064,4.674,1.432,10000.0
5,71212.0,9840.342999999999,7.733,4.941,10000.0
5,71213.0,9918.429,5.83,2.764,10000.0
5,71214.0,10089.1,30.068,6.164,10000.0
5,71215.0,10074.5,5.043,3.033,10000.0
5,71216.0,9856.331,6.82,5.489,10000.0
5,71217.0,10053.406,6.021,3.479,10000.0
5,71218.0,10066.649000000001,7.539,4.081,10000.0
5,71219.0,10115.976,34.553,13.167,10000.0
5,71220.0,10062.42,41.061,3.791,10000.0
5,71221.0,10021.846,29.265,3.606,10000.0
5,71222.0,10874.014,41.857,4.047,10000.0
5,71223.0,8881.51,7.367,4.591,10000.0
5,71224.0,9977.002,34.648,4.045,10000.0
5,71225.0,10546.661,7.881,7.051,10000.0
5,71226.0,9438.663,6.613,4.756,10000.0
5,71227.0,9955.993,5.507,4.493,10000.0
5,71228.0,10021.104,15.126,7.073,10000.0
5,71229.0,10056.131,6.431,3.318,10000.0
5,71230.0,9935.065999999999,4.487,2.573,10000.0
5,71231.0,9986.360999999999,4.62,3.156,10000.0
5,71232.0,10003.715999999999,3.748,2.136,10000.0
5,71233.0,9989.636,4.71,2.179,10000.0
5,71234.0,10014.992,4.158,2.363,10000.0
5,71235.0,10020.24,29.033,4.155,10000.0
5,71236.0,9965.264,4.005,2.142,10000.0
5,71237.0,10021.613000000001,18.714,2.112,10000.0
5,71238.0,9990.7,3.41,1.805,10000.0
5,71239.0,10017.817000000001,6.438,3.44,10000.0
5,71240.0,9972.707,4.013,1.513,10000.0
5,71241.0,10021.444,4.861,2.268,10000.0
5,71242.0,9980.214,4.309,13.323,10000.0
5,71243.0,10121.619,4.477,2.281,10000.0
5,71244.0,9939.010999999999,7.308,5.066,10000.0
5,71245.0,11173.644,10.084,4.071,10000.0
5,71246.0,11877.057,14.427,4.179,10000.0
5,71247.0,10187.270999999999,17.089,8.747,10000.0
5,71248.0,6828.93,7.656,5.338,10000.0
5,71249.0,11918.457,4.389,1.893,10000.0
5,71250.0,9798.918,4.081,1.492,10000.0
5,71251.0,8139.090999999999,4.933,3.326,10000.0
5,71252.0,10041.42,6.943,6.788,10000.0
5,71253.0,12405.091,28.895,10.431,10000.0
5,71254.0,8708.855,9.007,4.36,10000.0
5,71255.0,11263.214,6.239,2.588,10000.0
5,71256.0,7724.2609999999995,6.284,4.028,10000.0
5,71257.0,10111.658000000001,5.249,4.291,10000.0
5,71258.0,9990.662,27.753,3.803,10000.0
5,71259.0,9773.03,4.667,2.265,10000.0
5,71260.0,10025.219000000001,4.365,3.499,10000.0
5,71261.0,10071.204,4.065,3.848,10000.0
5,71262.0,10037.942,4.575,1.495,10000.0
5,71263.0,9933.466,6.297,2.956,10000.0
5,71264.0,10092.128,56.247,4.352,10000.0
5,71265.0,9864.264,4.924,3.407,10000.0
5,71266.0,10028.062,6.181,2.696,10000.0
5,71267.0,10989.112000000001,6.779,3.114,10000.0
5,71268.0,9317.017,6.246,2.552,10000.0
5,71269.0,10195.899,39.796,15.665,10000.0
5,71270.0,11897.847,6.017,3.741,10000.0
5,71271.0,7654.526,4.186,1.231,10000.0
5,71272.0,9902.609999999999,4.38,2.178,10000.0
5,71273.0,9973.760999999999,4.723,2.183,10000.0
5,71274.0,10218.334,5.728,2.471,10000.0
5,71275.0,9804.78,4.904,2.213,10000.0
5,71276.0,10771.823999999999,38.937,3.422,10000.0
5,71277.0,9349.351,5.034,3.329,10000.0
5,71278.0,10513.329,37.574,3.544,10000.0
5,71279.0,9491.332999999999,6.279,26.96,10000.0
5,71280.0,10164.623,30.377,14.861,10000.0
5,71281.0,10126.231,31.968,13.558,10000.0
5,71282.0,9746.044,33.89,10.242,10000.0
5,71283.0,9853.784000000001,14.582,4.756,10000.0
5,71284.0,10124.395,9.819,18.974,10000.0
5,71285.0,11074.125,31.714,3.208,10000.0
5,71286.0,8811.421,5.808,93.656,10000.0
5,71287.0,10025.073,6.957,1.744,10000.0
5,71288.0,10410.368999999999,15.476,13.86,10000.0
5,71289.0,11869.08,43.249,14.951,10000.0
5,71290.0,7738.397999999999,4.827,4.298,10000.0
5,71291.0,9950.176,5.297,3.867,10000.0
5,71292.0,10112.696,5.333,3.987,10000.0
5,71293.0,9932.376999999999,5.799,1.775,10000.0
5,71294.0,9925.145999999999,4.877,2.761,10000.0
5,71295.0,10012.325,5.676,4.664,10000.0
5,71296.0,10148.322,6.46,2.875,10000.0
5,71297.0,10455.764,6.721,2.512,10000.0
5,71298.0,9433.225999999999,4.648,2.864,10000.0
5,71299.0,10067.563,5.857,4.525,10000.0
5,71300.0,9910.448,5.407,3.027,10000.0
5,71301.0,10298.356,5.506,2.74,10000.0
5,71302.0,9698.121000000001,4.36,2.454,10000.0
5,71303.0,10084.612,4.936,3.985,10000.0
5,71304.0,9930.501,5.711,2.684,10000.0
5,71305.0,10603.725,10.768,3.782,10000.0
5,71306.0,9396.872000000001,17.332,18.457,10000.0
5,71307.0,9971.493999999999,4.913,3.508,10000.0
5,71308.0,10000.244999999999,5.724,2.803,10000.0
5,71309.0,10293.826000000001,49.061,3.94,10000.0
5,71310.0,11976.595,22.46,1.547,10000.0
5,71311.0,7820.186,18.861,1.847,10000.0
5,71312.0,10014.708,30.458,2.629,10000.0
5,71313.0,9949.16,7.978,22.469,10000.0
5,71314.0,12134.526,30.837,5.258,10000.0
5,71315.0,7976.587,16.152,8.686,10000.0
5,71316.0,9879.16,13.956,5.74,10000.0
5,71317.0,9987.809000000001,5.42,3.519,10000.0
5,71318.0,10133.780999999999,15.715,2.838,10000.0
5,71319.0,9815.687,4.891,4.006,10000.0
5,71320.0,9996.932,4.716,2.483,10000.0
5,71321.0,10162.83,21.319,247.037,10000.0
5,71322.0,10068.237000000001,34.746,15.887,10000.0
5,71323.0,9782.707999999999,6.939,4.966,10000.0
5,71324.0,10810.276,70.126,24.88,10000.0
5,71325.0,9325.033,15.586,4.854,10000.0
5,71326.0,9827.972000000002,4.281,1.998,10000.0
5,71327.0,10165.947,6.52,4.392,10000.0
5,71328.0,10011.584,9.384,6.434,10000.0
5,71329.0,9853.608999999999,6.796,3.989,10000.0
5,71330.0,12132.569,5.112,2.657,10000.0
5,71331.0,8043.349,7.142,4.316,10000.0
5,71332.0,9802.934,5.761,2.724,10000.0
5,71333.0,11188.623,5.804,2.604,10000.0
5,71334.0,8900.224,6.121,4.747,10000.0
5,71335.0,9944.579,5.068,2.901,10000.0
5,71336.0,10035.737,4.988,3.986,10000.0
5,71337.0,10589.645,5.847,4.23,10000.0
5,71338.0,9362.945,6.328,6.814,10000.0
5,71339.0,10013.912,5.002,4.348,10000.0
5,71340.0,10012.261999999999,8.748,3.817,10000.0
5,71341.0,9986.317,7.574,4.214,10000.0
5,71342.0,10052.513,229.297,3.437,10000.0
5,71343.0,10082.310000000001,6.19,6.429,10000.0
5,71344.0,11008.118,7.938,2.4,10000.0
5,71345.0,9922.554,7.286,2.86,10000.0
5,71346.0,9019.038,4.526,520.879,10000.0
5,71347.0,11093.089,23.268,2.45,10000.0
5,71348.0,9061.352,50.341,6.678,10000.0
5,71349.0,9715.482,5.826,4.595,10000.0
5,71350.0,10039.332,5.232,2.989,10000.0
5,71351.0,10149.26,18.152,3.522,10000.0
5,71352.0,9846.198,15.313,5.589,10000.0
5,71353.0,10844.563999999998,13.575,3.15,10000.0
5,71354.0,9174.287999999999,6.079,10.09,10000.0
5,71355.0,9992.625999999998,4.617,3.521,10000.0
5,71356.0,10093.008,5.302,1.663,10000.0
5,71357.0,9946.782,4.834,1.819,10000.0
5,71358.0,10060.619,5.114,1.75,10000.0
5,71359.0,9887.037,6.471,4.186,10000.0
5,71360.0,11085.021999999999,5.25,2.791,10000.0
5,71361.0,8930.987,4.92,2.071,10000.0
5,71362.0,10324.509,3.312,1.71,10000.0
5,71363.0,9711.913,8.572,4.523,10000.0
5,71364.0,9960.091,5.122,84.494,10000.0
5,71365.0,10282.332,4.53,2.477,10000.0
5,71366.0,10873.100999999999,5.852,5.312,10000.0
5,71367.0,9243.272,142.504,3.194,10000.0
5,71368.0,9747.423,31.216,2.761,10000.0
5,71369.0,12310.948,36.549,23.198,10000.0
5,71370.0,7661.861,30.642,4.724,10000.0
5,71371.0,9891.749,6.775,2.969,10000.0
5,71372.0,12128.366999999998,6.344,3.356,10000.0
5,71373.0,8031.125999999999,23.187,7.831,10000.0
5,71374.0,9832.9,10.642,7.318,10000.0
5,71375.0,10040.132,76.364,5.36,10000.0
5,71376.0,11282.059000000001,7.744,4.591,10000.0
5,71377.0,8646.727,4.084,1.497,10000.0
5,71378.0,10046.298999999999,6.035,1.712,10000.0
5,71379.0,10081.272,7.782,2.256,10000.0
5,71380.0,9868.798999999999,3.981,2.076,10000.0
5,71381.0,10330.893,7.211,4.089,10000.0
5,71382.0,9710.4,6.754,3.474,10000.0
5,71383.0,10065.828000000001,5.613,3.066,10000.0
5,71384.0,12063.063,5.274,2.443,10000.0
5,71385.0,7892.8060000000005,25.539,3.746,10000.0
5,71386.0,10034.264,8.892,6.325,10000.0
5,71387.0,10070.144,4.869,2.059,10000.0
5,71388.0,10896.471,8.267,3.147,10000.0
5,71389.0,9238.974,50.529,2.928,10000.0
5,71390.0,10782.657,5.926,2.002,10000.0
5,71391.0,9263.92,32.277,10.539,10000.0
5,71392.0,9903.381,43.004,10.882,10000.0
5,71393.0,9815.247,5.423,6.288,10000.0
5,71394.0,11169.919,208.814,13.787,10000.0
5,71395.0,9152.188,8.666,5.542,10000.0
5,71396.0,9628.425,5.866,3.732,10000.0
5,71397.0,10168.379,5.967,3.345,10000.0
5,71398.0,9844.13,5.704,2.128,10000.0
5,71399.0,10025.612,5.821,3.34,10000.0
5,71400.0,10100.032,5.138,13.029,10000.0
5,71401.0,10944.36,6.847,4.451,10000.0
5,71402.0,8948.375,6.554,3.472,10000.0
5,71403.0,10086.667000000001,7.547,6.446,10000.0
5,71404.0,11255.456,7.627,4.808,10000.0
5,71405.0,8814.965,12.2,3.568,10000.0
5,71406.0,10313.659,5.718,1.659,10000.0
5,71407.0,9766.33,6.832,4.903,10000.0
5,71408.0,9902.31,7.995,5.24,10000.0
5,71409.0,9865.805,8.836,4.868,10000.0
5,71410.0,10688.306999999999,31.272,3.382,10000.0
5,71411.0,9510.22,29.841,14.739,10000.0
5,71412.0,9828.059,6.821,7.697,10000.0
5,71413.0,9988.751,8.214,8.205,10000.0
5,71414.0,9986.853000000001,6.876,6.797,10000.0
5,71415.0,10736.304,4.898,2.777,10000.0
5,71416.0,9324.324999999999,1269.241,2.626,10000.0
5,71417.0,11517.743,8.408,9.081,10000.0
5,71418.0,8606.355,8.505,4.99,10000.0
5,71419.0,9809.44,8.487,5.094,10000.0
5,71420.0,12297.313,6.882,6.548,10000.0
5,71421.0,7740.4220000000005,6.501,3.368,10000.0
5,71422.0,10009.172999999999,24.53,3.97,10000.0
5,71423.0,10145.177,40.06,6.83,10000.0
5,71424.0,10129.308,39.117,8.393,10000.0
5,71425.0,9960.458,18.374,19.275,10000.0
5,71426.0,9865.797,13.196,11.476,10000.0
5,71427.0,9970.227,6.108,6.156,10000.0
5,71428.0,10075.531,5.633,4.877,10000.0
5,71429.0,9952.773,6.604,5.018,10000.0
5,71430.0,9873.846,5.15,3.451,10000.0
5,71431.0,10016.295999999998,5.434,3.862,10000.0
5,71432.0,9947.436,28.315,2.762,10000.0
5,71433.0,9979.227,3.481,2.715,10000.0
5,71434.0,10105.424,5.022,2.997,10000.0
5,71435.0,11469.111,5.129,2.894,10000.0
5,71436.0,8580.03,6.084,7.441,10000.0
5,71437.0,13062.112000000001,5.94,3.14,10000.0
5,71438.0,7350.51,7.668,4.65,10000.0
5,71439.0,9838.465,4.019,1.221,10000.0
5,71440.0,9605.324,5.377,3.116,10000.0
5,71441.0,10330.161,7.255,5.766,10000.0
5,71442.0,12860.135,28.948,2.008,10000.0
5,71443.0,7281.524,7.945,7.263,10000.0
5,71444.0,9539.589,6.961,5.641,10000.0
5,71445.0,10203.877999999999,8.101,7.666,10000.0
5,71446.0,9823.576000000001,5.628,4.228,10000.0
5,71447.0,10558.257,7.639,4.759,10000.0
5,71448.0,9543.24,8.653,6.195,10000.0
5,71449.0,10327.034000000001,7.784,4.58,10000.0
5,71450.0,9562.549,7.528,5.437,10000.0
5,71451.0,11099.53,5.784,3.252,10000.0
5,71452.0,8913.606,5.453,7.988,10000.0
5,71453.0,10093.787,5.63,3.765,10000.0
5,71454.0,9840.929,6.704,6.081,10000.0
5,71455.0,10031.701000000001,4.918,5.194,10000.0
5,71456.0,10128.836000000001,9.122,7.478,10000.0
5,71457.0,9956.839,5.876,2.951,10000.0
5,71458.0,9891.044,5.897,3.161,10000.0
5,71459.0,10366.828,4.676,2.491,10000.0
5,71460.0,9632.842,4.142,2.033,10000.0
5,71461.0,10060.229000000001,5.799,4.573,10000.0
5,71462.0,10125.251,6.479,3.279,10000.0
5,71463.0,10032.298,19.887,3.322,10000.0
5,71464.0,10025.512,99.685,4.827,10000.0
5,71465.0,10122.005,42.893,1150.427,10000.0
5,71466.0,9763.957,21.294,3.929,10000.0
5,71467.0,10242.633,41.581,20.567,10000.0
5,71468.0,9823.463,13.244,6.315,10000.0
5,71469.0,9987.592999999999,20.82,5.285,10000.0
5,71470.0,9985.334,23.204,3.294,10000.0
5,71471.0,9982.461,21.09,5.141,10000.0
5,71472.0,10007.933,5.544,7.593,10000.0
5,71473.0,10105.93,9.786,3.973,10000.0
5,71474.0,10525.675,7.121,2.933,10000.0
5,71475.0,9224.997000000001,5.188,4.053,10000.0
5,71476.0,10032.380000000001,6.715,10.537,10000.0
5,71477.0,11122.368,5.36,3.993,10000.0
5,71478.0,8829.465999999999,5.143,2.429,10000.0
5,71479.0,10024.246000000001,26.899,4.136,10000.0
5,71480.0,9978.449,5.152,2.545,10000.0
5,71481.0,10013.581,4.345,3.116,10000.0
5,71482.0,10112.836,6.921,4.324,10000.0
5,71483.0,9902.35,4.126,4.359,10000.0
5,71484.0,10024.248,5.255,3.596,10000.0
5,71485.0,9972.96,8.057,7.535,10000.0
5,71486.0,9986.06,3.95,3.072,10000.0
5,71487.0,10060.583,8.014,4.569,10000.0
5,71488.0,9956.035,6.89,4.662,10000.0
5,71489.0,10361.952000000001,88.883,5.029,10000.0
5,71490.0,13701.339,7.823,3.428,10000.0
5,71491.0,6141.0,33.429,5.561,10000.0
5,71492.0,10134.098,42.927,4.892,10000.0
5,71493.0,10489.841,30.786,9.148,10000.0
5,71494.0,9179.293,6.853,3.417,10000.0
5,71495.0,10059.186,9.005,3.897,10000.0
5,71496.0,9934.755,7.117,9.888,10000.0
5,71497.0,11052.107,4.965,3.178,10000.0
5,71498.0,8930.307,5.254,15.086,10000.0
5,71499.0,10228.187,7.431,3.258,10000.0
5,71500.0,10880.469000000001,5.302,2.355,10000.0
5,71501.0,8912.463000000002,6.385,5.761,10000.0
5,71502.0,10057.988000000001,6.088,4.549,10000.0
5,71503.0,10028.624,6.756,3.354,10000.0
5,71504.0,9890.88,7.26,4.044,10000.0
5,71505.0,10011.789,4.442,9.378,10000.0
5,71506.0,10328.352,38.575,4.33,10000.0
5,71507.0,9831.75,6.752,20.23,10000.0
5,71508.0,10081.672,12.848,4.862,10000.0
5,71509.0,11508.358,6.395,4.601,10000.0
5,71510.0,9648.672,8.66,6.069,10000.0
5,71511.0,8594.338,8.389,3.472,10000.0
5,71512.0,9993.834,9.91,2.546,10000.0
5,71513.0,10090.181999999999,9.197,3.525,10000.0
5,71514.0,10164.642,3.708,2.315,10000.0
5,71515.0,9822.723,54.735,3.683,10000.0
5,71516.0,9925.226,7.453,3.502,10000.0
5,71517.0,10122.543,7.702,2.924,10000.0
5,71518.0,9954.44,7.813,4.749,10000.0
5,71519.0,10134.393,8.389,4.717,10000.0
5,71520.0,9789.526,5.36,3.64,10000.0
5,71521.0,10003.399,11.207,19.263,10000.0
5,71522.0,10229.694,5.385,12.194,10000.0
5,71523.0,9769.921,6.525,3.072,10000.0
5,71524.0,10161.534,23.574,6.396,10000.0
5,71525.0,9872.856,5.987,2.835,10000.0
5,71526.0,9949.641,4.867,2.703,10000.0
5,71527.0,10959.196,7.942,9.368,10000.0
5,71528.0,9137.255000000001,4.67,3.307,10000.0
5,71529.0,9968.715,6.324,1.934,10000.0
5,71530.0,9939.658000000001,3.875,1.605,10000.0
5,71531.0,10079.44,6.054,3.217,10000.0
5,71532.0,9954.967999999999,29.5,3.979,10000.0
5,71533.0,9997.305999999999,10.537,2.298,10000.0
5,71534.0,10062.757,7.394,9.192,10000.0
5,71535.0,10048.876999999999,5.168,4.085,10000.0
5,71536.0,9964.132000000001,5.385,3.802,10000.0
5,71537.0,10018.136,8.128,3.039,10000.0
5,71538.0,10053.582999999999,5.42,4.591,10000.0
5,71539.0,9965.347,6.079,2.619,10000.0
5,71540.0,9872.97,5.904,3.169,10000.0
5,71541.0,10180.696,6.892,3.541,10000.0
5,71542.0,10047.84,4.711,3.989,10000.0
5,71543.0,9875.846000000001,38.68,4.016,10000.0
5,71544.0,10111.051,40.187,2.888,10000.0
5,71545.0,9767.472,5.384,6.242,10000.0
5,71546.0,10052.504,13.131,25.317,10000.0
5,71547.0,12044.523,5.861,2.473,10000.0
5,71548.0,7885.144,4.051,4.351,10000.0
5,71549.0,10104.376,5.48,3.488,10000.0
5,71550.0,10441.392,5.549,4.481,10000.0
5,71551.0,9503.434,7.627,4.903,10000.0
5,71552.0,9959.383,3.483,5.274,10000.0
5,71553.0,10249.882,56.554,2.884,10000.0
5,71554.0,10827.251,5.967,2.801,10000.0
5,71555.0,9036.213,5.083,3.823,10000.0
5,71556.0,9995.732,7.045,8.958,10000.0
5,71557.0,10281.324999999999,10.465,3.287,10000.0
5,71558.0,9667.428,6.679,3.34,10000.0
5,71559.0,10102.409,7.765,6.6,10000.0
5,71560.0,9846.277,5.738,2.224,10000.0
5,71561.0,11160.748,4.855,2.881,10000.0
5,71562.0,8827.923999999999,4.315,4.954,10000.0
5,71563.0,10162.487,28.984,3.28,10000.0
5,71564.0,10116.078000000001,19.531,10.26,10000.0
5,71565.0,9731.696,4.649,2.562,10000.0
5,71566.0,10019.243,6.283,4.669,10000.0
5,71567.0,13160.385,23.133,3.12,10000.0
5,71568.0,6866.7429999999995,16.382,9.835,10000.0
5,71569.0,9952.804,6.053,7.878,10000.0
5,71570.0,15331.607,5.331,2.22,10000.0
5,71571.0,5827.179,5.171,2.954,10000.0
5,71572.0,9206.15,6.549,2.839,10000.0
5,71573.0,9662.103,5.403,3.676,10000.0
5,71574.0,9989.902,5.36,12.525,10000.0
5,71575.0,10088.270999999999,6.603,4.57,10000.0
5,71576.0,10155.069,50.699,5.897,10000.0
5,71577.0,10347.467,5.365,4.234,10000.0
5,71578.0,10926.318000000001,6.291,3.658,10000.0
5,71579.0,8502.320000000002,5.707,2.889,10000.0
5,71580.0,10047.371,4.882,30.432,10000.0
5,71581.0,10013.394,33.244,4.354,10000.0
5,71582.0,10692.432,30.556,7.078,10000.0
5,71583.0,9266.642,19.742,4.637,10000.0
5,71584.0,10959.605000000001,7.149,5.098,10000.0
5,71585.0,9256.533000000001,15.021,5.971,10000.0
5,71586.0,9782.228000000001,6.039,4.086,10000.0
5,71587.0,10081.873,15.206,5.124,10000.0
5,71588.0,9947.658,4.487,2.11,10000.0
5,71589.0,9925.757,5.335,2.208,10000.0
5,71590.0,10033.535,5.79,4.33,10000.0
5,71591.0,9954.272,4.672,1.575,10000.0
5,71592.0,10237.597,5.367,3.802,10000.0
5,71593.0,9811.711000000001,7.692,2.05,10000.0
5,71594.0,9969.386999999999,3.592,1.664,10000.0
5,71595.0,10004.594000000001,4.722,3.369,10000.0
5,71596.0,10077.858,4.89,2.548,10000.0
5,71597.0,9865.886,4.655,3.034,10000.0
5,71598.0,10128.079,6.916,3.33,10000.0
5,71599.0,9969.908,10.005,4.981,10000.0
5,71600.0,9958.325,5.113,3.995,10000.0
5,71601.0,9998.233,5.598,3.692,10000.0
5,71602.0,10012.360999999999,5.035,3.04,10000.0
5,71603.0,10045.612000000001,5.47,4.436,10000.0
5,71604.0,9976.482,5.061,3.438,10000.0
5,71605.0,10171.918,4.424,2.548,10000.0
5,71606.0,10420.778,6.183,17.562,10000.0
5,71607.0,9766.752999999999,21.398,11.132,10000.0
5,71608.0,9601.321,5.122,3.693,10000.0
5,71609.0,10282.007,11.027,2.083,10000.0
5,71610.0,9722.217999999999,4.301,2.406,10000.0
5,71611.0,10101.524000000001,5.711,2.596,10000.0
5,71612.0,9987.073,4.611,4.015,10000.0
5,71613.0,9890.121,4.272,8.321,10000.0
5,71614.0,10019.725,5.447,2.138,10000.0
5,71615.0,9997.664999999999,5.845,3.489,10000.0
5,71616.0,10053.728,5.203,2.444,10000.0
5,71617.0,9950.021,4.169,1.972,10000.0
5,71618.0,9992.216999999999,4.47,1.443,10000.0
5,71619.0,10001.856,7.87,8.365,10000.0
5,71620.0,10701.234,4.75,2.568,10000.0
5,71621.0,9958.331,4.966,1.584,10000.0
5,71622.0,9897.009,3.847,1.46,10000.0
5,71623.0,9426.468,5.158,3.191,10000.0
5,71624.0,10011.298,3.936,2.546,10000.0
5,71625.0,10158.335,7.413,3.654,10000.0
5,71626.0,10047.771,36.364,3.601,10000.0
5,71627.0,10200.612,556.438,3.075,10000.0
5,71628.0,10429.487,27.684,2.301,10000.0
5,71629.0,9319.053,110.097,3.952,10000.0
5,71630.0,9833.441,4.364,29.527,10000.0
5,71631.0,10075.747,5.183,3.821,10000.0
5,71632.0,10115.247000000001,6.794,4.018,10000.0
5,71633.0,9830.889000000001,4.55,3.495,10000.0
5,71634.0,10014.699,5.99,3.287,10000.0
5,71635.0,9981.788,5.948,3.337,10000.0
5,71636.0,10086.411,4.63,2.289,10000.0
5,71637.0,11094.312,4.796,2.743,10000.0
5,71638.0,8863.915,5.56,3.302,10000.0
5,71639.0,10013.032,4.91,2.789,10000.0
5,71640.0,10016.097,6.448,4.123,10000.0
5,71641.0,9935.467,5.432,2.081,10000.0
5,71642.0,10014.656,6.651,2.163,10000.0
5,71643.0,9964.384,4.496,1.949,10000.0
5,71644.0,9978.404999999999,14.926,2.722,10000.0
5,71645.0,9969.715,3.935,1.997,10000.0
5,71646.0,10112.965999999999,4.217,3.087,10000.0
5,71647.0,11253.993,4.339,2.835,10000.0
5,71648.0,8742.111,7.597,4.124,10000.0
5,71649.0,10389.898,5.429,8.823,10000.0
5,71650.0,9797.749,122.347,4.935,10000.0
5,71651.0,9893.167,6.912,4.294,10000.0
5,71652.0,9803.695,3.536,1.926,10000.0
5,71653.0,11212.964,6.314,3.157,10000.0
5,71654.0,8959.902,3.9,2.602,10000.0
5,71655.0,9893.338,4.013,2.939,10000.0
5,71656.0,9991.287999999999,5.167,2.212,10000.0
5,71657.0,10607.773,5.207,2.341,10000.0
5,71658.0,9412.471,5.707,4.373,10000.0
5,71659.0,10004.686,6.054,3.404,10000.0
5,71660.0,10264.515,28.86,4.606,10000.0
5,71661.0,9747.083,15.641,5.958,10000.0
5,71662.0,10039.453,134.305,4.789,10000.0
5,71663.0,10787.331,5.967,6.223,10000.0
5,71664.0,9243.108,13.939,18.189,10000.0
5,71665.0,10061.124,158.204,5.411,10000.0
5,71666.0,10354.066,8.397,2.752,10000.0
5,71667.0,9493.926,5.878,5.128,10000.0
5,71668.0,10256.596,12.436,5.945,10000.0
5,71669.0,9759.284,7.18,4.136,10000.0
5,71670.0,10579.152,7.417,4.734,10000.0
5,71671.0,9457.833,7.797,6.514,10000.0
5,71672.0,9974.142,7.087,5.789,10000.0
5,71673.0,9995.882,6.322,4.955,10000.0
5,71674.0,10287.286,5.937,1.947,10000.0
5,71675.0,9713.262,5.951,3.95,10000.0
5,71676.0,10173.010999999999,39.544,5.83,10000.0
5,71677.0,10945.636,6.658,1.765,10000.0
5,71678.0,9005.724999999999,6.61,3.995,10000.0
5,71679.0,11074.061,50.524,4.792,10000.0
5,71680.0,8856.713,4.181,2.396,10000.0
5,71681.0,9925.908000000001,5.547,5.034,10000.0
5,71682.0,9998.936,6.023,3.813,10000.0
5,71683.0,9980.050000000001,11.856,5.465,10000.0
5,71684.0,10074.098,4.838,2.142,10000.0
5,71685.0,10140.323,4.205,2.327,10000.0
5,71686.0,11868.095000000001,8.027,5.856,10000.0
5,71687.0,7931.251,4.616,2.473,10000.0
5,71688.0,10044.784,6.473,5.168,10000.0
5,71689.0,9947.518,3.782,3.375,10000.0
5,71690.0,10068.841,3.014,2.793,10000.0
5,71691.0,9980.474,5.334,3.487,10000.0
5,71692.0,10200.517,5.765,3.444,10000.0
5,71693.0,9771.588,4.155,1.856,10000.0
5,71694.0,9977.359,5.415,2.339,10000.0
5,71695.0,10180.604,7.158,2.416,10000.0
5,71696.0,10177.658,4.097,3.979,10000.0
5,71697.0,9634.93,3.693,13.763,10000.0
5,71698.0,11283.085,20.129,29.306,10000.0
5,71699.0,8769.121,5.62,4.155,10000.0
5,71700.0,10159.85,5.412,4.026,10000.0
5,71701.0,10835.461,4.902,2.388,10000.0
5,71702.0,9142.763,43.382,4.576,10000.0
5,71703.0,10086.134,1048.02,4.657,10000.0
5,71704.0,9738.003,6.337,9.799,10000.0
5,71705.0,10348.17,5.065,3.31,10000.0
5,71706.0,9909.713,8.65,10.254,10000.0
5,71707.0,9773.1,10.222,4.606,10000.0
5,71708.0,10212.218,24.673,2.225,10000.0
5,71709.0,9784.695,10.703,3.061,10000.0
5,71710.0,10507.821,6.169,3.95,10000.0
5,71711.0,10409.374000000002,32.714,1.853,10000.0
5,71712.0,9279.542,38.543,15.62,10000.0
5,71713.0,10260.14,28.592,27.674,10000.0
5,71714.0,9727.918,18.995,25.064,10000.0
5,71715.0,10034.027,11.675,4.117,10000.0
5,71716.0,9874.156,17.209,3.602,10000.0
5,71717.0,9888.028,7.898,4.797,10000.0
5,71718.0,9991.127,5.649,4.286,10000.0
5,71719.0,10084.103000000001,5.151,3.579,10000.0
5,71720.0,9898.267,7.622,3.688,10000.0
5,71721.0,10068.278,3.944,1.501,10000.0
5,71722.0,9975.99,3.811,1.716,10000.0
5,71723.0,10110.190999999999,8.575,3.578,10000.0
5,71724.0,9847.93,5.79,5.223,10000.0
5,71725.0,10025.397,5.489,2.217,10000.0
5,71726.0,10000.001,5.856,5.25,10000.0
5,71727.0,10023.487,5.59,6.645,10000.0
5,71728.0,9974.432999999999,7.069,4.622,10000.0
5,71729.0,10850.043,3.771,2.11,10000.0
6,71730.0,9290.655,4.428,2.7,10000.0
6,71731.0,9857.026,5.127,4.118,10000.0
6,71732.0,9942.456,4.213,3.449,10000.0
6,71733.0,10093.546,6.338,3.168,10000.0
6,71734.0,9987.498,8.373,4.578,10000.0
6,71735.0,10017.563,4.164,3.074,10000.0
6,71736.0,10010.153,4.357,2.125,10000.0
6,71737.0,9942.143,4.216,2.541,10000.0
6,71738.0,9992.631,4.885,3.344,10000.0
6,71739.0,10170.422,38.856,2.688,10000.0
6,71740.0,10388.296999999999,5.308,28.201,10000.0
6,71741.0,9580.877,10.966,3.809,10000.0
6,71742.0,9944.405,4.804,7.479,10000.0
6,71743.0,9936.395,4.481,4.115,10000.0
6,71744.0,10001.753,300.818,3.6,10000.0
6,71745.0,9972.716,4.79,4.923,10000.0
6,71746.0,10007.372000000001,4.359,2.057,10000.0
6,71747.0,10094.902,4.713,2.983,10000.0
6,71748.0,9894.801,4.38,2.059,10000.0
6,71749.0,10092.614,5.263,3.564,10000.0
6,71750.0,9909.178,4.708,3.347,10000.0
6,71751.0,10131.517,7.652,5.925,10000.0
6,71752.0,9893.791000000001,6.15,3.446,10000.0
6,71753.0,9991.524,3.944,2.709,10000.0
6,71754.0,10087.307,4.38,2.005,10000.0
6,71755.0,9923.125,3.841,1.169,10000.0
6,71756.0,10167.11,20.388,3.446,10000.0
6,71757.0,9823.642,4.545,2.722,10000.0
6,71758.0,10037.607,5.43,495.488,10000.0
6,71759.0,11238.089,4.34,3.738,10000.0
6,71760.0,8743.110999999999,5.385,2.753,10000.0
6,71761.0,10256.774,50.613,3.883,10000.0
6,71762.0,9807.766000000001,4.734,2.334,10000.0
6,71763.0,10009.742,4.848,2.35,10000.0
6,71764.0,12476.715,7.18,4.249,10000.0
6,71765.0,7445.1539999999995,7.253,7.211,10000.0
6,71766.0,10114.689,8.134,3.976,10000.0
6,71767.0,9986.357,8.804,4.32,10000.0
6,71768.0,9918.33,6.223,4.192,10000.0
6,71769.0,10292.898,3.791,1.815,10000.0
6,71770.0,9709.07,8.293,5.546,10000.0
6,71771.0,10332.248,7.975,3.651,10000.0
6,71772.0,9635.466,378.06,3.398,10000.0
6,71773.0,10003.625,4.966,2.975,10000.0
6,71774.0,9981.731,4.493,3.215,10000.0
6,71775.0,10065.308,5.226,3.815,10000.0
6,71776.0,10188.430999999999,42.605,3.509,10000.0
6,71777.0,9751.446,4.359,2.351,10000.0
6,71778.0,11239.41,6.352,4.413,10000.0
6,71779.0,9222.717999999999,5.813,3.767,10000.0
6,71780.0,9873.778,24.393,3.442,10000.0
6,71781.0,9926.57,6.113,3.086,10000.0
6,71782.0,9933.349,7.038,5.307,10000.0
6,71783.0,9832.675000000001,8.081,4.238,10000.0
6,71784.0,10076.203000000001,7.27,6.103,10000.0
6,71785.0,10007.639000000001,8.07,5.289,10000.0
6,71786.0,9909.914,5.783,6.259,10000.0
6,71787.0,10015.470000000001,5.6,5.792,10000.0
6,71788.0,10018.26,14.13,4.253,10000.0
6,71789.0,10082.888,6.929,3.507,10000.0
6,71790.0,9896.833,6.813,2.419,10000.0
6,71791.0,10133.705,27.511,4.438,10000.0
6,71792.0,10093.695,38.856,5.049,10000.0
6,71793.0,10381.657000000001,6.344,3.71,10000.0
6,71794.0,10454.848,6.227,3.818,10000.0
6,71795.0,8900.101,5.388,5.331,10000.0
6,71796.0,10077.498000000001,7.126,4.474,10000.0
6,71797.0,9906.925000000001,4.862,2.967,10000.0
6,71798.0,10095.59,5.594,9.248,10000.0
6,71799.0,9923.744999999999,8.785,3.794,10000.0
6,71800.0,10057.583999999999,4.849,1.535,10000.0
6,71801.0,10039.383,11.237,3.689,10000.0
6,71802.0,10176.654999999999,103.548,3.884,10000.0
6,71803.0,9737.377,6.461,3.306,10000.0
6,71804.0,10030.815,5.082,2.95,10000.0
6,71805.0,10108.743999999999,6.025,4.542,10000.0
6,71806.0,9853.874,3.776,2.664,10000.0
6,71807.0,10273.333,44.451,3.013,10000.0
6,71808.0,9806.191,5.814,3.267,10000.0
6,71809.0,10145.231,6.369,3.448,10000.0
6,71810.0,10018.037,43.539,4.403,10000.0
6,71811.0,9814.462,5.576,2.856,10000.0
6,71812.0,10092.158000000001,7.289,5.046,10000.0
6,71813.0,9846.301,5.619,3.175,10000.0
6,71814.0,9998.501999999999,5.533,4.275,10000.0
6,71815.0,10100.569,6.823,4.37,10000.0
6,71816.0,12030.072,9.331,1.788,10000.0
6,71817.0,7947.284000000001,5.504,6.237,10000.0
6,71818.0,10091.378,83.437,3.583,10000.0
6,71819.0,9922.453,6.384,5.158,10000.0
6,71820.0,10260.65,3.942,2.242,10000.0
6,71821.0,9662.133,6.428,4.749,10000.0
6,71822.0,10000.801,5.906,4.713,10000.0
6,71823.0,10139.026,7.073,2.966,10000.0
6,71824.0,9865.993999999999,5.601,4.458,10000.0
6,71825.0,10003.012,6.12,44.413,10000.0
6,71826.0,10433.702,7.088,4.327,10000.0
6,71827.0,11865.146,9.017,3.607,10000.0
6,71828.0,7837.459,12.872,12.626,10000.0
6,71829.0,10101.724,9.691,4.494,10000.0
6,71830.0,10141.041,4.24,11.115,10000.0
6,71831.0,9742.345,11.456,6.015,10000.0
6,71832.0,11257.309,9.318,6.644,10000.0
6,71833.0,9836.869,9.408,5.16,10000.0
6,71834.0,9088.069000000001,8.525,4.967,10000.0
6,71835.0,9913.208,8.308,8.082,10000.0
6,71836.0,9922.94,28.708,5.413,10000.0
6,71837.0,10267.249000000002,40.797,4.029,10000.0
6,71838.0,9613.408000000001,9.438,4.7,10000.0
6,71839.0,9993.176,15.885,5.717,10000.0
6,71840.0,9959.377999999999,6.685,2.225,10000.0
6,71841.0,9987.206,5.092,1.898,10000.0
6,71842.0,9992.641,5.232,2.739,10000.0
6,71843.0,10018.264000000001,5.321,2.292,10000.0
6,71844.0,10165.502,6.986,3.702,10000.0
6,71845.0,11433.090999999999,5.888,2.13,10000.0
6,71846.0,8575.586,8.838,6.969,10000.0
6,71847.0,9899.217,5.529,2.516,10000.0
6,71848.0,9998.79,4.82,4.172,10000.0
6,71849.0,9986.895,9.166,9.913,10000.0
6,71850.0,9943.297,4.04,3.099,10000.0
6,71851.0,10292.974999999999,34.665,4.92,10000.0
6,71852.0,9843.448,39.998,3.385,10000.0
6,71853.0,10989.224,5.524,48.661,10000.0
6,71854.0,8986.189,19.27,6.052,10000.0
6,71855.0,10069.994,6.601,3.628,10000.0
6,71856.0,10568.026,10.014,4.693,10000.0
6,71857.0,9533.061000000002,21.855,4.263,10000.0
6,71858.0,9731.887,4.56,3.564,10000.0
6,71859.0,9994.164,5.355,1.875,10000.0
6,71860.0,9988.706,5.517,3.448,10000.0
6,71861.0,9994.708999999999,5.165,2.435,10000.0
6,71862.0,10005.892,5.049,3.006,10000.0
6,71863.0,10064.587,5.951,4.653,10000.0
6,71864.0,10280.087,3.709,1.599,10000.0
6,71865.0,9731.659,7.286,4.453,10000.0
6,71866.0,9890.465,4.944,3.28,10000.0
6,71867.0,10242.934000000001,4.082,2.687,10000.0
6,71868.0,9988.090999999999,7.89,3.092,10000.0
6,71869.0,9811.983999999999,5.31,3.569,10000.0
6,71870.0,9976.577000000001,4.837,2.967,10000.0
6,71871.0,9997.960000000001,5.832,2.303,10000.0
6,71872.0,10075.726,5.23,4.455,10000.0
6,71873.0,9983.006000000001,5.22,3.24,10000.0
6,71874.0,11500.626,7.409,19.792,10000.0
6,71875.0,10518.279,4.597,2.456,10000.0
6,71876.0,8197.312,33.643,3.317,10000.0
6,71877.0,9845.786,5.654,5.063,10000.0
6,71878.0,9887.174,4.77,4.81,10000.0
6,71879.0,10032.559,5.625,3.819,10000.0
6,71880.0,11450.373,6.115,3.669,10000.0
6,71881.0,8529.762,14.729,5.127,10000.0
6,71882.0,10106.177,15.659,4.988,10000.0
6,71883.0,9952.782000000001,7.39,15.657,10000.0
6,71884.0,9951.173,7.901,5.42,10000.0
6,71885.0,10054.081,7.885,5.491,10000.0
6,71886.0,9952.892,4.145,2.071,10000.0
6,71887.0,10286.353,4.454,2.866,10000.0
6,71888.0,9969.039,34.719,3.385,10000.0
6,71889.0,9774.158,5.689,2.677,10000.0
6,71890.0,11215.469000000001,13.869,2.717,10000.0
6,71891.0,8874.804,46.81,3.85,10000.0
6,71892.0,10224.762,35.319,2.892,10000.0
6,71893.0,9862.338,92.84,2.52,10000.0
6,71894.0,9794.796,5.519,13.478,10000.0
6,71895.0,10129.249,8.266,4.135,10000.0
6,71896.0,10005.229,13.936,13.401,10000.0
6,71897.0,9902.55,6.555,4.0,10000.0
6,71898.0,10014.749,17.084,34.8,10000.0
6,71899.0,10125.495,7.025,5.015,10000.0
6,71900.0,9817.915,4.83,2.095,10000.0
6,71901.0,10168.204,7.404,3.682,10000.0
6,71902.0,9835.294,4.331,2.852,10000.0
6,71903.0,9971.568,5.812,1.667,10000.0
6,71904.0,10123.985999999999,4.531,1.667,10000.0
6,71905.0,9932.034,4.591,2.969,10000.0
6,71906.0,10051.704,172.918,2.011,10000.0
6,71907.0,9925.137,6.117,3.648,10000.0
6,71908.0,10093.070000000002,7.174,5.3,10000.0
6,71909.0,10411.478,3.743,1.835,10000.0
6,71910.0,11595.582999999999,6.749,4.808,10000.0
6,71911.0,7885.629,4.467,3.016,10000.0
6,71912.0,10682.125,38.78,2.977,10000.0
6,71913.0,9353.511,5.697,46.436,10000.0
6,71914.0,10095.728,7.583,26.44,10000.0
6,71915.0,9876.209,5.369,3.858,10000.0
6,71916.0,10006.391,6.538,3.761,10000.0
6,71917.0,10023.398,7.004,3.509,10000.0
6,71918.0,10087.862,16.111,34.96,10000.0
6,71919.0,10336.796,36.098,34.098,10000.0
6,71920.0,10006.528,40.562,4.287,10000.0
6,71921.0,9543.758,15.108,5.397,10000.0
6,71922.0,9974.986,9.475,7.287,10000.0
6,71923.0,10045.617,6.54,2.876,10000.0
6,71924.0,10161.184,23.852,16.761,10000.0
6,71925.0,9879.359,186.442,2.238,10000.0
6,71926.0,10093.243,5.748,2.839,10000.0
6,71927.0,10587.623000000001,5.464,2.492,10000.0
6,71928.0,9272.100999999999,7.257,3.565,10000.0
6,71929.0,10006.686000000002,5.373,3.122,10000.0
6,71930.0,10054.822,4.146,1.852,10000.0
6,71931.0,10054.155,8.103,4.029,10000.0
6,71932.0,9921.535,7.486,5.558,10000.0
6,71933.0,9984.497,5.988,6.183,10000.0
6,71934.0,10155.068,7.296,2.957,10000.0
6,71935.0,9842.083,5.358,3.058,10000.0
6,71936.0,10018.639,22.597,2.906,10000.0
6,71937.0,10173.706,6.016,3.775,10000.0
6,71938.0,9991.471,6.216,822.144,10000.0
6,71939.0,9884.560000000001,47.343,5.066,10000.0
6,71940.0,10027.563,15.598,3.226,10000.0
6,71941.0,9971.043000000001,22.099,23.664,10000.0
6,71942.0,10360.11,40.2,6.363,10000.0
6,71943.0,9539.722,8.066,7.059,10000.0
6,71944.0,10035.115000000002,9.197,6.023,10000.0
6,71945.0,10590.963,8.581,3.446,10000.0
6,71946.0,9395.371,8.166,5.387,10000.0
6,71947.0,9980.001,5.425,3.734,10000.0
6,71948.0,10021.039,5.94,3.745,10000.0
6,71949.0,9968.137999999999,5.552,3.412,10000.0
6,71950.0,10432.398000000001,6.594,4.615,10000.0
6,71951.0,9648.426,7.638,7.44,10000.0
6,71952.0,9953.583999999999,7.318,5.971,10000.0
6,71953.0,9998.519,4.998,5.064,10000.0
6,71954.0,10144.465,7.002,3.047,10000.0
6,71955.0,9839.666000000001,6.179,3.402,10000.0
6,71956.0,10365.890000000001,20.488,16.63,10000.0
6,71957.0,9884.367,8.853,3.809,10000.0
6,71958.0,9715.949999999999,4.751,2.254,10000.0
6,71959.0,10007.769999999999,6.627,2.815,10000.0
6,71960.0,10150.070000000002,8.929,4.797,10000.0
6,71961.0,11914.347,6.127,3.172,10000.0
6,71962.0,8098.331,6.928,4.442,10000.0
6,71963.0,9864.385999999999,6.145,3.825,10000.0
6,71964.0,12127.669,8.507,3.127,10000.0
6,71965.0,7845.883,7.193,26.411,10000.0
6,71966.0,10229.471,33.246,3.68,10000.0
6,71967.0,9911.463,30.824,2.584,10000.0
6,71968.0,10930.802,5.811,4.128,10000.0
6,71969.0,9441.862000000001,41.723,6.857,10000.0
6,71970.0,9556.082,5.102,2.819,10000.0
6,71971.0,9932.072,6.481,3.452,10000.0
6,71972.0,10086.217999999999,6.117,2.999,10000.0
6,71973.0,9922.853000000001,6.794,3.868,10000.0
6,71974.0,11492.630000000001,5.891,3.699,10000.0
6,71975.0,8481.311,6.807,5.336,10000.0
6,71976.0,10081.445,5.227,5.639,10000.0
6,71977.0,9906.309000000001,4.263,2.259,10000.0
6,71978.0,10172.066,7.193,4.45,10000.0
6,71979.0,9895.411999999998,3.695,2.037,10000.0
6,71980.0,10264.266,4.923,4.961,10000.0
6,71981.0,9756.336,7.171,3.656,10000.0
6,71982.0,9959.139000000001,5.728,3.313,10000.0
6,71983.0,10001.891000000001,4.803,2.034,10000.0
6,71984.0,10084.614,4.951,4.665,10000.0
6,71985.0,10339.823,4.01,1.535,10000.0
6,71986.0,9582.368,6.435,7.391,10000.0
6,71987.0,10176.033,24.459,4.588,10000.0
6,71988.0,9777.848,5.742,1.877,10000.0
6,71989.0,10037.004,7.798,3.677,10000.0
6,71990.0,10887.079,8.519,2.442,10000.0
6,71991.0,9138.898,21.987,2.575,10000.0
6,71992.0,9949.997000000001,38.775,3.928,10000.0
6,71993.0,10004.173999999999,6.444,2.498,10000.0
6,71994.0,10298.006,6.211,2.688,10000.0
6,71995.0,10458.017,5.448,5.022,10000.0
6,71996.0,11043.755000000001,3.847,2.278,10000.0
6,71997.0,8190.342,5.413,3.589,10000.0
6,71998.0,10027.510999999999,5.327,2.547,10000.0
6,71999.0,11673.552,6.063,5.223,10000.0
6,72000.0,9198.733,12.043,4.44,10000.0
6,72001.0,9357.839999999998,30.325,5.662,10000.0
6,72002.0,9755.896,6.586,3.142,10000.0
6,72003.0,10671.783000000001,41.336,7.013,10000.0
6,72004.0,11618.124,8.967,12.39,10000.0
6,72005.0,7858.19,20.692,13.993,10000.0
6,72006.0,10057.850999999999,36.152,4.117,10000.0
6,72007.0,11590.331,9.521,4.334,10000.0
6,72008.0,8869.703,8.551,12.411,10000.0
6,72009.0,19917.573,3.84,2.186,10000.0
6,72010.0,9423.671999999999,5.831,2.388,10000.0
6,72011.0,12257.579,14.655,2.924,10000.0
6,72012.0,8083.754,22.572,20.238,10000.0
6,72013.0,9648.01,6.949,3.972,10000.0
6,72014.0,10009.861,5.585,3.051,10000.0
6,72015.0,10186.863000000001,7.711,4.348,10000.0
6,72016.0,9958.66,6.009,3.712,10000.0
6,72017.0,9897.478,5.545,3.882,10000.0
6,72018.0,10043.155,5.048,2.748,10000.0
6,72019.0,9899.178,3.738,2.729,10000.0
6,72020.0,10436.503,6.116,3.327,10000.0
6,72021.0,9779.271,27.282,8.119,10000.0
6,72022.0,10168.587,30.465,3.821,10000.0
6,72023.0,10335.238,33.397,2.012,10000.0
6,72024.0,9992.358999999999,33.529,4.702,10000.0
6,72025.0,9621.488,47.36,4.151,10000.0
6,72026.0,9906.131,15.952,13.938,10000.0
6,72027.0,9764.172,6.263,15.315,10000.0
6,72028.0,10213.587,8.248,17.472,10000.0
6,72029.0,9919.225,12.903,2.95,10000.0
6,72030.0,10554.265,5.453,2.239,10000.0
6,72031.0,9347.685,8.698,11.009,10000.0
6,72032.0,9964.579,4.268,2.251,10000.0
6,72033.0,11413.657000000001,6.01,3.984,10000.0
6,72034.0,8539.608,5.982,2.806,10000.0
6,72035.0,10202.924,24.496,10.182,10000.0
6,72036.0,12302.328,7.941,2.964,10000.0
6,72037.0,7556.378,5.285,2.539,10000.0
6,72038.0,10146.006000000001,32.359,3.419,10000.0
6,72039.0,11180.216,22.549,6.341,10000.0
6,72040.0,8767.667,5.312,5.915,10000.0
6,72041.0,10759.099,7.703,4.632,10000.0
6,72042.0,9140.802,5.71,3.761,10000.0
6,72043.0,10345.788999999999,5.732,4.278,10000.0
6,72044.0,9752.798999999999,5.809,13.684,10000.0
6,72045.0,9904.428,5.385,2.75,10000.0
6,72046.0,9976.517,6.234,2.925,10000.0
6,72047.0,10043.885,8.108,3.762,10000.0
6,72048.0,10031.515,4.682,3.892,10000.0
6,72049.0,9931.119,5.513,3.075,10000.0
6,72050.0,10003.509,5.482,3.832,10000.0
6,72051.0,10409.619999999999,41.33,6.801,10000.0
6,72052.0,9827.526,31.291,10.882,10000.0
6,72053.0,13341.898,4.345,2.281,10000.0
6,72054.0,7113.493,6.054,55.248,10000.0
6,72055.0,11121.644,8.296,5.954,10000.0
6,72056.0,8300.067,3.361,1.639,10000.0
6,72057.0,10031.925000000001,8.656,3.815,10000.0
6,72058.0,10640.326000000001,7.148,6.159,10000.0
6,72059.0,9330.213,27.574,12.227,10000.0
6,72060.0,10057.198,8.193,3.642,10000.0
6,72061.0,9871.134,7.822,4.452,10000.0
6,72062.0,9934.498,4.485,2.797,10000.0
6,72063.0,10444.862,5.596,2.599,10000.0
6,72064.0,9580.497000000001,21.78,3.643,10000.0
6,72065.0,10108.304,16.588,5.24,10000.0
6,72066.0,9914.125,7.5,7.607,10000.0
6,72067.0,10180.029,18.018,4.438,10000.0
6,72068.0,9792.593,5.515,2.734,10000.0
6,72069.0,9994.859999999999,5.934,2.912,10000.0
6,72070.0,10308.741,7.071,3.718,10000.0
6,72071.0,12694.143,5.429,2.569,10000.0
6,72072.0,6998.512,4.414,2.486,10000.0
6,72073.0,10026.099,5.677,3.203,10000.0
6,72074.0,10191.165,41.699,3.442,10000.0
6,72075.0,10078.439,37.344,2.125,10000.0
6,72076.0,9980.423,36.779,3.063,10000.0
6,72077.0,10449.026,8.528,5.817,10000.0
6,72078.0,9498.382,17.346,18.418,10000.0
6,72079.0,11007.632,48.779,4.485,10000.0
6,72080.0,10006.262,36.288,5.703,10000.0
6,72081.0,9020.300000000001,39.262,13.605,10000.0
6,72082.0,9795.503,9.145,3.862,10000.0
6,72083.0,10656.359,5.238,1.831,10000.0
6,72084.0,9304.458999999999,7.397,7.585,10000.0
6,72085.0,10302.686,4.196,2.515,10000.0
6,72086.0,9717.384,7.135,4.952,10000.0
6,72087.0,10115.336000000001,8.762,3.987,10000.0
6,72088.0,10175.295,14.776,3.594,10000.0
6,72089.0,9863.192,29.002,2.863,10000.0
6,72090.0,9892.645,60.93,36.641,10000.0
6,72091.0,10158.875,6.729,3.176,10000.0
6,72092.0,9757.818,3.757,2.08,10000.0
6,72093.0,10179.983,5.305,3.509,10000.0
6,72094.0,9853.963,9.912,4.603,10000.0
6,72095.0,10009.76,6.86,3.724,10000.0
6,72096.0,9959.707999999999,4.641,2.378,10000.0
6,72097.0,10311.717999999999,5.77,2.387,10000.0
6,72098.0,9689.347,7.434,15.003,10000.0
6,72099.0,10460.343,6.022,3.068,10000.0
6,72100.0,9755.624,4.647,2.379,10000.0
6,72101.0,9782.060000000001,5.167,3.993,10000.0
6,72102.0,10008.084,5.035,2.379,10000.0
6,72103.0,10008.287,6.131,3.673,10000.0
6,72104.0,10247.751,4.086,1.63,10000.0
6,72105.0,9751.383,5.201,2.071,10000.0
6,72106.0,9992.82,4.685,3.472,10000.0
6,72107.0,10136.785,4.665,2.809,10000.0
6,72108.0,9855.780999999999,7.331,4.013,10000.0
6,72109.0,10273.266,5.6,3.899,10000.0
6,72110.0,9759.661,6.263,3.582,10000.0
6,72111.0,10137.573,1022.211,3.717,10000.0
6,72112.0,9963.466,4.661,4.242,10000.0
6,72113.0,10615.733,7.325,3.869,10000.0
6,72114.0,9923.154999999999,42.517,4.472,10000.0
6,72115.0,9578.632,43.429,4.849,10000.0
6,72116.0,10811.046,4.814,1.584,10000.0
6,72117.0,9028.142,8.55,4.312,10000.0
6,72118.0,9972.212,7.323,15.328,10000.0
6,72119.0,10048.134,7.27,3.423,10000.0
6,72120.0,10016.248,10.46,4.01,10000.0
6,72121.0,10003.092,11.777,5.878,10000.0
6,72122.0,9903.06,13.117,5.92,10000.0
6,72123.0,10025.662,6.287,5.898,10000.0
6,72124.0,9971.069000000001,4.612,1.701,10000.0
6,72125.0,10038.526,8.843,4.612,10000.0
6,72126.0,10057.439,5.577,2.803,10000.0
6,72127.0,10079.58,34.471,3.477,10000.0
6,72128.0,9896.274,7.504,4.055,10000.0
6,72129.0,11145.669,5.504,3.069,10000.0
6,72130.0,8827.751999999999,6.791,3.566,10000.0
6,72131.0,10091.84,40.101,2.992,10000.0
6,72132.0,10013.123000000001,37.001,4.951,10000.0
6,72133.0,9854.579,31.82,4.642,10000.0
6,72134.0,10168.911,118.148,5.158,10000.0
6,72135.0,9955.877,18.853,5.885,10000.0
6,72136.0,10017.264,16.331,7.788,10000.0
6,72137.0,11085.911,11.854,4.948,10000.0
6,72138.0,8738.451,7.058,7.691,10000.0
6,72139.0,10012.646999999999,8.597,6.809,10000.0
6,72140.0,10093.268,5.364,2.72,10000.0
6,72141.0,9927.499,6.507,5.139,10000.0
6,72142.0,9961.24,8.594,7.162,10000.0
6,72143.0,10211.424,6.319,3.083,10000.0
6,72144.0,9829.027,6.864,3.857,10000.0
6,72145.0,10006.074,8.272,3.478,10000.0
6,72146.0,9987.36,5.644,3.726,10000.0
6,72147.0,10025.154,7.318,5.075,10000.0
6,72148.0,10155.386,5.142,3.467,10000.0
6,72149.0,9821.157000000001,5.95,3.033,10000.0
6,72150.0,10177.953,42.077,3.073,10000.0
6,72151.0,10575.99,39.334,7.275,10000.0
6,72152.0,9253.805,10.263,28.926,10000.0
6,72153.0,10065.598,54.751,28.333,10000.0
6,72154.0,10125.909000000001,5.538,3.522,10000.0
6,72155.0,9741.448,5.288,2.286,10000.0
6,72156.0,10061.979000000001,6.93,5.036,10000.0
6,72157.0,10154.409,6.575,2.545,10000.0
6,72158.0,9857.366,8.161,12.786,10000.0
6,72159.0,9978.089,5.8,4.59,10000.0
6,72160.0,10089.25,3.597,2.006,10000.0
6,72161.0,9991.141,6.013,2.822,10000.0
6,72162.0,9895.948,5.101,3.386,10000.0
6,72163.0,10024.576000000001,6.085,3.841,10000.0
6,72164.0,10224.8,4.748,2.292,10000.0
6,72165.0,9801.356,4.919,3.413,10000.0
6,72166.0,9968.849,5.127,3.061,10000.0
6,72167.0,9969.169,4.25,1.933,10000.0
6,72168.0,10016.216,9.618,7.627,10000.0
6,72169.0,10000.603000000001,6.207,2.256,10000.0
6,72170.0,10104.542,5.047,2.627,10000.0
6,72171.0,9994.525000000001,4.094,1.898,10000.0
6,72172.0,10185.266,39.003,17.787,10000.0
6,72173.0,9961.067000000001,4.673,2.534,10000.0
6,72174.0,9771.949999999999,5.922,3.68,10000.0
6,72175.0,10024.144,4.365,2.285,10000.0
6,72176.0,9976.856,4.248,2.587,10000.0
6,72177.0,10092.768,4.671,2.471,10000.0
6,72178.0,10234.937,26.249,24.791,10000.0
6,72179.0,9748.392,5.301,3.027,10000.0
6,72180.0,10606.239,7.36,3.106,10000.0
6,72181.0,9542.274,35.689,3.768,10000.0
6,72182.0,10048.312,37.205,5.812,10000.0
6,72183.0,9993.591,13.959,5.016,10000.0
6,72184.0,9857.474999999999,36.01,18.294,10000.0
6,72185.0,9972.643999999998,15.87,4.955,10000.0
6,72186.0,11240.122,35.41,2.659,10000.0
6,72187.0,8656.772,5.124,4.479,10000.0
6,72188.0,10217.815,13.884,9.602,10000.0
6,72189.0,9800.16,9.028,3.075,10000.0
6,72190.0,10171.736,10.63,3.691,10000.0
6,72191.0,9851.795,6.42,2.724,10000.0
6,72192.0,9962.624,5.791,3.477,10000.0
6,72193.0,10033.617999999999,7.363,3.65,10000.0
6,72194.0,9943.242,5.696,3.277,10000.0
6,72195.0,10268.295,7.835,4.526,10000.0
6,72196.0,10290.494,4.989,1.534,10000.0
6,72197.0,9431.949999999999,5.756,3.847,10000.0
6,72198.0,10137.670999999998,3.598,1.372,10000.0
6,72199.0,9883.633,4.584,3.699,10000.0
6,72200.0,9977.571,4.22,2.95,10000.0
6,72201.0,10011.94,5.003,2.97,10000.0
6,72202.0,9985.345,5.679,2.678,10000.0
6,72203.0,10131.457999999999,6.42,2.711,10000.0
6,72204.0,9955.555,5.082,2.391,10000.0
6,72205.0,10147.655,42.709,3.924,10000.0
6,72206.0,9973.914,5.518,1.795,10000.0
6,72207.0,9833.718,5.93,5.408,10000.0
6,72208.0,10369.607,5.03,2.821,10000.0
6,72209.0,9886.512,22.461,11.637,10000.0
6,72210.0,9900.035,17.544,3.808,10000.0
6,72211.0,10109.624,5.291,6.599,10000.0
6,72212.0,9772.762,13.342,41.171,10000.0
6,72213.0,10033.133,6.681,4.205,10000.0
6,72214.0,9889.802,6.772,2.495,10000.0
6,72215.0,10035.462,4.815,4.935,10000.0
6,72216.0,9990.334,4.497,4.698,10000.0
6,72217.0,10057.752,12.734,3.824,10000.0
6,72218.0,9937.349999999999,6.864,7.511,10000.0
6,72219.0,10272.514,5.706,3.9,10000.0
6,72220.0,9715.719,5.83,4.948,10000.0
6,72221.0,10126.309,5.335,1.983,10000.0
6,72222.0,9986.549,3.823,2.105,10000.0
6,72223.0,9932.154,6.679,2.459,10000.0
6,72224.0,10054.188,4.412,2.613,10000.0
6,72225.0,9970.754,4.084,4.53,10000.0
6,72226.0,9931.172999999999,6.24,1.542,10000.0
6,72227.0,10021.071,5.137,2.83,10000.0
6,72228.0,11162.436,6.121,2.42,10000.0
6,72229.0,8951.803,6.746,3.266,10000.0
6,72230.0,10505.267,7.457,4.422,10000.0
6,72231.0,9376.953,4.978,3.09,10000.0
6,72232.0,10017.124,4.88,2.781,10000.0
6,72233.0,9912.955,5.118,2.885,10000.0
6,72234.0,10074.749,4.457,2.18,10000.0
6,72235.0,10008.649,5.72,3.521,10000.0
6,72236.0,9964.173999999999,5.023,3.393,10000.0
6,72237.0,10010.592,4.539,1.796,10000.0
6,72238.0,10191.643,5.465,3.48,10000.0
6,72239.0,13187.076000000001,6.233,5.859,10000.0
6,72240.0,9776.759,5.253,1.711,10000.0
6,72241.0,7038.216,40.847,2.782,10000.0
6,72242.0,9834.703,5.224,9.992,10000.0
6,72243.0,10042.891,14.014,23.086,10000.0
6,72244.0,11612.473,42.201,9.148,10000.0
6,72245.0,8311.637999999999,4.653,12.162,10000.0
6,72246.0,9952.627,5.705,4.258,10000.0
6,72247.0,10416.761,7.017,4.184,10000.0
6,72248.0,10349.945,6.253,3.257,10000.0
6,72249.0,9310.479,5.138,3.076,10000.0
6,72250.0,10273.262999999999,18.556,2.952,10000.0
6,72251.0,9698.505,11.039,5.2,10000.0
6,72252.0,10234.307999999999,11.391,5.588,10000.0
6,72253.0,9865.614,5.781,28.422,10000.0
6,72254.0,9986.841999999999,5.855,20.109,10000.0
6,72255.0,9961.469000000001,9.95,4.398,10000.0
6,72256.0,9897.883,5.415,3.437,10000.0
6,72257.0,10039.11,4.404,4.094,10000.0
6,72258.0,10126.156,8.617,3.228,10000.0
6,72259.0,9927.653,5.861,2.484,10000.0
6,72260.0,10935.768,7.069,8.638,10000.0
6,72261.0,9084.698,8.321,6.565,10000.0
6,72262.0,9933.724999999999,4.782,3.265,10000.0
6,72263.0,10025.561,4.013,14.867,10000.0
6,72264.0,10007.179,5.058,2.908,10000.0
6,72265.0,10110.411,5.701,3.045,10000.0
6,72266.0,9920.966,4.795,2.843,10000.0
6,72267.0,10304.761,7.614,4.304,10000.0
6,72268.0,10501.24,32.799,2.289,10000.0
6,72269.0,9139.463,4.865,2.092,10000.0
6,72270.0,10153.094,41.028,2.109,10000.0
6,72271.0,9845.563,4.573,1.994,10000.0
6,72272.0,10012.237000000001,5.218,2.842,10000.0
6,72273.0,10118.068,5.416,4.39,10000.0
6,72274.0,10099.318,43.212,16.92,10000.0
6,72275.0,10004.429,34.9,5.546,10000.0
6,72276.0,10293.75,1521.163,3.736,10000.0
6,72277.0,9501.209,12.351,5.789,10000.0
6,72278.0,10254.095,23.902,4.766,10000.0
6,72279.0,9685.019,4.113,2.395,10000.0
6,72280.0,10072.975,7.18,3.71,10000.0
6,72281.0,10106.011,4.276,2.671,10000.0
6,72282.0,10015.183,8.543,2.379,10000.0
6,72283.0,9886.035,9.734,4.052,10000.0
6,72284.0,9995.909000000001,4.118,2.64,10000.0
6,72285.0,9960.032000000001,23.741,1.61,10000.0
6,72286.0,10076.227,6.252,1.804,10000.0
6,72287.0,9951.514,3.673,1.863,10000.0
6,72288.0,11093.448,4.186,2.695,10000.0
6,72289.0,8874.003,6.074,3.734,10000.0
6,72290.0,9979.782,3.759,30.193,10000.0
6,72291.0,10153.716999999999,34.754,17.154,10000.0
6,72292.0,10141.367,5.844,3.705,10000.0
6,72293.0,9787.601999999999,11.982,37.228,10000.0
6,72294.0,10022.0,5.931,3.882,10000.0
6,72295.0,10008.952,13.077,4.442,10000.0
6,72296.0,9927.774,7.331,5.84,10000.0
6,72297.0,10054.865,7.873,4.825,10000.0
6,72298.0,9936.475,6.178,5.093,10000.0
6,72299.0,10019.35,5.772,2.801,10000.0
6,72300.0,10113.301,6.37,2.324,10000.0
6,72301.0,9928.909,4.554,11.298,10000.0
6,72302.0,9933.041,5.899,2.498,10000.0
6,72303.0,10129.349,16.028,4.784,10000.0
6,72304.0,9970.248,35.932,16.969,10000.0
6,72305.0,9901.619,5.886,3.247,10000.0
6,72306.0,9996.688,12.931,2.134,10000.0
6,72307.0,9948.33,4.851,3.309,10000.0
6,72308.0,10074.214,5.957,4.251,10000.0
6,72309.0,10218.754,12.951,4.378,10000.0
6,72310.0,9773.868,5.813,3.813,10000.0
6,72311.0,9977.024,4.803,2.363,10000.0
6,72312.0,10063.956,12.92,4.746,10000.0
6,72313.0,10122.905999999999,10.888,5.862,10000.0
6,72314.0,9881.819,75.87,17.706,10000.0
6,72315.0,10029.082999999999,7.039,2.764,10000.0
6,72316.0,10024.247,6.459,2.775,10000.0
6,72317.0,9969.68,5.847,2.986,10000.0
6,72318.0,10081.867,4.604,2.754,10000.0
6,72319.0,10031.106,7.619,5.085,10000.0
6,72320.0,9795.092,4.792,4.658,10000.0
6,72321.0,10015.465,6.257,3.005,10000.0
6,72322.0,10071.408000000001,5.105,2.21,10000.0
6,72323.0,10333.598,5.588,2.756,10000.0
6,72324.0,9562.2,7.493,2.553,10000.0
6,72325.0,10183.746000000001,5.964,3.845,10000.0
6,72326.0,9947.242,6.414,4.419,10000.0
6,72327.0,9912.287,6.281,1.744,10000.0
6,72328.0,10233.951,40.219,60.672,10000.0
6,72329.0,10043.435,25.891,4.411,10000.0
6,72330.0,9931.719000000001,22.727,4.863,10000.0
6,72331.0,9967.407,5.944,1.707,10000.0
6,72332.0,10122.572,36.424,4.327,10000.0
6,72333.0,9971.013,26.391,4.139,10000.0
6,72334.0,9910.051,20.693,25.051,10000.0
6,72335.0,9814.556,5.295,2.195,10000.0
6,72336.0,10200.483,5.5,6.544,10000.0
6,72337.0,9803.922,14.538,4.376,10000.0
6,72338.0,9990.064,5.147,2.898,10000.0
6,72339.0,9999.729000000001,4.295,1.584,10000.0
6,72340.0,10363.209,7.489,4.763,10000.0
6,72341.0,9714.459,4.156,2.961,10000.0
6,72342.0,9907.877,4.112,1.495,10000.0
6,72343.0,10053.867,5.857,3.114,10000.0
6,72344.0,10750.358,7.906,5.315,10000.0
6,72345.0,9205.233,5.719,2.998,10000.0
6,72346.0,10045.076,5.483,3.621,10000.0
6,72347.0,9975.388,4.627,2.629,10000.0
6,72348.0,10086.607,4.468,2.784,10000.0
6,72349.0,9917.648,6.212,3.764,10000.0
6,72350.0,10187.206,6.678,3.998,10000.0
6,72351.0,10053.127,43.881,19.289,10000.0
6,72352.0,10032.832,37.58,4.173,10000.0
6,72353.0,9695.182,7.78,12.159,10000.0
6,72354.0,10014.707,10.97,5.337,10000.0
6,72355.0,10147.705,6.218,3.669,10000.0
6,72356.0,10046.799,8.348,7.839,10000.0
6,72357.0,9795.291,3.917,2.717,10000.0
6,72358.0,10103.162,6.835,1.622,10000.0
6,72359.0,10037.328,5.943,2.077,10000.0
6,72360.0,10070.283,26.511,3.444,10000.0
6,72361.0,10143.186,40.126,3.017,10000.0
6,72362.0,9783.574,6.322,3.374,10000.0
6,72363.0,10317.896,42.589,19.995,10000.0
6,72364.0,9730.697,110.093,4.224,10000.0
6,72365.0,9890.720000000001,11.7,2.85,10000.0
6,72366.0,10179.475,8.638,25.918,10000.0
6,72367.0,9763.249,6.524,8.012,10000.0
6,72368.0,10347.751,9.413,5.842,10000.0
6,72369.0,9647.012,4.68,4.203,10000.0
6,72370.0,10074.746000000001,5.661,4.153,10000.0
6,72371.0,9912.756,23.066,2.224,10000.0
6,72372.0,10053.252,6.136,2.775,10000.0
6,72373.0,10068.685000000001,5.447,3.57,10000.0
6,72374.0,9887.942000000001,6.743,2.873,10000.0
6,72375.0,9977.024,4.091,5.056,10000.0
6,72376.0,10151.525,5.291,3.84,10000.0
6,72377.0,9933.265,6.384,3.722,10000.0
6,72378.0,9911.115,4.571,2.601,10000.0
6,72379.0,10035.047,7.892,6.507,10000.0
6,72380.0,10087.071,11.966,3.825,10000.0
6,72381.0,10212.558,29.236,6.245,10000.0
6,72382.0,9684.361,5.231,3.221,10000.0
6,72383.0,10769.377999999999,7.622,7.19,10000.0
6,72384.0,9308.884,9.967,3.256,10000.0
6,72385.0,9961.163,4.976,2.32,10000.0
6,72386.0,10275.484999999999,7.188,4.605,10000.0
6,72387.0,9711.529,4.956,4.122,10000.0
6,72388.0,11038.361,6.255,2.731,10000.0
6,72389.0,8923.932,6.004,2.633,10000.0
6,72390.0,9998.03,7.9,4.409,10000.0
6,72391.0,9971.228000000001,6.049,3.901,10000.0
6,72392.0,10028.827000000001,9.781,4.066,10000.0
6,72393.0,10359.332,6.689,2.337,10000.0
6,72394.0,9756.941,6.117,3.128,10000.0
6,72395.0,11121.576,5.692,3.596,10000.0
6,72396.0,8875.748,5.936,4.04,10000.0
6,72397.0,10114.53,28.496,4.87,10000.0
6,72398.0,10017.903,16.416,5.801,10000.0
6,72399.0,9924.567000000001,4.579,2.907,10000.0
6,72400.0,9866.614,7.167,5.859,10000.0
6,72401.0,10467.844000000001,7.589,8.262,10000.0
6,72402.0,9548.332,5.148,6.134,10000.0
6,72403.0,10746.627999999999,6.559,6.641,10000.0
6,72404.0,9999.276,5.43,3.678,10000.0
6,72405.0,9551.538,38.94,3.287,10000.0
6,72406.0,10020.645999999999,29.857,37.815,10000.0
6,72407.0,9676.683,7.262,13.232,10000.0
6,72408.0,10073.845,15.951,5.424,10000.0
6,72409.0,10278.356,6.074,5.33,10000.0
6,72410.0,9622.411,4.803,3.365,10000.0
6,72411.0,9977.826000000001,4.834,6.174,10000.0
6,72412.0,10043.417000000001,6.233,6.4,10000.0
6,72413.0,10426.33,43.245,4.37,10000.0
6,72414.0,9702.110999999999,6.726,3.203,10000.0
6,72415.0,10018.134999999998,29.551,8.727,10000.0
6,72416.0,9843.326,6.627,7.424,10000.0
6,72417.0,11176.807999999999,6.927,4.749,10000.0
6,72418.0,8778.178,4.619,1.852,10000.0
6,72419.0,10125.179,8.159,6.284,10000.0
6,72420.0,11049.197,5.823,2.531,10000.0
6,72421.0,8883.815999999999,4.593,3.737,10000.0
6,72422.0,9929.314999999999,3.366,2.177,10000.0
6,72423.0,10088.66,5.343,3.398,10000.0
6,72424.0,9922.837,5.359,2.953,10000.0
6,72425.0,10193.85,37.719,4.372,10000.0
6,72426.0,9905.054,5.555,4.6,10000.0
6,72427.0,11723.497,5.622,3.814,10000.0
6,72428.0,8427.132,34.421,7.355,10000.0
6,72429.0,11591.372000000001,4.591,4.896,10000.0
6,72430.0,9722.462,57.941,8.736,10000.0
6,72431.0,8610.036999999998,8.238,7.202,10000.0
6,72432.0,9941.598,7.052,717.708,10000.0
6,72433.0,10023.538,5.437,28.91,10000.0
6,72434.0,10030.706,9.985,5.133,10000.0
6,72435.0,9886.897,15.351,14.083,10000.0
6,72436.0,12485.975999999999,32.246,21.828,10000.0
6,72437.0,7538.215,6.46,5.108,10000.0
6,72438.0,10057.932,5.617,3.021,10000.0
6,72439.0,9876.793,7.433,4.482,10000.0
6,72440.0,10142.974,105.442,7.126,10000.0
6,72441.0,9861.911,4.758,13.298,10000.0
6,72442.0,10982.509,49.554,3.917,10000.0
6,72443.0,13128.173,6.265,3.846,10000.0
6,72444.0,6066.744,7.411,3.372,10000.0
6,72445.0,9842.586000000001,5.277,2.867,10000.0
6,72446.0,9987.182,7.133,3.239,10000.0
6,72447.0,10196.651,15.775,4.978,10000.0
6,72448.0,9964.623000000001,4.478,6.126,10000.0
6,72449.0,10660.993,6.175,2.912,10000.0
6,72450.0,10228.849,5.627,4.657,10000.0
6,72451.0,9128.661,7.323,10.952,10000.0
6,72452.0,9831.289999999999,5.425,5.26,10000.0
6,72453.0,9955.342,5.347,3.488,10000.0
6,72454.0,10304.686,13.485,3.456,10000.0
6,72455.0,9719.880000000001,6.007,3.937,10000.0
6,72456.0,10066.336000000001,13.534,20.253,10000.0
6,72457.0,10057.443,12.204,8.32,10000.0
6,72458.0,10065.416000000001,11.341,15.906,10000.0
6,72459.0,9851.453,7.32,4.331,10000.0
6,72460.0,10112.898000000001,9.277,5.148,10000.0
6,72461.0,9913.635,9.216,3.027,10000.0
6,72462.0,11107.360999999999,19.112,5.541,10000.0
6,72463.0,8840.663,7.127,4.245,10000.0
6,72464.0,9987.935,6.081,4.607,10000.0
6,72465.0,10010.64,6.406,3.962,10000.0
6,72466.0,9987.91,4.0,3.98,10000.0
6,72467.0,10020.331,5.326,4.006,10000.0
6,72468.0,10563.73,6.064,2.729,10000.0
6,72469.0,9606.424,3.803,4.48,10000.0
6,72470.0,9809.742,4.218,5.021,10000.0
6,72471.0,10027.055,3.848,4.492,10000.0
6,72472.0,10009.371,5.231,14.713,10000.0
6,72473.0,9976.573,8.845,4.682,10000.0
6,72474.0,10034.248000000001,4.956,5.107,10000.0
6,72475.0,10183.074,6.264,2.21,10000.0
6,72476.0,9830.668000000001,7.828,5.198,10000.0
6,72477.0,9947.655999999999,4.977,2.432,10000.0
6,72478.0,11058.460000000001,5.209,3.396,10000.0
6,72479.0,8930.31,4.909,3.111,10000.0
6,72480.0,10152.919,15.107,32.39,10000.0
6,72481.0,10322.755,5.228,3.546,10000.0
6,72482.0,9620.215999999999,4.273,7.437,10000.0
6,72483.0,9933.376,9.172,3.286,10000.0
6,72484.0,10030.116,9.049,3.573,10000.0
6,72485.0,10036.520999999999,7.524,37.04,10000.0
6,72486.0,10998.061,6.94,5.683,10000.0
6,72487.0,9379.42,8.044,6.907,10000.0
6,72488.0,9528.639000000001,6.341,3.507,10000.0
6,72489.0,10005.261,5.713,3.423,10000.0
6,72490.0,9987.609999999999,3.695,2.374,10000.0
6,72491.0,10271.363000000001,6.989,6.096,10000.0
6,72492.0,9882.441,8.031,6.093,10000.0
6,72493.0,9974.152,34.063,5.496,10000.0
6,72494.0,10184.284,7.732,14.241,10000.0
6,72495.0,11171.733,37.355,5.25,10000.0
6,72496.0,8643.448,6.028,5.794,10000.0
6,72497.0,10014.744,9.129,10.333,10000.0
6,72498.0,10260.044,7.198,5.489,10000.0
6,72499.0,9670.106,5.655,3.931,10000.0
6,72500.0,10027.245,7.084,4.45,10000.0
6,72501.0,10264.104,7.862,5.369,10000.0
6,72502.0,9706.173999999999,7.566,4.299,10000.0
6,72503.0,10215.463,7.374,3.913,10000.0
6,72504.0,9773.344,8.779,6.295,10000.0
6,72505.0,9949.491,7.468,4.047,10000.0
6,72506.0,10241.31,6.573,4.789,10000.0
6,72507.0,9918.493,5.514,3.946,10000.0
6,72508.0,9894.452,6.948,3.228,10000.0
6,72509.0,10226.178,5.468,3.061,10000.0
6,72510.0,9850.815,10.671,3.616,10000.0
6,72511.0,10015.779,8.332,5.481,10000.0
6,72512.0,10199.059,32.464,5.627,10000.0
6,72513.0,12049.534000000001,4.761,2.479,10000.0
6,72514.0,7731.1,8.494,4.613,10000.0
6,72515.0,9853.179,3.859,2.011,10000.0
6,72516.0,10471.992,8.333,4.775,10000.0
6,72517.0,9602.327000000001,7.564,7.083,10000.0
6,72518.0,10376.402,35.106,10.428,10000.0
6,72519.0,9596.690999999999,5.374,6.569,10000.0
6,72520.0,9970.63,7.427,2.889,10000.0
6,72521.0,10175.971000000001,43.286,4.315,10000.0
6,72522.0,10059.786,5.223,3.249,10000.0
6,72523.0,10995.813,39.012,4.327,10000.0
6,72524.0,8762.133,4.833,3.973,10000.0
6,72525.0,10122.809,6.721,58.147,10000.0
6,72526.0,10061.105000000001,37.613,3.363,10000.0
6,72527.0,10051.337000000001,18.464,23.059,10000.0
6,72528.0,11952.194,3.17,1.926,10000.0
6,72529.0,7825.374,11.471,2.384,10000.0
6,72530.0,9937.939,4.191,2.73,10000.0
6,72531.0,10045.455,4.507,5.716,10000.0
6,72532.0,10060.221,4.03,1.455,10000.0
6,72533.0,9930.045,5.511,4.042,10000.0
6,72534.0,10083.077,3.892,2.31,10000.0
6,72535.0,9946.458,6.647,3.583,10000.0
6,72536.0,10434.026000000002,4.023,1.496,10000.0
6,72537.0,9591.377999999999,8.812,2.805,10000.0
6,72538.0,9963.768,5.425,2.903,10000.0
6,72539.0,9993.376,6.706,4.134,10000.0
6,72540.0,10098.827,7.829,3.234,10000.0
6,72541.0,9974.086,15.885,1.726,10000.0
6,72542.0,11020.573,6.744,4.001,10000.0
6,72543.0,8900.737000000001,6.021,2.195,10000.0
6,72544.0,9999.282,5.389,45.994,10000.0
6,72545.0,10018.221000000001,11.07,8.026,10000.0
6,72546.0,10052.164,5.598,3.949,10000.0
6,72547.0,10190.196,35.29,14.746,10000.0
6,72548.0,9866.153,37.364,3.601,10000.0
6,72549.0,9905.736,13.767,18.909,10000.0
6,72550.0,10364.67,36.867,3.044,10000.0
6,72551.0,9675.918,6.5,5.777,10000.0
6,72552.0,10106.728000000001,8.794,6.042,10000.0
6,72553.0,10119.882,36.105,18.664,10000.0
6,72554.0,9858.427,23.554,5.464,10000.0
6,72555.0,10116.997000000001,22.177,13.481,10000.0
6,72556.0,10311.279,84.705,4.587,10000.0
6,72557.0,9456.737,5.647,27.261,10000.0
6,72558.0,10199.067,23.648,23.017,10000.0
6,72559.0,10242.965999999999,12.349,10.561,10000.0
6,72560.0,9547.188999999998,5.709,11.849,10000.0
6,72561.0,9985.742,6.184,9.228,10000.0
6,72562.0,10209.828000000001,5.101,5.167,10000.0
6,72563.0,9779.266,3.701,4.051,10000.0
6,72564.0,10058.447,5.215,3.421,10000.0
6,72565.0,9943.687,8.675,4.429,10000.0
6,72566.0,10008.773000000001,6.115,1.945,10000.0
6,72567.0,9992.688,4.488,2.184,10000.0
6,72568.0,10093.566,5.036,4.638,10000.0
6,72569.0,10046.815,4.445,3.055,10000.0
6,72570.0,10059.812,34.174,3.75,10000.0
6,72571.0,10420.856,8.839,4.246,10000.0
6,72572.0,9404.625999999998,8.194,5.293,10000.0
6,72573.0,12415.008,156.353,2.98,10000.0
6,72574.0,7694.047,25.22,3.304,10000.0
6,72575.0,9951.835,4.2,8.294,10000.0
6,72576.0,9993.482999999998,6.315,2.407,10000.0
6,72577.0,10025.301,5.012,35.271,10000.0
6,72578.0,9994.172,4.51,6.029,10000.0
6,72579.0,9910.743,4.201,4.589,10000.0
6,72580.0,10092.212,5.225,3.086,10000.0
6,72581.0,9904.021,4.574,3.26,10000.0
6,72582.0,10021.007,4.794,7.254,10000.0
6,72583.0,10039.503999999999,4.061,2.503,10000.0
6,72584.0,9912.832,4.091,2.195,10000.0
6,72585.0,11023.765,4.264,2.356,10000.0
6,72586.0,9004.767,4.27,4.302,10000.0
6,72587.0,10031.147,5.414,4.41,10000.0
6,72588.0,9973.186,4.761,2.32,10000.0
6,72589.0,10068.817000000001,4.989,2.993,10000.0
6,72590.0,10082.643,5.593,375.66,10000.0
6,72591.0,9815.897,7.351,3.51,10000.0
6,72592.0,10152.217999999999,6.073,3.459,10000.0
6,72593.0,10772.731,6.115,3.91,10000.0
6,72594.0,9539.215,7.029,4.091,10000.0
6,72595.0,9781.98,4.826,2.258,10000.0
6,72596.0,9980.902,5.409,2.834,10000.0
6,72597.0,9805.502,4.54,3.696,10000.0
6,72598.0,10975.744,79.827,25.071,10000.0
6,72599.0,9595.408,5.761,3.719,10000.0
6,72600.0,9476.819,74.43,15.824,10000.0
6,72601.0,10463.525,4.254,1.862,10000.0
6,72602.0,9719.435,40.568,4.162,10000.0
6,72603.0,11951.375,5.717,3.746,10000.0
6,72604.0,8191.288999999999,8.998,4.373,10000.0
6,72605.0,9671.011999999999,16.813,4.414,10000.0
6,72606.0,10415.110999999999,6.423,32.599,10000.0
6,72607.0,9683.173999999999,4.948,2.984,10000.0
6,72608.0,9926.451,107.597,3.485,10000.0
6,72609.0,9946.703,6.315,7.436,10000.0
6,72610.0,9970.062,4.591,2.752,10000.0
6,72611.0,10047.568,6.591,2.701,10000.0
6,72612.0,10032.317000000001,5.339,4.5,10000.0
6,72613.0,9944.823,5.32,4.262,10000.0
6,72614.0,10375.690999999999,34.594,2.322,10000.0
6,72615.0,9656.018,4.211,3.078,10000.0
6,72616.0,9954.223,7.157,5.214,10000.0
6,72617.0,10014.73,5.736,3.924,10000.0
6,72618.0,9997.897,4.798,2.308,10000.0
6,72619.0,10139.761,18.407,2.838,10000.0
6,72620.0,10000.873,7.01,3.459,10000.0
6,72621.0,9873.079,4.81,3.016,10000.0
6,72622.0,10265.339,29.947,3.849,10000.0
6,72623.0,9965.138,17.271,10.427,10000.0
6,72624.0,10144.342,47.16,17.037,10000.0
6,72625.0,10946.125,50.821,4.464,10000.0
6,72626.0,9487.12,34.736,54.191,10000.0
6,72627.0,9226.954000000002,114.484,5.362,10000.0
6,72628.0,16252.007999999998,5.683,3.172,10000.0
6,72629.0,3660.135,3.893,2.458,10000.0
6,72630.0,10021.646,5.736,1.488,10000.0
6,72631.0,9978.868,4.049,2.774,10000.0
6,72632.0,10241.983,5.0,1.821,10000.0
6,72633.0,10917.329,4.821,1.991,10000.0
6,72634.0,8979.934,4.813,2.192,10000.0
6,72635.0,9872.508,5.562,3.267,10000.0
6,72636.0,10033.761,5.045,2.415,10000.0
6,72637.0,10061.562,4.464,2.368,10000.0
6,72638.0,10305.882000000001,30.664,4.664,10000.0
6,72639.0,9619.671,7.633,11.728,10000.0
6,72640.0,10059.369999999999,150.18,6.117,10000.0
6,72641.0,10085.231,5.454,2.54,10000.0
6,72642.0,9871.89,6.775,7.927,10000.0
6,72643.0,9999.869,3.939,2.681,10000.0
6,72644.0,10004.581,4.834,2.763,10000.0
6,72645.0,9970.454,12.086,5.415,10000.0
6,72646.0,10026.732,22.167,5.158,10000.0
6,72647.0,10010.362,5.492,3.775,10000.0
6,72648.0,10065.841,6.263,4.899,10000.0
6,72649.0,10004.848,6.299,1.714,10000.0
6,72650.0,9919.762999999999,4.576,2.996,10000.0
6,72651.0,10099.266000000001,5.615,3.32,10000.0
6,72652.0,9851.011999999999,5.225,2.461,10000.0
6,72653.0,12076.03,5.638,2.631,10000.0
6,72654.0,7990.852999999999,6.892,4.71,10000.0
6,72655.0,10787.07,10.278,3.244,10000.0
6,72656.0,12596.774,6.837,3.815,10000.0
6,72657.0,6659.8949999999995,6.157,5.291,10000.0
6,72658.0,9923.75,5.664,2.822,10000.0
6,72659.0,9989.097,4.771,3.882,10000.0
6,72660.0,10156.003,5.586,3.558,10000.0
6,72661.0,9865.119999999999,5.952,3.479,10000.0
6,72662.0,10023.725,7.662,4.463,10000.0
6,72663.0,9974.791000000001,6.078,3.356,10000.0
6,72664.0,10250.693,34.17,2.756,10000.0
6,72665.0,10054.587,9.325,19.742,10000.0
6,72666.0,10769.284,7.075,2.768,10000.0
6,72667.0,9368.789,38.187,4.78,10000.0
6,72668.0,9688.947999999999,5.602,2.48,10000.0
6,72669.0,10040.273000000001,30.732,5.386,10000.0
6,72670.0,10035.166,28.202,5.2,10000.0
6,72671.0,9923.270999999999,6.077,3.991,10000.0
6,72672.0,9912.488000000001,7.804,5.138,10000.0
6,72673.0,11480.921999999999,6.322,2.415,10000.0
6,72674.0,8552.26,7.184,4.708,10000.0
6,72675.0,10038.972,6.68,5.254,10000.0
6,72676.0,10120.322,6.809,4.515,10000.0
6,72677.0,11626.457,7.576,5.984,10000.0
6,72678.0,8106.409000000001,5.525,3.064,10000.0
6,72679.0,10094.497,3.725,1.52,10000.0
6,72680.0,10170.798,39.868,4.449,10000.0
6,72681.0,9903.024,5.897,3.613,10000.0
6,72682.0,9845.266,4.414,4.175,10000.0
6,72683.0,10359.989,7.118,12.351,10000.0
6,72684.0,10078.508,5.283,4.95,10000.0
6,72685.0,10003.22,4.868,1.993,10000.0
6,72686.0,9775.937,6.746,6.51,10000.0
6,72687.0,9935.291000000001,8.3,6.09,10000.0
6,72688.0,9840.874,4.651,4.553,10000.0
6,72689.0,10000.692000000001,4.72,2.766,10000.0
6,72690.0,10005.659,6.154,6.872,10000.0
6,72691.0,10169.298999999999,8.289,5.629,10000.0
6,72692.0,9826.893999999998,8.405,4.017,10000.0
6,72693.0,10724.772,7.941,3.978,10000.0
6,72694.0,9458.317000000001,22.28,5.46,10000.0
6,72695.0,9874.086000000001,6.927,5.795,10000.0
6,72696.0,10225.977,4.721,3.398,10000.0
6,72697.0,9740.901,4.8,3.612,10000.0
6,72698.0,12047.339,5.095,2.263,10000.0
6,72699.0,7956.028,7.502,6.032,10000.0
6,72700.0,11163.214,64.028,3.537,10000.0
6,72701.0,9175.503,15.428,25.868,10000.0
6,72702.0,9629.469,8.442,5.149,10000.0
6,72703.0,9961.552,5.293,2.872,10000.0
6,72704.0,10057.713,5.918,4.51,10000.0
6,72705.0,12060.770999999999,7.726,4.416,10000.0
6,72706.0,7968.858,6.961,1.737,10000.0
6,72707.0,9983.348,18.081,4.503,10000.0
6,72708.0,11163.027,7.01,4.859,10000.0
6,72709.0,9440.242999999999,36.041,6.468,10000.0
6,72710.0,9655.566,39.335,14.591,10000.0
6,72711.0,9694.296999999999,6.033,30.63,10000.0
6,72712.0,10525.532000000001,7.3,5.186,10000.0
6,72713.0,10639.055,10.557,6.497,10000.0
6,72714.0,8914.213000000002,6.466,6.844,10000.0
6,72715.0,10434.047,7.746,3.804,10000.0
6,72716.0,9625.374000000002,4.479,2.532,10000.0
6,72717.0,9877.092,5.391,7.941,10000.0
6,72718.0,10272.446,7.724,7.208,10000.0
6,72719.0,9719.993,5.09,4.612,10000.0
6,72720.0,10216.171,5.701,2.603,10000.0
6,72721.0,9918.644,8.111,5.492,10000.0
6,72722.0,9986.053,7.23,3.97,10000.0
6,72723.0,10650.824,6.19,16.157,10000.0
6,72724.0,9399.784,36.33,4.305,10000.0
6,72725.0,9933.894,6.59,4.926,10000.0
6,72726.0,9890.8,4.626,47.183,10000.0
6,72727.0,10095.577,7.049,3.887,10000.0
6,72728.0,9924.831,10.101,6.882,10000.0
6,72729.0,10093.078,7.595,4.287,10000.0
6,72730.0,10222.271,8.365,10.007,10000.0
6,72731.0,9919.880000000001,17.918,19.185,10000.0
6,72732.0,9768.041,6.138,3.536,10000.0
6,72733.0,9978.943000000001,4.234,2.713,10000.0
6,72734.0,9982.742,3.098,1.33,10000.0
6,72735.0,10006.581,3.293,1.562,10000.0
6,72736.0,10012.257,4.57,2.541,10000.0
6,72737.0,10008.83,5.423,2.435,10000.0
6,72738.0,10002.337,4.802,4.332,10000.0
6,72739.0,10033.386,15.411,3.349,10000.0
6,72740.0,10053.945,5.491,4.132,10000.0
6,72741.0,9944.582,6.761,4.854,10000.0
6,72742.0,12670.343,6.582,4.418,10000.0
6,72743.0,7591.6539999999995,5.809,3.796,10000.0
6,72744.0,9761.623000000001,6.394,3.351,10000.0
6,72745.0,10073.05,38.653,11.834,10000.0
6,72746.0,10147.497,6.491,4.33,10000.0
6,72747.0,10018.11,34.024,14.622,10000.0
6,72748.0,12226.796,5.513,2.644,10000.0
6,72749.0,7579.179,23.428,3.41,10000.0
6,72750.0,10094.872,26.101,6.472,10000.0
6,72751.0,9956.262999999999,38.726,10.791,10000.0
6,72752.0,10090.895,39.732,54.317,10000.0
6,72753.0,10101.43,18.654,5.63,10000.0
6,72754.0,9736.59,9.717,14.438,10000.0
6,72755.0,9973.484,9.259,30.253,10000.0
6,72756.0,10013.939,7.738,4.215,10000.0
6,72757.0,9971.668,7.084,5.312,10000.0
6,72758.0,10409.916,7.293,3.748,10000.0
6,72759.0,11435.701,5.566,5.999,10000.0
6,72760.0,8246.926,14.711,3.982,10000.0
6,72761.0,9991.76,5.884,2.365,10000.0
6,72762.0,10145.072999999999,5.255,1.938,10000.0
6,72763.0,11573.885,8.786,6.732,10000.0
6,72764.0,8830.225,7.378,4.24,10000.0
6,72765.0,11065.56,7.455,6.187,10000.0
6,72766.0,9631.23,10.686,3.515,10000.0
6,72767.0,8747.065999999999,8.647,6.494,10000.0
6,72768.0,10001.461,5.083,2.762,10000.0
6,72769.0,10653.302,39.507,5.317,10000.0
6,72770.0,9480.856,41.962,5.752,10000.0
6,72771.0,9941.505,4.435,2.815,10000.0
6,72772.0,9993.752,44.848,5.492,10000.0
6,72773.0,9823.943,9.721,4.734,10000.0
6,72774.0,9963.026,5.165,5.674,10000.0
6,72775.0,10005.145,5.778,4.365,10000.0
6,72776.0,10111.263,5.3,2.429,10000.0
6,72777.0,10011.572999999999,3.548,1.64,10000.0
6,72778.0,9892.005000000001,4.409,2.21,10000.0
6,72779.0,13106.085,14.758,12.867,10000.0
6,72780.0,6978.839,4.61,2.822,10000.0
6,72781.0,9867.294,5.145,3.034,10000.0
6,72782.0,10066.665,5.707,2.325,10000.0
6,72783.0,10067.871000000001,5.531,5.532,10000.0
6,72784.0,10130.557999999999,7.178,4.964,10000.0
6,72785.0,9766.115,4.956,3.936,10000.0
6,72786.0,10245.539999999999,4.409,5.253,10000.0
6,72787.0,9784.921,5.106,3.472,10000.0
6,72788.0,10868.579,3.753,1.389,10000.0
6,72789.0,9093.844000000001,3.823,3.049,10000.0
6,72790.0,10062.835,7.157,3.9,10000.0
6,72791.0,9958.839,4.973,4.355,10000.0
6,72792.0,10036.104000000001,6.472,106.391,10000.0
6,72793.0,10103.158,26.249,8.783,10000.0
6,72794.0,9963.409,39.659,29.557,10000.0
6,72795.0,9935.152,7.345,24.127,10000.0
6,72796.0,11623.203,34.577,4.848,10000.0
6,72797.0,8429.795,146.514,6.332,10000.0
6,72798.0,14019.755,5.42,3.317,10000.0
6,72799.0,6070.661,14.445,3.606,10000.0
6,72800.0,9819.224,6.198,12.998,10000.0
6,72801.0,10321.798999999999,4.282,4.052,10000.0
6,72802.0,9749.39,12.055,12.222,10000.0
6,72803.0,10025.457999999999,9.667,5.574,10000.0
6,72804.0,9925.408,5.534,3.165,10000.0
6,72805.0,10261.954,4.877,4.596,10000.0
6,72806.0,9830.051,5.263,2.913,10000.0
6,72807.0,9938.722,5.221,5.562,10000.0
6,72808.0,10728.903,4.139,2.743,10000.0
6,72809.0,9542.624,4.38,2.723,10000.0
6,72810.0,9665.618,4.917,3.677,10000.0
6,72811.0,10266.493999999999,9.904,5.711,10000.0
6,72812.0,9832.713,3.948,1.594,10000.0
6,72813.0,9880.730000000001,5.655,2.178,10000.0
6,72814.0,10119.202000000001,6.179,2.258,10000.0
6,72815.0,9903.987,5.184,2.922,10000.0
6,72816.0,10247.045,5.154,3.13,10000.0
6,72817.0,9958.353,6.144,3.276,10000.0
6,72818.0,10022.558,41.683,3.183,10000.0
6,72819.0,9838.246000000001,5.838,3.539,10000.0
6,72820.0,9934.973,5.147,3.467,10000.0
6,72821.0,9994.878,5.751,3.343,10000.0
6,72822.0,10104.133,5.113,3.573,10000.0
6,72823.0,10096.571,31.742,3.974,10000.0
6,72824.0,9969.591999999999,34.061,4.178,10000.0
6,72825.0,10103.841,12.003,7.469,10000.0
6,72826.0,9768.796999999999,5.628,2.255,10000.0
6,72827.0,10307.538999999999,18.441,4.455,10000.0
6,72828.0,9920.346,16.235,9.416,10000.0
6,72829.0,9846.639000000001,39.205,20.452,10000.0
6,72830.0,10051.476999999999,16.026,6.735,10000.0
6,72831.0,9872.672,5.606,6.4,10000.0
6,72832.0,10047.484,14.651,3.963,10000.0
6,72833.0,10125.506,13.557,5.219,10000.0
6,72834.0,9787.954,4.993,4.363,10000.0
6,72835.0,10217.146,5.834,2.608,10000.0
6,72836.0,9871.134,5.21,1.806,10000.0
6,72837.0,9974.383,5.809,2.854,10000.0
6,72838.0,9971.912,5.67,3.405,10000.0
6,72839.0,10056.42,4.569,4.348,10000.0
6,72840.0,10267.366,4.628,2.442,10000.0
6,72841.0,9722.905,4.16,2.115,10000.0
6,72842.0,9934.715,4.821,4.118,10000.0
6,72843.0,10445.997,4.292,1.699,10000.0
6,72844.0,9563.04,5.041,2.284,10000.0
6,72845.0,9938.516,4.937,2.475,10000.0
6,72846.0,10192.555,4.643,2.575,10000.0
6,72847.0,10044.385,19.252,32.489,10000.0
6,72848.0,9825.277,6.053,14.979,10000.0
6,72849.0,10944.82,10.078,2.34,10000.0
6,72850.0,9041.106,4.717,3.747,10000.0
6,72851.0,10012.463,5.155,8.567,10000.0
6,72852.0,10055.349999999999,4.176,1.769,10000.0
6,72853.0,10061.877,7.809,3.543,10000.0
6,72854.0,9905.964999999998,3.442,1.515,10000.0
6,72855.0,10054.688,6.385,2.69,10000.0
6,72856.0,10040.439999999999,50.281,2.808,10000.0
6,72857.0,9975.893,5.299,2.227,10000.0
6,72858.0,10627.347,7.034,2.862,10000.0
6,72859.0,9449.458,4.82,3.242,10000.0
6,72860.0,10930.776,5.368,2.848,10000.0
6,72861.0,9211.73,47.231,4.498,10000.0
6,72862.0,9718.961,4.792,2.55,10000.0
6,72863.0,10017.944000000001,5.773,2.361,10000.0
6,72864.0,9922.037999999999,4.585,4.37,10000.0
6,72865.0,10154.836000000001,24.58,2.447,10000.0
6,72866.0,10067.678,6.018,4.548,10000.0
6,72867.0,9794.625,5.597,3.268,10000.0
6,72868.0,11276.133,4.962,2.41,10000.0
6,72869.0,8798.543000000001,4.934,3.267,10000.0
6,72870.0,9894.803,5.738,3.938,10000.0
6,72871.0,10034.397,3.907,3.96,10000.0
6,72872.0,10046.644,6.641,4.692,10000.0
6,72873.0,11457.304999999998,8.053,3.412,10000.0
6,72874.0,8519.07,5.096,5.007,10000.0
6,72875.0,9981.578,5.206,10.948,10000.0
6,72876.0,9987.905999999999,13.18,32.293,10000.0
6,72877.0,10004.148,5.234,840.947,10000.0
6,72878.0,10076.557,6.256,5.155,10000.0
6,72879.0,10415.644999999999,4.693,2.213,10000.0
6,72880.0,9533.824999999999,5.412,2.457,10000.0
6,72881.0,9975.79,3.691,2.35,10000.0
6,72882.0,10007.395,6.309,3.049,10000.0
6,72883.0,10374.302,3.653,2.864,10000.0
6,72884.0,9616.547,5.292,3.522,10000.0
6,72885.0,10067.354000000001,5.769,2002.569,10000.0
6,72886.0,9897.137999999999,5.135,3.238,10000.0
6,72887.0,10081.42,5.358,3.479,10000.0
6,72888.0,9990.772,7.022,4.207,10000.0
6,72889.0,10122.739,6.959,3.567,10000.0
6,72890.0,9967.067,26.611,1.776,10000.0
6,72891.0,10080.976,34.032,4.105,10000.0
6,72892.0,9892.27,20.702,13.547,10000.0
6,72893.0,10262.462,7.159,3.66,10000.0
6,72894.0,9706.643,6.229,3.043,10000.0
6,72895.0,10033.535,5.991,3.428,10000.0
6,72896.0,9932.536,4.353,2.303,10000.0
6,72897.0,9940.26,4.871,2.477,10000.0
6,72898.0,10033.288,5.644,3.319,10000.0
6,72899.0,10120.032,4.788,3.468,10000.0
6,72900.0,9970.402999999998,5.666,2.266,10000.0
6,72901.0,10073.732,6.817,4.331,10000.0
6,72902.0,9824.054,4.366,1.459,10000.0
6,72903.0,10011.912,5.094,4.066,10000.0
6,72904.0,10007.317,5.856,3.255,10000.0
6,72905.0,10090.574999999999,5.015,1.89,10000.0
6,72906.0,9953.232,5.894,2.44,10000.0
6,72907.0,9938.841,27.495,5.888,10000.0
6,72908.0,10581.335000000001,6.509,4.762,10000.0
6,72909.0,9395.479,3.593,1.825,10000.0
6,72910.0,10272.872000000001,36.384,5.48,10000.0
6,72911.0,9847.511999999999,7.436,17.845,10000.0
6,72912.0,10067.002,44.086,4.507,10000.0
6,72913.0,9930.594,8.086,3.769,10000.0
6,72914.0,11213.110999999999,21.042,4.522,10000.0
6,72915.0,12144.406,24.707,19.307,10000.0
6,72916.0,7455.304,13.881,3.107,10000.0
6,72917.0,9126.485,6.331,2.817,10000.0
6,72918.0,9991.943,5.255,3.152,10000.0
6,72919.0,10057.896999999999,4.802,2.176,10000.0
6,72920.0,9912.883000000002,4.943,3.583,10000.0
6,72921.0,10028.021999999999,4.701,3.358,10000.0
6,72922.0,9976.494,6.023,2.391,10000.0
6,72923.0,9958.48,5.829,4.459,10000.0
6,72924.0,10030.92,3.974,2.003,10000.0
6,72925.0,10082.889,6.514,23.579,10000.0
6,72926.0,10051.472,7.02,4.483,10000.0
6,72927.0,9868.733,7.77,18.684,10000.0
6,72928.0,10231.302,5.658,4.494,10000.0
6,72929.0,10279.279,4.411,3.377,10000.0
6,72930.0,9664.437999999998,7.784,5.842,10000.0
6,72931.0,9925.549,6.213,4.521,10000.0
6,72932.0,10065.414,6.945,3.828,10000.0
6,72933.0,9844.625,8.555,7.849,10000.0
6,72934.0,10133.787,6.582,4.485,10000.0
6,72935.0,9855.025,4.201,2.929,10000.0
6,72936.0,10028.21,6.87,20.036,10000.0
6,72937.0,9989.44,17.806,20.613,10000.0
6,72938.0,10066.988000000001,8.09,4.049,10000.0
6,72939.0,11128.792,6.012,2.672,10000.0
6,72940.0,8792.314,79.254,4.62,10000.0
6,72941.0,10070.743999999999,18.52,1.784,10000.0
6,72942.0,10529.827000000001,36.216,19.291,10000.0
6,72943.0,9825.907,33.131,4.803,10000.0
6,72944.0,9667.482,8.828,16.46,10000.0
6,72945.0,9985.848,7.748,14.85,10000.0
6,72946.0,9966.991999999998,9.747,7.918,10000.0
6,72947.0,9987.1,8.994,3.491,10000.0
6,72948.0,10494.361,4.747,2.578,10000.0
6,72949.0,11592.853000000001,10.751,3.634,10000.0
6,72950.0,7882.362,7.596,4.119,10000.0
6,72951.0,10119.855000000001,8.084,7.748,10000.0
6,72952.0,10283.634999999998,7.297,3.441,10000.0
6,72953.0,9914.707,6.415,4.965,10000.0
6,72954.0,9697.067000000001,6.969,4.621,10000.0
6,72955.0,9960.84,4.988,6.163,10000.0
6,72956.0,10159.7,6.489,2.731,10000.0
6,72957.0,10013.823999999999,9.292,6.642,10000.0
6,72958.0,9857.946,6.873,2.748,10000.0
6,72959.0,10009.03,6.38,4.847,10000.0
6,72960.0,9991.863,7.395,8.437,10000.0
6,72961.0,10257.27,8.495,6.721,10000.0
6,72962.0,9928.597000000002,8.112,6.458,10000.0
6,72963.0,9789.683,5.382,2.812,10000.0
6,72964.0,10061.436,4.809,6.653,10000.0
6,72965.0,10154.609,8.899,5.746,10000.0
6,72966.0,9862.363000000001,4.258,4.07,10000.0
6,72967.0,10171.163,5.66,5.952,10000.0
6,72968.0,11705.073,6.241,3.797,10000.0
6,72969.0,8061.867,5.112,3.774,10000.0
6,72970.0,13642.345,15.677,4.152,10000.0
6,72971.0,6884.264,7.768,5.13,10000.0
6,72972.0,9481.435,7.731,3.876,10000.0
6,72973.0,10215.383,34.627,4.109,10000.0
6,72974.0,10030.339,7.576,3.537,10000.0
6,72975.0,11907.647,5.522,3.668,10000.0
6,72976.0,8368.269,5.514,2.908,10000.0
6,72977.0,9443.457,5.205,2.24,10000.0
6,72978.0,10006.555,5.336,3.311,10000.0
6,72979.0,9996.503999999999,4.345,3.005,10000.0
6,72980.0,9997.583,3.732,2.562,10000.0
6,72981.0,10025.061,6.51,37.686,10000.0
6,72982.0,10028.423999999999,5.976,5.101,10000.0
6,72983.0,10017.569000000001,5.622,6.465,10000.0
6,72984.0,10091.793,6.211,2.718,10000.0
6,72985.0,9915.911,5.182,3.873,10000.0
6,72986.0,9931.733,5.464,3.71,10000.0
6,72987.0,9959.608,5.371,6.104,10000.0
6,72988.0,10053.279999999999,5.916,3.174,10000.0
6,72989.0,9981.271999999999,3.818,2.775,10000.0
6,72990.0,10020.562,4.816,2.524,10000.0
6,72991.0,10066.044999999998,5.731,2.619,10000.0
6,72992.0,10004.180999999999,4.06,2.693,10000.0
6,72993.0,9951.855000000001,5.733,1.889,10000.0
6,72994.0,9954.342999999999,5.783,5.006,10000.0
6,72995.0,10048.869,6.824,2.978,10000.0
6,72996.0,9982.57,7.025,4.441,10000.0
6,72997.0,9980.556,5.489,3.953,10000.0
6,72998.0,10382.959,7.093,5.229,10000.0
7,72999.0,9610.995,4.992,2.732,10000.0
7,73000.0,10081.435,7.14,21.427,10000.0
7,73001.0,10279.902,4.546,2.876,10000.0
7,73002.0,9684.879,10.59,4.108,10000.0
7,73003.0,12100.582,6.238,3.939,10000.0
7,73004.0,7863.175,5.777,3.209,10000.0
7,73005.0,10011.061,8.508,4.382,10000.0
7,73006.0,10312.372,6.378,5.849,10000.0
7,73007.0,9837.646,6.61,4.796,10000.0
7,73008.0,10069.345000000001,3.675,1.544,10000.0
7,73009.0,9938.551,769.943,2.172,10000.0
7,73010.0,10087.069000000001,4.546,3.878,10000.0
7,73011.0,10006.396,6.65,4.626,10000.0
7,73012.0,9806.463,50.593,6.061,10000.0
7,73013.0,10032.957,5.114,3.703,10000.0
7,73014.0,10152.849,32.072,9.604,10000.0
7,73015.0,9859.101999999999,11.424,5.515,10000.0
7,73016.0,10031.4,5.423,3.775,10000.0
7,73017.0,9825.093,6.591,3.497,10000.0
7,73018.0,10017.107,7.147,3.427,10000.0
7,73019.0,10028.177,4.849,3.175,10000.0
7,73020.0,10026.879,5.489,2.312,10000.0
7,73021.0,9961.47,5.017,1.889,10000.0
7,73022.0,10163.034,8.407,5.07,10000.0
7,73023.0,9860.996000000001,5.877,4.702,10000.0
7,73024.0,9982.477,5.276,2.962,10000.0
7,73025.0,10407.899,4.92,1.821,10000.0
7,73026.0,9576.279999999999,4.759,3.06,10000.0
7,73027.0,10014.155,5.56,3.787,10000.0
7,73028.0,9985.865,5.611,4.507,10000.0
7,73029.0,10015.780999999999,7.008,7.038,10000.0
7,73030.0,9981.271999999999,8.371,10.856,10000.0
7,73031.0,10173.171,23.51,2.794,10000.0
7,73032.0,9799.306,4.381,2.532,10000.0
7,73033.0,10001.365,4.916,2.551,10000.0
7,73034.0,9987.875,5.113,3.545,10000.0
7,73035.0,11331.376,5.82,3.938,10000.0
7,73036.0,8696.366,3.861,2.191,10000.0
7,73037.0,10055.783000000001,247.828,24.062,10000.0
7,73038.0,10014.987,7.127,4.29,10000.0
7,73039.0,9937.568000000001,4.381,2.581,10000.0
7,73040.0,11246.112000000001,4.934,2.899,10000.0
7,73041.0,8761.491,5.358,3.053,10000.0
7,73042.0,10199.719,65.427,14.963,10000.0
7,73043.0,9815.621,5.596,17.627,10000.0
7,73044.0,10095.418,4.589,2.78,10000.0
7,73045.0,9956.131,7.073,3.857,10000.0
7,73046.0,10029.073,4.739,2.632,10000.0
7,73047.0,9851.017,5.417,3.466,10000.0
7,73048.0,10037.382,4.994,1.985,10000.0
7,73049.0,10054.437,6.467,3.553,10000.0
7,73050.0,11055.213,5.596,2.915,10000.0
7,73051.0,8995.092,5.573,4.443,10000.0
7,73052.0,9963.812,4.3,4.376,10000.0
7,73053.0,9973.707999999999,3.922,2.771,10000.0
7,73054.0,9970.248,5.971,3.057,10000.0
7,73055.0,10098.390000000001,4.755,2.789,10000.0
7,73056.0,10269.164,3.606,2.431,10000.0
7,73057.0,9646.381000000001,3.474,3.498,10000.0
7,73058.0,10079.846,5.643,2.53,10000.0
7,73059.0,10524.517,5.248,3.395,10000.0
7,73060.0,10477.73,4.866,2.236,10000.0
7,73061.0,8909.685000000001,4.76,2.833,10000.0
7,73062.0,10117.758,5.495,2.032,10000.0
7,73063.0,10122.274000000001,33.19,2.835,10000.0
7,73064.0,9994.905,32.696,3.597,10000.0
7,73065.0,9928.813999999998,27.611,5.476,10000.0
7,73066.0,9925.956999999999,5.512,18.623,10000.0
7,73067.0,9956.236,8.29,7.648,10000.0
7,73068.0,10287.034,149.586,10.625,10000.0
7,73069.0,9736.296,4.45,2.36,10000.0
7,73070.0,9953.485999999999,5.172,2.773,10000.0
7,73071.0,9991.867,4.787,2.027,10000.0
7,73072.0,10131.588,4.505,2.253,10000.0
7,73073.0,9865.765,4.739,1.803,10000.0
7,73074.0,10163.944,46.096,18.544,10000.0
7,73075.0,9994.696000000002,3.23,1.617,10000.0
7,73076.0,10047.716,33.181,4.161,10000.0
7,73077.0,9924.314,8.564,4.308,10000.0
7,73078.0,10111.29,30.602,2.559,10000.0
7,73079.0,10841.724,5.556,4.862,10000.0
7,73080.0,9288.510999999999,5.806,7.289,10000.0
7,73081.0,10693.514,9.017,3.542,10000.0
7,73082.0,9213.279,14.991,5.918,10000.0
7,73083.0,10529.05,20.304,4.583,10000.0
7,73084.0,9528.205,8.405,4.687,10000.0
7,73085.0,9813.897,9.242,8.592,10000.0
7,73086.0,9887.814,7.261,3.784,10000.0
7,73087.0,9959.847000000002,10.308,8.309,10000.0
7,73088.0,9973.674,6.229,6.358,10000.0
7,73089.0,10195.386,7.983,11.531,10000.0
7,73090.0,9833.935,5.34,2.285,10000.0
7,73091.0,9960.294,3.32,2.766,10000.0
7,73092.0,10182.538,5.708,6.283,10000.0
7,73093.0,9831.233,6.879,7.133,10000.0
7,73094.0,9997.909,4.046,8.264,10000.0
7,73095.0,9984.517,6.784,3.741,10000.0
7,73096.0,10105.627,6.006,15.271,10000.0
7,73097.0,9918.671,4.489,15.805,10000.0
7,73098.0,10137.475999999999,6.263,2.845,10000.0
7,73099.0,9882.773,5.468,3.462,10000.0
7,73100.0,10067.765,4.559,2.71,10000.0
7,73101.0,10218.598,8.766,5.33,10000.0
7,73102.0,9678.916,4.295,2.128,10000.0
7,73103.0,10020.827,4.454,2.818,10000.0
7,73104.0,10063.690999999999,3.39,2.43,10000.0
7,73105.0,10048.128,4.54,4.759,10000.0
7,73106.0,10012.866,12.006,18.976,10000.0
7,73107.0,9901.949,5.197,2.34,10000.0
7,73108.0,10051.251,6.754,2.935,10000.0
7,73109.0,9979.639000000001,5.539,6.438,10000.0
7,73110.0,9942.248000000001,5.311,3.615,10000.0
7,73111.0,9996.484999999999,3.854,2.043,10000.0
7,73112.0,9983.627,4.259,3.88,10000.0
7,73113.0,10025.558,5.96,2.885,10000.0
7,73114.0,9989.633,4.572,2.097,10000.0
7,73115.0,10112.510999999999,3.931,3.533,10000.0
7,73116.0,10967.813999999998,5.946,5.719,10000.0
7,73117.0,8930.767,4.082,5.401,10000.0
7,73118.0,10136.428,6.847,3.373,10000.0
7,73119.0,10015.963,2.969,1.393,10000.0
7,73120.0,9868.953,5.245,2.845,10000.0
7,73121.0,9963.039999999999,6.473,4.496,10000.0
7,73122.0,10010.488,5.575,6.271,10000.0
7,73123.0,9996.213,5.778,4.582,10000.0
7,73124.0,9996.178,5.276,32.979,10000.0
7,73125.0,10301.467999999999,7.872,7.885,10000.0
7,73126.0,9860.827000000001,8.09,2.942,10000.0
7,73127.0,10042.381,39.733,2.411,10000.0
7,73128.0,9900.693000000001,9.421,6.058,10000.0
7,73129.0,10016.229,12.918,11.625,10000.0
7,73130.0,9854.058,7.752,3.891,10000.0
7,73131.0,10061.389000000001,8.349,1.55,10000.0
7,73132.0,10188.61,15.651,4.247,10000.0
7,73133.0,9811.083,12.854,5.977,10000.0
7,73134.0,9991.662,4.725,8.106,10000.0
7,73135.0,10151.188,8.437,2.502,10000.0
7,73136.0,10000.027,4.621,2.347,10000.0
7,73137.0,9861.483,5.197,2.098,10000.0
7,73138.0,10110.991999999998,9.689,3.455,10000.0
7,73139.0,9804.427,3.919,3.401,10000.0
7,73140.0,11014.784,5.637,2.505,10000.0
7,73141.0,9197.568,4.627,3.173,10000.0
7,73142.0,9841.899,4.425,2.761,10000.0
7,73143.0,10011.045999999998,4.683,2.341,10000.0
7,73144.0,10615.869999999999,1725.265,5.945,10000.0
7,73145.0,9344.557999999999,3.936,2.743,10000.0
7,73146.0,10068.455,9.161,3.951,10000.0
7,73147.0,9943.715,10.033,18.202,10000.0
7,73148.0,10267.574999999999,41.116,3.713,10000.0
7,73149.0,10222.585,27.177,8.56,10000.0
7,73150.0,9656.451,68.216,9.767,10000.0
7,73151.0,9999.728,4.846,3.834,10000.0
7,73152.0,9842.722,5.456,6.423,10000.0
7,73153.0,10106.779999999999,6.133,3.412,10000.0
7,73154.0,9967.976999999999,7.111,1.649,10000.0
7,73155.0,10109.381000000001,4.981,2.091,10000.0
7,73156.0,10024.972,5.557,3.332,10000.0
7,73157.0,9830.314999999999,6.875,5.354,10000.0
7,73158.0,10291.099,5.637,3.143,10000.0
7,73159.0,9679.893,4.08,1.673,10000.0
7,73160.0,10067.691,12.116,4.478,10000.0
7,73161.0,9990.295,5.746,3.186,10000.0
7,73162.0,10246.464,35.599,3.268,10000.0
7,73163.0,9743.359,7.234,5.753,10000.0
7,73164.0,10005.301,6.45,6.843,10000.0
7,73165.0,12475.448999999999,5.906,3.973,10000.0
7,73166.0,7476.594,5.228,38.997,10000.0
7,73167.0,10097.347,4.988,2.818,10000.0
7,73168.0,9937.361,4.963,3.664,10000.0
7,73169.0,11327.421,11.16,7.963,10000.0
7,73170.0,8644.739,6.407,4.974,10000.0
7,73171.0,9987.051,3.628,2.781,10000.0
7,73172.0,10001.451,5.022,2.726,10000.0
7,73173.0,10243.232,8.115,4.884,10000.0
7,73174.0,9998.045,33.183,3.824,10000.0
7,73175.0,11094.707,42.746,2.192,10000.0
7,73176.0,8780.224999999999,9.137,22.876,10000.0
7,73177.0,9855.239,5.04,3.345,10000.0
7,73178.0,10066.693,6.08,5.721,10000.0
7,73179.0,9965.638,5.667,3.54,10000.0
7,73180.0,10431.327000000001,8.474,3.937,10000.0
7,73181.0,9611.288,10.21,3.728,10000.0
7,73182.0,10063.393,5.8,2.763,10000.0
7,73183.0,12022.535000000002,5.57,2.826,10000.0
7,73184.0,7889.650999999999,6.252,4.35,10000.0
7,73185.0,10603.741,5.936,2.863,10000.0
7,73186.0,9359.855,3.868,2.2,10000.0
7,73187.0,10061.858,5.655,3.286,10000.0
7,73188.0,10080.435000000001,5.09,2.671,10000.0
7,73189.0,9881.141,6.877,2.426,10000.0
7,73190.0,11180.449999999999,5.32,2.526,10000.0
7,73191.0,8803.619999999999,5.943,2.631,10000.0
7,73192.0,10026.480000000001,4.807,1.876,10000.0
7,73193.0,10531.34,5.48,2.376,10000.0
7,73194.0,9548.964,4.912,2.061,10000.0
7,73195.0,9903.335,5.468,1.872,10000.0
7,73196.0,10040.585,27.962,2.992,10000.0
7,73197.0,9964.440999999999,4.81,2.933,10000.0
7,73198.0,10113.369,5.701,3.206,10000.0
7,73199.0,9967.531,6.279,3.199,10000.0
7,73200.0,9905.733,3.791,1.637,10000.0
7,73201.0,9985.158,4.26,2.714,10000.0
7,73202.0,10309.052000000001,26.236,2.869,10000.0
7,73203.0,9856.475999999999,4.094,2.748,10000.0
7,73204.0,9876.664999999999,5.103,3.101,10000.0
7,73205.0,9980.139000000001,4.804,1.982,10000.0
7,73206.0,10016.191,5.294,2.819,10000.0
7,73207.0,10010.75,5.934,2.39,10000.0
7,73208.0,10165.05,38.244,15.384,10000.0
7,73209.0,9851.062,5.559,3.891,10000.0
7,73210.0,10270.123000000001,5.218,3.183,10000.0
7,73211.0,12037.16,6.517,3.857,10000.0
7,73212.0,7873.322999999999,106.939,3.851,10000.0
7,73213.0,9796.438,6.112,29.343,10000.0
7,73214.0,10028.53,6.456,4.012,10000.0
7,73215.0,10634.862000000001,5.021,3.286,10000.0
7,73216.0,9434.905999999999,5.731,24.867,10000.0
7,73217.0,9883.387,3.922,2.872,10000.0
7,73218.0,10075.287,36.31,4.669,10000.0
7,73219.0,9911.336,5.122,4.131,10000.0
7,73220.0,10060.351999999999,5.074,4.444,10000.0
7,73221.0,9961.074999999999,3.653,1.889,10000.0
7,73222.0,10016.156,4.235,3.985,10000.0
7,73223.0,10046.476999999999,6.08,3.611,10000.0
7,73224.0,10877.315999999999,5.857,3.028,10000.0
7,73225.0,10297.248,6.239,2.418,10000.0
7,73226.0,9098.657,10.017,5.192,10000.0
7,73227.0,10725.133,7.428,2.77,10000.0
7,73228.0,8944.786999999998,7.581,12.607,10000.0
7,73229.0,10401.103000000001,5.595,7.171,10000.0
7,73230.0,9967.488,4.646,1.495,10000.0
7,73231.0,9574.82,5.731,1.859,10000.0
7,73232.0,10059.085000000001,7.253,2.915,10000.0
7,73233.0,10007.115,5.164,4.137,10000.0
7,73234.0,10047.832,3.438,2.372,10000.0
7,73235.0,10077.088,4.45,2.123,10000.0
7,73236.0,9995.957999999999,4.101,2.191,10000.0
7,73237.0,9890.524,3.888,2.05,10000.0
7,73238.0,10081.484999999999,4.912,3.73,10000.0
7,73239.0,9918.97,4.564,3.413,10000.0
7,73240.0,9986.935000000001,5.186,2.068,10000.0
7,73241.0,10237.228,4.339,3.19,10000.0
7,73242.0,10831.395,7.001,3.36,10000.0
7,73243.0,9626.175000000001,7.934,3.6,10000.0
7,73244.0,9600.375,55.003,21.397,10000.0
7,73245.0,11819.551,8.519,3.541,10000.0
7,73246.0,8090.168,41.632,18.96,10000.0
7,73247.0,9893.86,5.963,6.232,10000.0
7,73248.0,9948.762999999999,6.838,3.815,10000.0
7,73249.0,10007.933,7.575,3.869,10000.0
7,73250.0,9971.527,5.506,5.359,10000.0
7,73251.0,10753.932,17.751,23.799,10000.0
7,73252.0,11160.776,5.189,2.729,10000.0
7,73253.0,8071.052000000001,4.777,5.586,10000.0
7,73254.0,9953.358,3.46,3.018,10000.0
7,73255.0,10364.25,39.304,20.864,10000.0
7,73256.0,9882.289,5.186,3.894,10000.0
7,73257.0,9835.574,87.569,15.715,10000.0
7,73258.0,10034.233,73.26,9.002,10000.0
7,73259.0,9919.796,9.015,3.345,10000.0
7,73260.0,10242.04,16.841,5.236,10000.0
7,73261.0,9737.894,3.677,2.257,10000.0
7,73262.0,11402.753,7.397,3.368,10000.0
7,73263.0,8626.577,5.248,5.43,10000.0
7,73264.0,10007.078000000001,4.743,2.979,10000.0
7,73265.0,10173.389,6.63,5.473,10000.0
7,73266.0,9827.783,5.574,3.654,10000.0
7,73267.0,10043.671,4.573,3.631,10000.0
7,73268.0,10027.941,6.154,4.817,10000.0
7,73269.0,11131.624,5.28,2.908,10000.0
7,73270.0,8981.859999999999,19.24,4.604,10000.0
7,73271.0,10140.012999999999,38.663,14.694,10000.0
7,73272.0,9892.437,41.822,4.696,10000.0
7,73273.0,9934.006000000001,21.716,15.046,10000.0
7,73274.0,9859.997000000001,21.829,2.672,10000.0
7,73275.0,10225.082999999999,5.635,3.006,10000.0
7,73276.0,9788.576000000001,9.308,1.613,10000.0
7,73277.0,10208.657,5.471,2.196,10000.0
7,73278.0,11622.663999999999,7.788,9.182,10000.0
7,73279.0,8234.441,5.855,5.379,10000.0
7,73280.0,9904.15,5.994,4.711,10000.0
7,73281.0,11212.78,5.978,2.139,10000.0
7,73282.0,8824.155999999999,8.784,4.887,10000.0
7,73283.0,10044.982,13.652,34.069,10000.0
7,73284.0,12546.265,38.73,3.448,10000.0
7,73285.0,7323.411,5.411,6.734,10000.0
7,73286.0,10095.823,3.748,2.159,10000.0
7,73287.0,9937.092,4.763,2.327,10000.0
7,73288.0,9986.849,6.069,2.754,10000.0
7,73289.0,10020.741999999998,3.713,4.803,10000.0
7,73290.0,9997.526,3.93,2.503,10000.0
7,73291.0,10107.985,6.311,2.937,10000.0
7,73292.0,10163.307,57.694,3.831,10000.0
7,73293.0,9929.794,40.22,4.589,10000.0
7,73294.0,9782.377,5.696,3.434,10000.0
7,73295.0,10096.25,13.89,11.821,10000.0
7,73296.0,9927.787,4.439,2.353,10000.0
7,73297.0,10069.792,4.62,5.887,10000.0
7,73298.0,9913.174,4.202,3.68,10000.0
7,73299.0,10345.382,3.232,1.883,10000.0
7,73300.0,9735.999,5.319,1.714,10000.0
7,73301.0,9918.429,4.106,3.153,10000.0
7,73302.0,10189.359,35.149,2.717,10000.0
7,73303.0,9763.707999999999,4.103,1.547,10000.0
7,73304.0,10109.52,10.861,8.652,10000.0
7,73305.0,10067.791,6.478,4.803,10000.0
7,73306.0,9866.542000000001,6.61,2.8,10000.0
7,73307.0,10101.22,6.294,3.462,10000.0
7,73308.0,10246.557999999999,33.797,5.179,10000.0
7,73309.0,9861.162,38.34,24.414,10000.0
7,73310.0,11037.829000000002,5.433,2.791,10000.0
7,73311.0,8904.488000000001,36.203,4.265,10000.0
7,73312.0,9984.437,21.102,3.579,10000.0
7,73313.0,10091.955999999998,8.959,17.835,10000.0
7,73314.0,9913.354,20.289,3.671,10000.0
7,73315.0,9911.998,25.927,5.521,10000.0
7,73316.0,10016.789,4.936,3.367,10000.0
7,73317.0,10064.574999999999,6.28,2.016,10000.0
7,73318.0,11101.371000000001,26.75,22.23,10000.0
7,73319.0,8859.671,5.0,3.457,10000.0
7,73320.0,9896.541,6.667,5.711,10000.0
7,73321.0,10054.276,7.203,4.001,10000.0
7,73322.0,9983.828,3.661,3.183,10000.0
7,73323.0,10027.768,4.982,3.817,10000.0
7,73324.0,9938.221000000001,4.885,3.089,10000.0
7,73325.0,9987.891,5.546,4.466,10000.0
7,73326.0,10055.893,4.533,2.167,10000.0
7,73327.0,10498.815999999999,5.232,2.603,10000.0
7,73328.0,9556.479,4.251,4.448,10000.0
7,73329.0,10869.481,5.398,3.023,10000.0
7,73330.0,10504.753999999999,6.586,3.136,10000.0
7,73331.0,8566.311,26.102,7.68,10000.0
7,73332.0,9979.896999999999,6.861,4.644,10000.0
7,73333.0,10504.222,6.519,22.461,10000.0
7,73334.0,9826.884,40.886,4.168,10000.0
7,73335.0,10126.932,5.255,2.821,10000.0
7,73336.0,9727.914,29.461,2.009,10000.0
7,73337.0,10460.94,35.851,4.695,10000.0
7,73338.0,9597.214999999998,41.973,18.831,10000.0
7,73339.0,9998.33,36.229,5.503,10000.0
7,73340.0,10103.825,18.868,9.487,10000.0
7,73341.0,9642.572,5.307,20.677,10000.0
7,73342.0,10054.432,7.882,918.537,10000.0
7,73343.0,10016.026000000002,276.217,4.695,10000.0
7,73344.0,10063.799,7.341,4.427,10000.0
7,73345.0,9913.323,6.885,4.501,10000.0
7,73346.0,9978.292,5.91,2.618,10000.0
7,73347.0,10172.525,18.754,29.156,10000.0
7,73348.0,10038.161,41.375,2.527,10000.0
7,73349.0,9916.233,33.7,3.421,10000.0
7,73350.0,14111.886,37.55,5.102,10000.0
7,73351.0,5780.2390000000005,7.976,3.581,10000.0
7,73352.0,10219.137999999999,6.157,3.603,10000.0
7,73353.0,10396.486,6.185,4.722,10000.0
7,73354.0,9635.775,4.907,1.815,10000.0
7,73355.0,9682.514,6.161,3.404,10000.0
7,73356.0,10176.664,5.852,3.317,10000.0
7,73357.0,9905.449999999999,4.441,1.71,10000.0
7,73358.0,10695.190999999999,34.127,3.187,10000.0
7,73359.0,9551.999,5.178,1.894,10000.0
7,73360.0,9898.195,41.271,3.601,10000.0
7,73361.0,11899.465999999999,10.324,5.719,10000.0
7,73362.0,8971.743,7.094,3.762,10000.0
7,73363.0,9100.621,34.681,6.166,10000.0
7,73364.0,9985.861,22.961,2.758,10000.0
7,73365.0,9934.866,6.191,3.485,10000.0
7,73366.0,10039.542,5.55,3.231,10000.0
7,73367.0,9861.894,16.441,3.29,10000.0
7,73368.0,9975.289,4.657,1.84,10000.0
7,73369.0,10067.804,4.518,3.018,10000.0
7,73370.0,9953.066,5.407,2.749,10000.0
7,73371.0,9993.455,5.715,2.413,10000.0
7,73372.0,10074.634,7.709,5.612,10000.0
7,73373.0,9983.369,8.188,5.617,10000.0
7,73374.0,10389.874,5.839,3.523,10000.0
7,73375.0,9689.032000000001,34.434,3.262,10000.0
7,73376.0,9852.414999999999,7.95,4.853,10000.0
7,73377.0,10133.016,4.724,3.189,10000.0
7,73378.0,9954.795,5.343,2.992,10000.0
7,73379.0,10060.678,8.09,7.173,10000.0
7,73380.0,9892.075,8.071,6.3,10000.0
7,73381.0,10433.791,7.495,3.922,10000.0
7,73382.0,9670.06,8.101,6.101,10000.0
7,73383.0,9959.921999999999,6.735,4.26,10000.0
7,73384.0,10022.966,5.844,3.201,10000.0
7,73385.0,10106.599,106.973,3.321,10000.0
7,73386.0,10608.947,6.217,2.822,10000.0
7,73387.0,9348.326000000001,39.82,5.745,10000.0
7,73388.0,10016.153999999999,28.405,7.913,10000.0
7,73389.0,9952.117,21.181,15.254,10000.0
7,73390.0,9907.837,75.078,9.804,10000.0
7,73391.0,10466.441,4.884,3.452,10000.0
7,73392.0,9496.564,4.329,4.1,10000.0
7,73393.0,10426.793,4.688,1.523,10000.0
7,73394.0,9571.476,6.401,2.8,10000.0
7,73395.0,9977.355,5.759,2.828,10000.0
7,73396.0,10541.86,6.571,3.765,10000.0
7,73397.0,9746.007,36.49,5.45,10000.0
7,73398.0,9942.099,44.428,18.538,10000.0
7,73399.0,10036.876,41.069,20.507,10000.0
7,73400.0,10050.602,29.225,22.41,10000.0
7,73401.0,10939.796,39.283,2.592,10000.0
7,73402.0,8777.214,11.822,15.203,10000.0
7,73403.0,10013.151,8.423,3.861,10000.0
7,73404.0,10001.366,4.314,3.621,10000.0
7,73405.0,9915.251999999999,5.654,4.626,10000.0
7,73406.0,10050.855,4.374,56.084,10000.0
7,73407.0,10058.94,5.263,3.127,10000.0
7,73408.0,10089.666000000001,8.092,3.628,10000.0
7,73409.0,9912.412,4.692,2.063,10000.0
7,73410.0,9950.187,5.848,4.132,10000.0
7,73411.0,10068.529,4.277,1.709,10000.0
7,73412.0,9958.837,5.59,3.117,10000.0
7,73413.0,9959.591,6.338,5.6,10000.0
7,73414.0,9990.409,3.687,3.098,10000.0
7,73415.0,10031.089,5.623,2.452,10000.0
7,73416.0,9949.419,6.102,1.888,10000.0
7,73417.0,10281.246000000001,46.317,2.88,10000.0
7,73418.0,9740.185,4.557,4.472,10000.0
7,73419.0,10336.215,4.806,2.901,10000.0
7,73420.0,9653.019,4.302,4.467,10000.0
7,73421.0,10208.124000000002,36.472,3.101,10000.0
7,73422.0,9994.7,10.671,7.498,10000.0
7,73423.0,9766.935,6.055,5.895,10000.0
7,73424.0,10071.181,5.445,2.428,10000.0
7,73425.0,9935.409,7.31,3.416,10000.0
7,73426.0,10068.478000000001,5.991,3.638,10000.0
7,73427.0,10003.357,4.771,4.067,10000.0
7,73428.0,10373.478000000001,6.286,2.212,10000.0
7,73429.0,9703.954000000002,5.262,2.563,10000.0
7,73430.0,9900.463,8.011,4.246,10000.0
7,73431.0,10172.916000000001,35.224,5.127,10000.0
7,73432.0,9845.523,6.655,4.612,10000.0
7,73433.0,10016.21,9.023,15.093,10000.0
7,73434.0,10594.320000000002,10.77,4.867,10000.0
7,73435.0,12581.823,32.286,3.253,10000.0
7,73436.0,6837.129,8.892,4.604,10000.0
7,73437.0,9948.057999999999,7.64,5.503,10000.0
7,73438.0,10015.317,7.98,4.751,10000.0
7,73439.0,9982.423,5.102,2.874,10000.0
7,73440.0,12392.445,4.991,155.102,10000.0
7,73441.0,8905.222000000002,4.819,3.368,10000.0
7,73442.0,8914.06,5.124,1.638,10000.0
7,73443.0,10022.427,36.063,4.39,10000.0
7,73444.0,9944.053,5.731,15.905,10000.0
7,73445.0,10079.77,17.503,3.793,10000.0
7,73446.0,9955.682999999999,7.87,6.67,10000.0
7,73447.0,9767.529,4.592,4.129,10000.0
7,73448.0,9993.09,6.536,3.093,10000.0
7,73449.0,10215.553,5.749,8.291,10000.0
7,73450.0,10008.168,6.4,4.925,10000.0
7,73451.0,9977.476,6.039,3.075,10000.0
7,73452.0,9954.493,5.79,2.699,10000.0
7,73453.0,9951.111,4.909,3.58,10000.0
7,73454.0,9933.186,5.92,3.974,10000.0
7,73455.0,10069.786,79.075,47.819,10000.0
7,73456.0,10081.866,38.783,6.965,10000.0
7,73457.0,9901.378,7.399,4.754,10000.0
7,73458.0,9991.747000000001,5.513,5.159,10000.0
7,73459.0,10113.605,16.737,4.887,10000.0
7,73460.0,12145.408,6.464,3.818,10000.0
7,73461.0,7658.245999999999,5.427,16.124,10000.0
7,73462.0,10419.243,8.303,10.543,10000.0
7,73463.0,9672.855,5.719,3.68,10000.0
7,73464.0,9938.234,4.891,2.728,10000.0
7,73465.0,10009.789,7.653,3.009,10000.0
7,73466.0,9976.142,4.041,1.813,10000.0
7,73467.0,10091.444,4.896,2.809,10000.0
7,73468.0,9900.952,5.905,2.541,10000.0
7,73469.0,10144.69,5.855,5.049,10000.0
7,73470.0,9950.69,4.517,1.686,10000.0
7,73471.0,9908.208999999999,7.455,4.12,10000.0
7,73472.0,9974.376,4.809,2.235,10000.0
7,73473.0,10068.011,4.75,1.616,10000.0
7,73474.0,9948.33,4.452,2.622,10000.0
7,73475.0,10095.429,6.279,3.025,10000.0
7,73476.0,9933.5,7.074,3.371,10000.0
7,73477.0,10255.027,30.014,5.008,10000.0
7,73478.0,9818.880000000001,5.753,4.345,10000.0
7,73479.0,9901.333999999999,6.007,3.72,10000.0
7,73480.0,10909.858,41.809,18.717,10000.0
7,73481.0,9561.824999999999,42.457,4.854,10000.0
7,73482.0,9681.772,40.88,15.21,10000.0
7,73483.0,11468.33,7.329,4.006,10000.0
7,73484.0,8426.848,13.424,14.391,10000.0
7,73485.0,10088.74,5.115,6.517,10000.0
7,73486.0,9873.780999999999,7.491,30.932,10000.0
7,73487.0,10214.611,6.731,3.706,10000.0
7,73488.0,9800.818,4.256,3.547,10000.0
7,73489.0,12030.507,13.465,6.792,10000.0
7,73490.0,8678.844,21.059,3.56,10000.0
7,73491.0,9284.485999999999,5.434,4.051,10000.0
7,73492.0,10275.552,6.977,5.51,10000.0
7,73493.0,10349.427,5.923,4.199,10000.0
7,73494.0,9367.581999999999,15.187,4.248,10000.0
7,73495.0,11276.843,27.112,9.26,10000.0
7,73496.0,8817.518,7.547,5.883,10000.0
7,73497.0,9939.493,9.634,4.834,10000.0
7,73498.0,9989.944000000001,4.58,1.509,10000.0
7,73499.0,12320.124,6.201,3.391,10000.0
7,73500.0,7794.589999999999,5.731,3.529,10000.0
7,73501.0,9882.843,5.396,4.897,10000.0
7,73502.0,10244.632,5.035,2.629,10000.0
7,73503.0,10043.222,6.027,4.59,10000.0
7,73504.0,9764.660999999998,6.635,15.318,10000.0
7,73505.0,10679.644,5.727,2.568,10000.0
7,73506.0,9246.091999999999,6.404,3.812,10000.0
7,73507.0,9992.604000000001,5.922,19.042,10000.0
7,73508.0,10152.376,12.59,2.995,10000.0
7,73509.0,9838.794999999998,6.521,5.056,10000.0
7,73510.0,10407.648000000001,8.287,4.54,10000.0
7,73511.0,9593.714999999998,5.51,2.721,10000.0
7,73512.0,10020.232,7.926,3.004,10000.0
7,73513.0,10010.843,10.038,6.707,10000.0
7,73514.0,10026.316,3.716,4.023,10000.0
7,73515.0,9939.622000000001,5.686,2.832,10000.0
7,73516.0,10040.564999999999,5.282,3.678,10000.0
7,73517.0,10012.323,7.183,4.257,10000.0
7,73518.0,9973.918,6.142,3.118,10000.0
7,73519.0,11085.071,4.787,4.103,10000.0
7,73520.0,8973.621,5.914,2.359,10000.0
7,73521.0,9942.621000000001,5.342,3.684,10000.0
7,73522.0,10212.865,63.518,4.552,10000.0
7,73523.0,9785.724,4.283,2.56,10000.0
7,73524.0,10109.335000000001,5.794,3.497,10000.0
7,73525.0,10046.159000000001,20.82,2319.226,10000.0
7,73526.0,10392.017,34.4,5.09,10000.0
7,73527.0,11580.583,50.57,3.045,10000.0
7,73528.0,8949.313,7.585,33.196,10000.0
7,73529.0,9199.187,8.436,3.096,10000.0
7,73530.0,9802.765,4.447,6.855,10000.0
7,73531.0,10020.172,6.33,3.511,10000.0
7,73532.0,9982.385,4.843,2.079,10000.0
7,73533.0,10466.707,48.481,22.546,10000.0
7,73534.0,9583.275,8.545,4.624,10000.0
7,73535.0,10742.28,16.85,8.505,10000.0
7,73536.0,9159.256,7.756,3.626,10000.0
7,73537.0,10065.967999999999,12.89,4.516,10000.0
7,73538.0,10087.203,8.678,5.771,10000.0
7,73539.0,9847.175,6.849,4.801,10000.0
7,73540.0,9965.112,5.158,2.43,10000.0
7,73541.0,10016.267,4.595,2.586,10000.0
7,73542.0,10163.603000000001,5.139,4.681,10000.0
7,73543.0,9795.358,6.532,7.213,10000.0
7,73544.0,10001.325,6.44,7.015,10000.0
7,73545.0,10018.804,6.844,4.963,10000.0
7,73546.0,10021.93,4.845,2.626,10000.0
7,73547.0,9989.899,4.966,3.393,10000.0
7,73548.0,9992.168,5.189,3.029,10000.0
7,73549.0,10441.497,3.897,1.519,10000.0
7,73550.0,9531.997000000001,7.425,6.203,10000.0
7,73551.0,10165.743,7.184,3.512,10000.0
7,73552.0,9827.302,5.858,3.961,10000.0
7,73553.0,10011.248,6.385,2.387,10000.0
7,73554.0,10009.07,5.221,2.24,10000.0
7,73555.0,10009.837000000001,5.746,2.573,10000.0
7,73556.0,10104.666,7.722,30.781,10000.0
7,73557.0,10115.297,43.813,4.035,10000.0
7,73558.0,10453.755000000001,40.367,4.324,10000.0
7,73559.0,9644.961000000001,30.643,4.014,10000.0
7,73560.0,9847.795,26.058,9.858,10000.0
7,73561.0,10028.292,24.982,16.953,10000.0
7,73562.0,10048.272,38.725,5.756,10000.0
7,73563.0,9836.546,6.385,109.337,10000.0
7,73564.0,10159.613,8.225,4.604,10000.0
7,73565.0,9881.408,9.579,17.276,10000.0
7,73566.0,10190.318000000001,21.601,33.961,10000.0
7,73567.0,9704.733,9.096,7.495,10000.0
7,73568.0,9983.808,5.685,2.717,10000.0
7,73569.0,10896.016,3.715,3.514,10000.0
7,73570.0,9111.444,8.094,113.193,10000.0
7,73571.0,9990.348,6.099,4.713,10000.0
7,73572.0,10219.137999999999,5.767,9.289,10000.0
7,73573.0,9997.675,48.873,5.949,10000.0
7,73574.0,9763.783,5.204,5.979,10000.0
7,73575.0,10413.422,4.709,2.406,10000.0
7,73576.0,9783.283,7.155,15.595,10000.0
7,73577.0,9874.46,9.298,3.521,10000.0
7,73578.0,10141.026,5.66,3.606,10000.0
7,73579.0,10158.709,3.338,1.859,10000.0
7,73580.0,9793.196,19.706,11.223,10000.0
7,73581.0,10002.403,23.294,15.545,10000.0
7,73582.0,9991.099,7.307,6.461,10000.0
7,73583.0,10046.911,8.056,7.803,10000.0
7,73584.0,9821.059,8.482,6.923,10000.0
7,73585.0,13202.609,6.6,3.361,10000.0
7,73586.0,6902.915,7.891,5.564,10000.0
7,73587.0,9900.21,7.34,6.126,10000.0
7,73588.0,10102.338,16.562,7.798,10000.0
7,73589.0,9919.565999999999,7.733,6.651,10000.0
7,73590.0,10111.805,34.797,4.303,10000.0
7,73591.0,10794.417000000001,34.614,4.885,10000.0
7,73592.0,9071.988,7.626,5.868,10000.0
7,73593.0,10003.739,7.502,4.037,10000.0
7,73594.0,9981.295,4.516,3.067,10000.0
7,73595.0,10312.716,5.424,3.964,10000.0
7,73596.0,10360.56,5.011,2.436,10000.0
7,73597.0,9595.826,12.642,5.377,10000.0
7,73598.0,9721.213,3.589,2.197,10000.0
7,73599.0,10007.826,7.332,5.451,10000.0
7,73600.0,10508.333999999999,7.756,4.521,10000.0
7,73601.0,9533.797999999999,7.552,4.811,10000.0
7,73602.0,10215.876,27.057,4.044,10000.0
7,73603.0,9892.203000000001,7.952,5.158,10000.0
7,73604.0,12015.378999999999,7.483,5.045,10000.0
7,73605.0,7866.081,6.032,2.104,10000.0
7,73606.0,9949.084,5.753,3.838,10000.0
7,73607.0,10120.492,4.14,3.372,10000.0
7,73608.0,11369.704,5.217,3.552,10000.0
7,73609.0,8826.885,40.974,5.718,10000.0
7,73610.0,9993.073,43.465,17.734,10000.0
7,73611.0,10057.552000000001,38.496,7.709,10000.0
7,73612.0,9696.399,13.397,22.437,10000.0
7,73613.0,10005.586000000001,8.881,18.396,10000.0
7,73614.0,10018.632,20.142,2.027,10000.0
7,73615.0,10399.954,24.537,3.1,10000.0
7,73616.0,9591.87,8.189,5.561,10000.0
7,73617.0,9994.462000000001,6.671,35.53,10000.0
7,73618.0,9954.257,4.932,3.118,10000.0
7,73619.0,10029.282000000001,6.762,3.419,10000.0
7,73620.0,10461.717,4.128,1.567,10000.0
7,73621.0,9507.020999999999,5.177,2.859,10000.0
7,73622.0,10027.474,6.785,3.141,10000.0
7,73623.0,9966.505000000001,4.028,2.389,10000.0
7,73624.0,10043.571,28.427,7.799,10000.0
7,73625.0,10103.784,5.291,3.19,10000.0
7,73626.0,9848.996000000001,5.235,3.394,10000.0
7,73627.0,10058.237,6.269,25.78,10000.0
7,73628.0,9969.179,5.317,3.415,10000.0
7,73629.0,10195.874,4.049,2.587,10000.0
7,73630.0,10123.535,35.847,2.906,10000.0
7,73631.0,10251.58,33.286,5.124,10000.0
7,73632.0,9789.182,43.468,2.226,10000.0
7,73633.0,9719.039,3.99,2.963,10000.0
7,73634.0,10144.403,38.106,10.695,10000.0
7,73635.0,9948.171,17.481,4.263,10000.0
7,73636.0,10211.112,15.532,3.767,10000.0
7,73637.0,9901.17,7.211,4.896,10000.0
7,73638.0,9748.567,16.081,8.375,10000.0
7,73639.0,10631.460000000001,7.648,9.738,10000.0
7,73640.0,9408.697,7.016,18.281,10000.0
7,73641.0,10073.577000000001,8.169,8.788,10000.0
7,73642.0,9831.985999999999,5.141,4.499,10000.0
7,73643.0,9998.86,6.012,2.853,10000.0
7,73644.0,10144.201000000001,5.129,2.598,10000.0
7,73645.0,9834.276,4.535,13.37,10000.0
7,73646.0,10025.073,5.624,3.332,10000.0
7,73647.0,10112.014000000001,22.498,5.446,10000.0
7,73648.0,10082.713,5.684,3.6,10000.0
7,73649.0,10027.074,53.964,3.481,10000.0
7,73650.0,9814.867999999999,4.826,5.887,10000.0
7,73651.0,10083.079,35.638,2.658,10000.0
7,73652.0,10022.83,57.366,4.681,10000.0
7,73653.0,10137.82,42.9,5.202,10000.0
7,73654.0,10195.641,34.386,3.35,10000.0
7,73655.0,13641.501,3.506,1.495,10000.0
7,73656.0,6072.17,2052.187,4.687,10000.0
7,73657.0,9923.270999999999,7.609,6.133,10000.0
7,73658.0,9827.139000000001,6.988,4.232,10000.0
7,73659.0,11352.558,21.544,14.997,10000.0
7,73660.0,9343.14,5.944,2.956,10000.0
7,73661.0,9381.136,4.016,1.648,10000.0
7,73662.0,10265.099,6.778,2.436,10000.0
7,73663.0,9700.227,6.558,4.2,10000.0
7,73664.0,10023.696,3.993,3.211,10000.0
7,73665.0,10002.328,4.667,3.152,10000.0
7,73666.0,9978.107,6.554,3.714,10000.0
7,73667.0,10006.033,5.555,5.798,10000.0
7,73668.0,9992.95,6.946,3.754,10000.0
7,73669.0,10698.689,5.054,3.46,10000.0
7,73670.0,9572.847,45.585,5.889,10000.0
7,73671.0,9794.656,4.458,4.317,10000.0
7,73672.0,10250.75,9.487,3.123,10000.0
7,73673.0,9729.466,8.862,4.047,10000.0
7,73674.0,9988.0,4.155,2.6,10000.0
7,73675.0,10191.438,33.625,4.041,10000.0
7,73676.0,9847.828,4.5,3.179,10000.0
7,73677.0,9973.15,5.674,3.859,10000.0
7,73678.0,10410.625,53.861,4.541,10000.0
7,73679.0,9940.805,7.518,3.365,10000.0
7,73680.0,9609.130000000001,5.422,5.629,10000.0
7,73681.0,10008.179,4.506,4.44,10000.0
7,73682.0,9972.498,4.423,6.467,10000.0
7,73683.0,10115.104,7.727,5.402,10000.0
7,73684.0,9975.298,7.663,5.596,10000.0
7,73685.0,9943.113,4.29,2.207,10000.0
7,73686.0,10041.698,6.691,4.286,10000.0
7,73687.0,10044.018,18.514,6.341,10000.0
7,73688.0,13415.626,5.913,4.053,10000.0
7,73689.0,6620.514,24.299,6.446,10000.0
7,73690.0,9874.753,14.911,27.444,10000.0
7,73691.0,10005.843,4.903,2.477,10000.0
7,73692.0,9981.102,620.803,4.846,10000.0
7,73693.0,9998.554999999998,6.493,3.069,10000.0
7,73694.0,10039.364,5.414,3.747,10000.0
7,73695.0,10107.003,6.871,4.732,10000.0
7,73696.0,9891.030999999999,5.421,2.804,10000.0
7,73697.0,12155.335,12.326,3.987,10000.0
7,73698.0,7885.224,6.467,2.028,10000.0
7,73699.0,9925.217999999999,5.62,4.164,10000.0
7,73700.0,10057.052,8.447,5.284,10000.0
7,73701.0,10003.398000000001,5.631,3.147,10000.0
7,73702.0,9940.385,6.47,2.177,10000.0
7,73703.0,10509.223,5.721,5.773,10000.0
7,73704.0,10233.4,6.879,4.191,10000.0
7,73705.0,9489.853,7.294,4.811,10000.0
7,73706.0,10256.926,30.305,9.273,10000.0
7,73707.0,10667.2,34.226,3.878,10000.0
7,73708.0,8828.341,6.094,3.569,10000.0
7,73709.0,11082.014,7.633,4.331,10000.0
7,73710.0,9705.855,6.604,4.267,10000.0
7,73711.0,9255.785,6.604,3.099,10000.0
7,73712.0,10084.182,6.71,3.703,10000.0
7,73713.0,10031.79,3.556,1.847,10000.0
7,73714.0,9847.852,5.155,3.659,10000.0
7,73715.0,12063.134999999998,6.168,3.096,10000.0
7,73716.0,8143.681,6.633,4.847,10000.0
7,73717.0,9872.956,5.567,4.692,10000.0
7,73718.0,10185.487,33.014,2.311,10000.0
7,73719.0,10095.169,24.363,10.9,10000.0
7,73720.0,10484.759999999998,14.866,21.046,10000.0
7,73721.0,9760.400000000001,34.616,4.016,10000.0
7,73722.0,9661.265000000001,231.148,9.586,10000.0
7,73723.0,9901.877999999999,13.228,24.241,10000.0
7,73724.0,10164.202000000001,28.485,6.147,10000.0
7,73725.0,9668.252,7.189,3.677,10000.0
7,73726.0,10392.561,7.954,6.336,10000.0
7,73727.0,10203.685000000001,8.656,7.635,10000.0
7,73728.0,9376.632,5.112,3.094,10000.0
7,73729.0,10120.436,6.126,4.848,10000.0
7,73730.0,10023.794000000002,4.918,4.696,10000.0
7,73731.0,10241.471,9.716,5.788,10000.0
7,73732.0,10026.354,4.206,2.923,10000.0
7,73733.0,10240.377999999999,6.313,5.062,10000.0
7,73734.0,9392.197999999999,5.859,5.184,10000.0
7,73735.0,10013.68,4.254,2.532,10000.0
7,73736.0,10105.127999999999,4.224,1.734,10000.0
7,73737.0,9858.878,4.995,2.217,10000.0
7,73738.0,9993.116,3.411,2.008,10000.0
7,73739.0,10017.448,4.025,2.394,10000.0
7,73740.0,10002.906,4.246,2.032,10000.0
7,73741.0,10016.841,6.262,2.901,10000.0
7,73742.0,10091.645999999999,7.557,4.076,10000.0
7,73743.0,10026.4,6.956,3.427,10000.0
7,73744.0,9838.226999999999,6.152,2.208,10000.0
7,73745.0,10188.756,6.328,2.623,10000.0
7,73746.0,10389.166,3.622,2.737,10000.0
7,73747.0,9464.193,5.726,6.238,10000.0
7,73748.0,10158.066,46.027,4.21,10000.0
7,73749.0,10499.722,30.029,3.67,10000.0
7,73750.0,9488.645,26.121,7.899,10000.0
7,73751.0,9892.153,40.435,25.612,10000.0
7,73752.0,10138.889,16.888,24.672,10000.0
7,73753.0,10127.813,13.605,41.806,10000.0
7,73754.0,9964.524000000001,12.362,17.882,10000.0
7,73755.0,10173.838,13.995,29.566,10000.0
7,73756.0,9693.645,10.296,5.492,10000.0
7,73757.0,9954.019,5.367,4.053,10000.0
7,73758.0,11269.001,12.687,6.291,10000.0
7,73759.0,8597.109,4.422,1.293,10000.0
7,73760.0,10099.74,5.275,4.023,10000.0
7,73761.0,9976.083,4.488,2.892,10000.0
7,73762.0,9997.81,5.717,13.681,10000.0
7,73763.0,10873.771,7.947,6.021,10000.0
7,73764.0,9172.292,4.671,1.789,10000.0
7,73765.0,10030.483999999999,6.03,2.911,10000.0
7,73766.0,10144.778,45.561,4.912,10000.0
7,73767.0,9794.479,8.234,6.633,10000.0
7,73768.0,12860.148,5.35,6.71,10000.0
7,73769.0,9165.181,4.023,4.493,10000.0
7,73770.0,8196.362000000001,25.644,6.435,10000.0
7,73771.0,10168.355,6.203,9.749,10000.0
7,73772.0,9613.547999999999,11.199,6.483,10000.0
7,73773.0,9941.448,5.907,3.978,10000.0
7,73774.0,10018.341999999999,6.082,4.294,10000.0
7,73775.0,9990.063,5.552,3.935,10000.0
7,73776.0,9978.758000000002,3.577,2.491,10000.0
7,73777.0,10014.537,6.741,4.099,10000.0
7,73778.0,9999.158,6.646,2.862,10000.0
7,73779.0,10103.233,6.971,4.509,10000.0
7,73780.0,9921.558,4.094,1.676,10000.0
7,73781.0,9950.293000000001,5.112,2.919,10000.0
7,73782.0,10049.235999999999,4.511,2.725,10000.0
7,73783.0,10041.353,4.544,2.145,10000.0
7,73784.0,9954.533,5.64,3.83,10000.0
7,73785.0,10248.778,7.431,3.924,10000.0
7,73786.0,10878.309,4.015,2.902,10000.0
7,73787.0,10898.67,5.563,3.332,10000.0
7,73788.0,8150.454999999999,7.9,3.428,10000.0
7,73789.0,10897.461000000001,6.296,3.047,10000.0
7,73790.0,9019.495,6.338,2.948,10000.0
7,73791.0,9907.089000000002,6.172,27.661,10000.0
7,73792.0,10016.317000000001,5.695,3.823,10000.0
7,73793.0,10078.824,7.905,9.555,10000.0
7,73794.0,9962.767000000002,9.591,2.377,10000.0
7,73795.0,9913.877,7.358,3.501,10000.0
7,73796.0,9997.582,5.287,3.116,10000.0
7,73797.0,10041.294,5.934,3.36,10000.0
7,73798.0,9949.712,3.845,414.652,10000.0
7,73799.0,10022.517,3.645,1.661,10000.0
7,73800.0,9969.925,6.593,2.885,10000.0
7,73801.0,10018.402,4.475,1.817,10000.0
7,73802.0,10019.689999999999,4.411,7.789,10000.0
7,73803.0,10026.16,3.785,1.912,10000.0
7,73804.0,9945.456,5.607,3.494,10000.0
7,73805.0,10006.447999999999,3.115,1.45,10000.0
7,73806.0,9984.54,4.53,2.219,10000.0
7,73807.0,10025.254,7.178,2.72,10000.0
7,73808.0,10343.542000000001,7.233,5.292,10000.0
7,73809.0,10305.173,5.017,2.764,10000.0
7,73810.0,9459.877999999999,5.043,2.926,10000.0
7,73811.0,9923.183,4.421,2.776,10000.0
7,73812.0,9994.986,6.432,3.287,10000.0
7,73813.0,10246.329,41.322,3.387,10000.0
7,73814.0,9868.930999999999,22.253,5.749,10000.0
7,73815.0,9847.723,6.005,3.912,10000.0
7,73816.0,10024.375,15.85,1.858,10000.0
7,73817.0,10144.451000000001,11.627,4.218,10000.0
7,73818.0,9884.792,6.189,3.539,10000.0
7,73819.0,9937.265000000001,5.768,8.91,10000.0
7,73820.0,10166.512,5.927,3.143,10000.0
7,73821.0,9866.361,5.794,4.208,10000.0
7,73822.0,10098.288,7.891,4.7,10000.0
7,73823.0,9927.550000000001,5.192,3.307,10000.0
7,73824.0,10227.02,6.726,4.793,10000.0
7,73825.0,9883.662,35.251,5.849,10000.0
7,73826.0,12109.273000000001,34.459,6.004,10000.0
7,73827.0,7757.757,9.243,5.859,10000.0
7,73828.0,10086.702,9.319,4.524,10000.0
7,73829.0,13037.468,17.102,7.194,10000.0
7,73830.0,7640.631,7.208,4.136,10000.0
7,73831.0,9232.472,6.767,4.459,10000.0
7,73832.0,10824.125,5.626,2.968,10000.0
7,73833.0,9181.689,3.718,2.216,10000.0
7,73834.0,10055.064,8.481,4.802,10000.0
7,73835.0,9953.917,6.849,2.889,10000.0
7,73836.0,10309.484,6.458,4.167,10000.0
7,73837.0,9915.129,42.836,3.719,10000.0
7,73838.0,9900.615,3.793,1.755,10000.0
7,73839.0,10146.783,4.941,2.575,10000.0
7,73840.0,9919.091,38.359,15.391,10000.0
7,73841.0,9788.279,4.935,2.383,10000.0
7,73842.0,10044.048,5.461,3.203,10000.0
7,73843.0,9923.091,4.632,2.045,10000.0
7,73844.0,10024.55,5.472,4.689,10000.0
7,73845.0,11995.151000000002,4.78,3.197,10000.0
7,73846.0,8218.909,41.44,17.074,10000.0
7,73847.0,10034.402,34.303,14.555,10000.0
7,73848.0,9883.879,9.439,2.951,10000.0
7,73849.0,9959.894,7.346,17.356,10000.0
7,73850.0,10052.241,8.645,6.383,10000.0
7,73851.0,9950.387,10.715,5.106,10000.0
7,73852.0,10143.51,8.54,2.996,10000.0
7,73853.0,9765.644,5.159,2.472,10000.0
7,73854.0,10230.216,54.192,12.129,10000.0
7,73855.0,9953.829000000002,4.85,2.043,10000.0
7,73856.0,10923.598,44.415,5.762,10000.0
7,73857.0,9200.095,28.962,11.214,10000.0
7,73858.0,9703.438,5.507,6.169,10000.0
7,73859.0,10477.178,5.059,2.893,10000.0
7,73860.0,9513.244,5.209,2.671,10000.0
7,73861.0,10088.721,6.769,5.899,10000.0
7,73862.0,9913.221,7.027,9.753,10000.0
7,73863.0,10078.097,9.562,6.181,10000.0
7,73864.0,10080.669,7.437,4.397,10000.0
7,73865.0,10019.542,8.2,4.482,10000.0
7,73866.0,9807.6,13.619,6.36,10000.0
7,73867.0,10010.655999999999,5.05,1.932,10000.0
7,73868.0,9988.757,4.438,2.933,10000.0
7,73869.0,10005.528,5.373,2.712,10000.0
7,73870.0,9952.769,4.91,2.505,10000.0
7,73871.0,10599.341999999999,7.414,6.543,10000.0
7,73872.0,9515.548,8.098,5.174,10000.0
7,73873.0,10008.994999999999,9.885,4.768,10000.0
7,73874.0,9932.073,8.545,5.423,10000.0
7,73875.0,9977.277999999998,6.633,5.605,10000.0
7,73876.0,10016.195,6.982,4.198,10000.0
7,73877.0,10216.830999999998,38.342,8.28,10000.0
7,73878.0,10413.766,48.025,4.611,10000.0
7,73879.0,9478.317,13.847,3.081,10000.0
7,73880.0,9903.966999999999,16.773,15.24,10000.0
7,73881.0,10430.116999999998,20.918,5.202,10000.0
7,73882.0,9743.995,37.465,18.358,10000.0
7,73883.0,9803.839,8.453,4.783,10000.0
7,73884.0,10088.046999999999,17.024,4.906,10000.0
7,73885.0,10114.258,11.112,10.625,10000.0
7,73886.0,9864.922,6.331,12.053,10000.0
7,73887.0,10138.384,4.971,2.435,10000.0
7,73888.0,9924.027,11.431,3.782,10000.0
7,73889.0,9842.567,4.984,3.511,10000.0
7,73890.0,10003.248,6.7,2.859,10000.0
7,73891.0,10072.752,5.275,2.519,10000.0
7,73892.0,10019.663999999999,6.134,3.199,10000.0
7,73893.0,9943.319000000001,8.244,2.989,10000.0
7,73894.0,10108.143,76.734,2.876,10000.0
7,73895.0,10038.568,35.07,21.014,10000.0
7,73896.0,10416.188,7.36,5.978,10000.0
7,73897.0,10123.471,7.731,5.619,10000.0
7,73898.0,9485.392,5.56,2.312,10000.0
7,73899.0,9786.929999999998,11.188,4.123,10000.0
7,73900.0,9990.97,8.775,2.804,10000.0
7,73901.0,10043.828,5.697,2.711,10000.0
7,73902.0,10053.924,6.453,3.972,10000.0
7,73903.0,10054.939,6.715,2.474,10000.0
7,73904.0,9889.622000000001,5.841,3.264,10000.0
7,73905.0,10232.289999999999,4.671,2.63,10000.0
7,73906.0,10608.407000000001,7.015,2.284,10000.0
7,73907.0,9137.739000000001,7.819,5.819,10000.0
7,73908.0,10073.785,5.549,2.805,10000.0
7,73909.0,11336.176,5.99,3.126,10000.0
7,73910.0,8633.447,11.379,11.47,10000.0
7,73911.0,11103.915,6.395,3.766,10000.0
7,73912.0,8908.042,4.328,1.637,10000.0
7,73913.0,10169.399000000001,43.031,5.093,10000.0
7,73914.0,9849.697,6.512,3.493,10000.0
7,73915.0,9997.267,9.233,4.703,10000.0
7,73916.0,9953.266000000001,7.096,8.007,10000.0
7,73917.0,10054.585,13.619,6.568,10000.0
7,73918.0,10057.06,11.134,3.661,10000.0
7,73919.0,9861.147,4.685,2.652,10000.0
7,73920.0,10241.703,6.317,1.758,10000.0
7,73921.0,9806.815999999999,6.665,4.119,10000.0
7,73922.0,10005.798,3.966,4.466,10000.0
7,73923.0,9942.213,4.534,1.681,10000.0
7,73924.0,10006.503999999999,4.788,2.76,10000.0
7,73925.0,10269.429,37.012,217.021,10000.0
7,73926.0,11837.446999999998,9.145,3.53,10000.0
7,73927.0,8028.031999999999,4.524,4.977,10000.0
7,73928.0,9909.070000000002,4.485,2.464,10000.0
7,73929.0,11221.496,38.94,4.704,10000.0
7,73930.0,10754.571,79.696,16.567,10000.0
7,73931.0,8079.532,45.875,5.3,10000.0
7,73932.0,11768.712000000001,17.563,3.3,10000.0
7,73933.0,8672.917000000001,28.502,3.794,10000.0
7,73934.0,9656.701000000001,7.706,10.502,10000.0
7,73935.0,10014.752999999999,774.091,14.387,10000.0
7,73936.0,10423.939,5.975,3.322,10000.0
7,73937.0,9414.403,15.425,6.129,10000.0
7,73938.0,10260.682999999999,5.416,3.449,10000.0
7,73939.0,9734.342999999999,6.597,3.689,10000.0
7,73940.0,10295.139,5.081,1.641,10000.0
7,73941.0,9656.313,4.431,2.556,10000.0
7,73942.0,9975.833999999999,5.261,6.447,10000.0
7,73943.0,10060.121,4.874,2.146,10000.0
7,73944.0,9978.146,4.075,1.518,10000.0
7,73945.0,10069.341,5.486,2.277,10000.0
7,73946.0,10006.301000000001,8.611,4.647,10000.0
7,73947.0,9967.995,4.815,3.016,10000.0
7,73948.0,10006.378999999999,7.576,31.439,10000.0
7,73949.0,9989.263,4.769,7.503,10000.0
7,73950.0,10100.298,7.475,4.263,10000.0
7,73951.0,9862.497,7.413,4.21,10000.0
7,73952.0,10053.004,11.498,4.712,10000.0
7,73953.0,9989.862000000001,8.216,4.362,10000.0
7,73954.0,9959.647,10.049,1.643,10000.0
7,73955.0,10191.506,4.961,16.921,10000.0
7,73956.0,9997.304,4.83,2.434,10000.0
7,73957.0,10155.945,4.769,2.13,10000.0
7,73958.0,9722.022,21.115,6.043,10000.0
7,73959.0,12078.307,6.692,5.561,10000.0
7,73960.0,7843.111999999999,5.165,3.744,10000.0
7,73961.0,10170.884,6.226,8.176,10000.0
7,73962.0,9872.521,5.23,2.665,10000.0
7,73963.0,10071.819,4.844,4.826,10000.0
7,73964.0,10206.732,33.004,18.361,10000.0
7,73965.0,9871.158,6.289,25.942,10000.0
7,73966.0,10064.864,21.181,9.813,10000.0
7,73967.0,9787.144,7.573,3.117,10000.0
7,73968.0,10205.162,15.186,4.3,10000.0
7,73969.0,11901.59,8.017,4.005,10000.0
7,73970.0,7989.834,19.49,1.276,10000.0
7,73971.0,9906.987000000001,19.103,4.52,10000.0
7,73972.0,9955.622000000001,5.091,2.24,10000.0
7,73973.0,10003.530999999999,6.004,3.233,10000.0
7,73974.0,10010.219000000001,5.584,3.416,10000.0
7,73975.0,10138.801,25.846,4.629,10000.0
7,73976.0,9839.143999999998,4.567,3.539,10000.0
7,73977.0,10037.97,5.205,4.17,10000.0
7,73978.0,10005.485,212.919,2.765,10000.0
7,73979.0,10017.691,3.601,1.922,10000.0
7,73980.0,10203.011,39.321,13.797,10000.0
7,73981.0,9824.533,7.412,6.979,10000.0
7,73982.0,10062.568,37.852,13.959,10000.0
7,73983.0,11616.678,9.549,5.718,10000.0
7,73984.0,8373.205,8.493,4.061,10000.0
7,73985.0,9958.806,6.187,4.873,10000.0
7,73986.0,10039.404999999999,4.913,4.062,10000.0
7,73987.0,9967.376,7.277,10.17,10000.0
7,73988.0,9913.207,3.786,3.296,10000.0
7,73989.0,11156.805,7.222,4.542,10000.0
7,73990.0,9731.940999999999,32.447,3.555,10000.0
7,73991.0,9706.445,23.351,6.129,10000.0
7,73992.0,9377.721,6.478,4.126,10000.0
7,73993.0,10121.433,6.974,4.735,10000.0
7,73994.0,10005.703,4.823,6.96,10000.0
7,73995.0,9994.759,11.651,3.096,10000.0
7,73996.0,10048.956,8.944,1.781,10000.0
7,73997.0,9887.415,4.79,2.588,10000.0
7,73998.0,10039.212000000001,4.035,2.354,10000.0
7,73999.0,10067.384,3.802,2.252,10000.0
7,74000.0,9815.284,5.163,3.016,10000.0
7,74001.0,10133.953,7.49,6.094,10000.0
7,74002.0,10301.528,6.426,5.096,10000.0
7,74003.0,9623.478,6.851,4.019,10000.0
7,74004.0,9979.527,8.045,4.549,10000.0
7,74005.0,12258.181,117.25,4.801,10000.0
7,74006.0,7923.515,7.378,4.819,10000.0
7,74007.0,10035.201000000001,38.987,2.818,10000.0
7,74008.0,9793.603,4.059,4.22,10000.0
7,74009.0,10029.812,4.526,2.318,10000.0
7,74010.0,10130.596,47.989,6.537,10000.0
7,74011.0,9861.368,9.828,2.847,10000.0
7,74012.0,11597.431999999999,6.065,2.72,10000.0
7,74013.0,8683.943,5.436,3.865,10000.0
7,74014.0,9670.873,4.247,3.474,10000.0
7,74015.0,10064.101,3.831,1.55,10000.0
7,74016.0,9958.954000000002,6.049,3.619,10000.0
7,74017.0,10021.114,4.734,3.583,10000.0
7,74018.0,10296.727,8.197,5.571,10000.0
7,74019.0,9819.718,4.228,1.647,10000.0
7,74020.0,10809.46,8.293,5.152,10000.0
7,74021.0,9089.368,8.51,5.012,10000.0
7,74022.0,10061.438,8.786,8.622,10000.0
7,74023.0,10110.34,6.052,4.894,10000.0
7,74024.0,10949.266,4.151,2.156,10000.0
7,74025.0,8970.007,43.031,18.415,10000.0
7,74026.0,10071.147,35.431,5.409,10000.0
7,74027.0,9967.296,7.045,6.109,10000.0
7,74028.0,9979.030999999999,6.334,37.98,10000.0
7,74029.0,10149.468,13.596,27.532,10000.0
7,74030.0,10081.294,4.939,2.049,10000.0
7,74031.0,10335.073,16.885,3.474,10000.0
7,74032.0,9408.318000000001,8.842,6.699,10000.0
7,74033.0,9871.583,5.446,3.178,10000.0
7,74034.0,10159.704,7.632,3.497,10000.0
7,74035.0,11943.491,22.245,4.108,10000.0
7,74036.0,8234.107,5.896,2.587,10000.0
7,74037.0,9916.457999999999,12.42,3.113,10000.0
7,74038.0,9871.6,15.928,5.563,10000.0
7,74039.0,10020.317000000001,8.826,8.214,10000.0
7,74040.0,9932.115,11.029,24.055,10000.0
7,74041.0,11080.312,5.12,6.501,10000.0
7,74042.0,9736.754,7.62,5.669,10000.0
7,74043.0,9188.6,13.44,4.364,10000.0
7,74044.0,9928.14,7.911,3.056,10000.0
7,74045.0,10097.761999999999,8.346,6.636,10000.0
7,74046.0,10004.565999999999,8.859,6.643,10000.0
7,74047.0,10222.044,35.156,5.91,10000.0
7,74048.0,9658.597,6.703,6.985,10000.0
7,74049.0,10784.382,7.767,7.321,10000.0
7,74050.0,9512.801,8.327,4.435,10000.0
7,74051.0,9782.514000000001,6.969,3.105,10000.0
7,74052.0,9972.247,5.27,2.819,10000.0
7,74053.0,9961.012,6.59,2.433,10000.0
7,74054.0,10012.549,6.515,4.797,10000.0
7,74055.0,10173.813,39.85,12.974,10000.0
7,74056.0,14250.834,7.309,5.2,10000.0
7,74057.0,5574.271,4.205,2.155,10000.0
7,74058.0,9967.426,4.006,2.529,10000.0
7,74059.0,10014.756,5.14,3.329,10000.0
7,74060.0,10016.0,4.527,2.649,10000.0
7,74061.0,10071.386999999999,19.765,4.759,10000.0
7,74062.0,9916.289,6.118,3.267,10000.0
7,74063.0,10105.116,5.17,1.242,10000.0
7,74064.0,10158.072,42.082,114.221,10000.0
7,74065.0,11139.265000000001,5.329,3.834,10000.0
7,74066.0,8673.68,5.869,2.437,10000.0
7,74067.0,10124.282,33.763,3.331,10000.0
7,74068.0,10095.546,35.279,3.914,10000.0
7,74069.0,9913.039999999999,39.703,24.088,10000.0
7,74070.0,9884.537,4.229,3.74,10000.0
7,74071.0,9934.695,19.02,22.719,10000.0
7,74072.0,10109.788,15.312,17.452,10000.0
7,74073.0,9987.931,5.113,3.111,10000.0
7,74074.0,9894.101,6.596,3.076,10000.0
7,74075.0,10146.578,5.778,7.097,10000.0
7,74076.0,9927.022,6.257,8.03,10000.0
7,74077.0,9941.19,5.867,3.695,10000.0
7,74078.0,10080.898,8.157,2.696,10000.0
7,74079.0,10161.927,37.486,5.268,10000.0
7,74080.0,11320.001,28.803,2.172,10000.0
7,74081.0,8428.222000000002,13.363,16.378,10000.0
7,74082.0,10119.891000000001,8.732,14.981,10000.0
7,74083.0,9872.38,8.581,5.194,10000.0
7,74084.0,10228.931,7.621,4.59,10000.0
7,74085.0,11980.84,18.161,4.845,10000.0
7,74086.0,8065.913,9.083,4.463,10000.0
7,74087.0,9849.816,9.315,2.643,10000.0
7,74088.0,10966.777,5.856,2.983,10000.0
7,74089.0,8982.64,8.27,4.482,10000.0
7,74090.0,10412.539,35.982,4.657,10000.0
7,74091.0,9713.48,39.553,5.356,10000.0
7,74092.0,9852.034000000001,205.741,7.501,10000.0
7,74093.0,10062.990000000002,14.256,15.755,10000.0
7,74094.0,9883.988,5.609,2.857,10000.0
7,74095.0,10168.932,4.663,2.349,10000.0
7,74096.0,10154.351,5.918,3.84,10000.0
7,74097.0,9661.067000000001,5.084,1.508,10000.0
7,74098.0,10025.93,8.045,3.169,10000.0
7,74099.0,10383.583999999999,35.91,14.685,10000.0
7,74100.0,9757.389,34.712,5.033,10000.0
7,74101.0,10087.086000000001,39.434,5.224,10000.0
7,74102.0,10602.408000000001,9.674,11.2,10000.0
7,74103.0,9277.838,7.797,5.285,10000.0
7,74104.0,9955.321,13.7,3.917,10000.0
7,74105.0,12446.718,8.486,4.419,10000.0
7,74106.0,7490.922,7.575,4.71,10000.0
7,74107.0,9994.11,10.724,2.939,10000.0
7,74108.0,10148.756,7.996,5.305,10000.0
7,74109.0,10067.904,5.71,3.928,10000.0
7,74110.0,9766.833,4.807,3.012,10000.0
7,74111.0,10641.277,6.318,4.463,10000.0
7,74112.0,9362.908,5.491,4.06,10000.0
7,74113.0,10021.665,3.612,3.301,10000.0
7,74114.0,9970.063,4.411,2.667,10000.0
7,74115.0,11094.224,6.813,2.832,10000.0
7,74116.0,8941.116,6.371,3.274,10000.0
7,74117.0,10211.1,4.162,2.171,10000.0
7,74118.0,9774.888,9.576,3.626,10000.0
7,74119.0,10008.535,5.053,2.538,10000.0
7,74120.0,10763.427000000001,5.349,2.893,10000.0
7,74121.0,9223.782,5.355,5.636,10000.0
7,74122.0,9981.670999999998,4.885,2.266,10000.0
7,74123.0,9998.659,4.918,2.866,10000.0
7,74124.0,10052.115,9.987,2.353,10000.0
7,74125.0,11391.744,11.033,2.2,10000.0
7,74126.0,8617.562,4.755,9.707,10000.0
7,74127.0,9924.182,5.395,1.669,10000.0
7,74128.0,10005.684000000001,6.02,1.983,10000.0
7,74129.0,10288.725,3.641,1.639,10000.0
7,74130.0,9856.978000000001,5.758,3.257,10000.0
7,74131.0,10261.172,4.56,3.021,10000.0
7,74132.0,9849.906,4.308,3.767,10000.0
7,74133.0,9755.666,4.739,4.867,10000.0
7,74134.0,10539.833999999999,7.518,5.62,10000.0
7,74135.0,9477.506,16.403,4.276,10000.0
7,74136.0,10345.636999999999,5.566,3.418,10000.0
7,74137.0,9621.356,6.238,14.74,10000.0
7,74138.0,10302.331,8.777,8.901,10000.0
7,74139.0,10051.768,8.778,3.9,10000.0
7,74140.0,9638.165,5.929,4.236,10000.0
7,74141.0,10092.363,7.117,3.011,10000.0
7,74142.0,10027.931,7.386,5.458,10000.0
7,74143.0,10044.303,4.748,1.775,10000.0
7,74144.0,9843.606,6.134,5.205,10000.0
7,74145.0,11351.83,6.303,2.755,10000.0
7,74146.0,8652.939999999999,4.769,2.742,10000.0
7,74147.0,10190.867,37.714,17.298,10000.0
7,74148.0,9797.884,4.586,2.345,10000.0
7,74149.0,10058.767,4.148,2.628,10000.0
7,74150.0,9956.784,6.945,3.063,10000.0
7,74151.0,10001.854,8.349,4.013,10000.0
7,74152.0,10013.467999999999,4.328,8.025,10000.0
7,74153.0,9992.237,4.622,2.496,10000.0
7,74154.0,10014.886,4.994,3.677,10000.0
7,74155.0,10128.029999999999,5.047,4.54,10000.0
7,74156.0,9882.559000000001,5.146,2.546,10000.0
7,74157.0,9973.328,5.057,3.156,10000.0
7,74158.0,10015.965999999999,5.716,3.592,10000.0
7,74159.0,10034.757,7.213,3.1,10000.0
7,74160.0,9926.337,4.586,1.824,10000.0
7,74161.0,10026.74,4.85,2.697,10000.0
7,74162.0,10005.471,5.632,1.428,10000.0
7,74163.0,9967.589,3.893,2.354,10000.0
7,74164.0,10007.34,4.747,2.413,10000.0
7,74165.0,10078.166,15.566,6.207,10000.0
7,74166.0,10196.716,6.402,2.29,10000.0
7,74167.0,9802.634,7.275,4.532,10000.0
7,74168.0,9944.148,5.302,3.082,10000.0
7,74169.0,10033.088000000002,3.807,1.679,10000.0
7,74170.0,9965.026,75.184,2.984,10000.0
7,74171.0,9982.375,4.688,1.93,10000.0
7,74172.0,10044.286,11.754,3.831,10000.0
7,74173.0,9947.074999999999,5.101,2.903,10000.0
7,74174.0,10046.622,4.161,2.804,10000.0
7,74175.0,10372.95,4.073,2.852,10000.0
7,74176.0,9631.307999999999,4.267,2.301,10000.0
7,74177.0,10093.338,3.846,3.025,10000.0
7,74178.0,9914.166000000001,6.051,10.64,10000.0
7,74179.0,9984.279,5.137,2.989,10000.0
7,74180.0,11740.53,7.164,2.866,10000.0
7,74181.0,8533.109,22.257,2.496,10000.0
7,74182.0,9898.918,41.048,3.803,10000.0
7,74183.0,10511.977,31.082,4.33,10000.0
7,74184.0,9457.155,19.939,22.129,10000.0
7,74185.0,10068.48,5.141,2.198,10000.0
7,74186.0,9821.989,5.744,3.939,10000.0
7,74187.0,9990.842,6.825,3.546,10000.0
7,74188.0,9976.921,6.416,7.602,10000.0
7,74189.0,10065.919,4.11,1.6,10000.0
7,74190.0,9922.287,9.731,3.334,10000.0
7,74191.0,10025.337000000001,7.937,4.673,10000.0
7,74192.0,9980.52,4.546,3.82,10000.0
7,74193.0,9997.266,5.884,3.028,10000.0
7,74194.0,10006.154999999999,6.054,2.33,10000.0
7,74195.0,9978.161,4.882,2.351,10000.0
7,74196.0,10006.553,5.299,2.662,10000.0
7,74197.0,10030.631,5.412,2.188,10000.0
7,74198.0,9956.501,4.945,3.184,10000.0
7,74199.0,9989.246000000001,2.996,3.103,10000.0
7,74200.0,10240.733,3.522,2.138,10000.0
7,74201.0,9834.880000000001,6.387,3.398,10000.0
7,74202.0,9944.658,4.332,3.774,10000.0
7,74203.0,9966.736,4.974,5.659,10000.0
7,74204.0,10044.759,6.738,3.362,10000.0
7,74205.0,10190.055999999999,15.489,17.416,10000.0
7,74206.0,9752.38,21.072,4.436,10000.0
7,74207.0,10125.393,5.58,2.997,10000.0
7,74208.0,9967.396999999999,7.654,5.165,10000.0
7,74209.0,10052.222,11.953,4.718,10000.0
7,74210.0,10204.168,6.658,4.923,10000.0
7,74211.0,9732.624,6.065,4.804,10000.0
7,74212.0,10017.194,7.624,4.015,10000.0
7,74213.0,9955.810000000001,8.401,4.188,10000.0
7,74214.0,10056.288,5.526,3.532,10000.0
7,74215.0,10131.372,40.411,4.728,10000.0
7,74216.0,10649.212,39.202,4.197,10000.0
7,74217.0,9278.520999999999,5.454,3.702,10000.0
7,74218.0,10165.699999999999,8.104,4.802,10000.0
7,74219.0,10655.856,26.521,5.398,10000.0
7,74220.0,9774.734,6.469,5.788,10000.0
7,74221.0,9310.629,6.151,4.448,10000.0
7,74222.0,10183.577,33.541,6.069,10000.0
7,74223.0,9952.023000000001,7.631,4.064,10000.0
7,74224.0,10083.306999999999,6.19,8.789,10000.0
7,74225.0,9834.102,7.675,3.567,10000.0
7,74226.0,10910.309,5.901,8.098,10000.0
7,74227.0,9000.408,5.573,3.788,10000.0
7,74228.0,10035.006000000001,6.96,5.193,10000.0
7,74229.0,10019.345000000001,7.81,5.622,10000.0
7,74230.0,10197.103000000001,6.108,3.77,10000.0
7,74231.0,9795.483,6.085,4.297,10000.0
7,74232.0,10012.516000000001,6.81,4.302,10000.0
7,74233.0,9952.346000000001,5.527,3.718,10000.0
7,74234.0,10050.071,19.821,5.209,10000.0
7,74235.0,9997.098,5.279,3.533,10000.0
7,74236.0,9944.884,3.849,1.717,10000.0
7,74237.0,10082.079000000002,6.313,4.431,10000.0
7,74238.0,9944.678,5.48,2.681,10000.0
7,74239.0,9980.882,3.906,2.303,10000.0
7,74240.0,10100.259,4.182,2.901,10000.0
7,74241.0,9881.914999999999,5.17,3.475,10000.0
7,74242.0,10014.369,4.99,2.913,10000.0
7,74243.0,9987.114,9.295,6.366,10000.0
7,74244.0,10060.137999999999,14.4,3.784,10000.0
7,74245.0,10079.397,5.205,2.612,10000.0
7,74246.0,9869.543,5.0,2.651,10000.0
7,74247.0,10336.773000000001,38.968,3.309,10000.0
7,74248.0,9740.877999999999,4.81,1.838,10000.0
7,74249.0,10110.56,31.072,2.277,10000.0
7,74250.0,11407.914999999999,5.248,3.257,10000.0
7,74251.0,8657.974,28.322,2.481,10000.0
7,74252.0,9791.267,22.073,14.312,10000.0
7,74253.0,9976.666000000001,4.41,3.195,10000.0
7,74254.0,10015.092999999999,5.835,3.923,10000.0
7,74255.0,10041.948,6.831,6.019,10000.0
7,74256.0,10066.815999999999,6.357,57.371,10000.0
7,74257.0,9891.309,4.629,6.705,10000.0
7,74258.0,9993.215999999999,7.152,5.627,10000.0
7,74259.0,9965.9,3.357,6.394,10000.0
7,74260.0,10027.795,5.83,2.862,10000.0
7,74261.0,10270.105,7.477,6.523,10000.0
7,74262.0,9987.606,105.135,4.395,10000.0
7,74263.0,9776.78,7.613,3.797,10000.0
7,74264.0,10003.559000000001,3.739,1.813,10000.0
7,74265.0,9946.225,6.789,4.359,10000.0
7,74266.0,10076.862000000001,5.595,2.553,10000.0
7,74267.0,9918.455,4.189,2.664,10000.0
7,74268.0,9990.318,4.653,3.396,10000.0
8,74269.0,9995.566,3.852,2.079,10000.0
8,74270.0,10074.199,3.187,2.356,10000.0
8,74271.0,9920.696,3.91,2.174,10000.0
8,74272.0,10278.339,5.115,6.657,10000.0
8,74273.0,10150.404999999999,6.098,2.089,10000.0
8,74274.0,9695.555,5.855,3.876,10000.0
8,74275.0,10382.107,4.041,2.098,10000.0
8,74276.0,9579.747,35.371,4.844,10000.0
8,74277.0,10106.288,7.544,4.098,10000.0
8,74278.0,9830.528999999999,5.438,2.775,10000.0
8,74279.0,10158.14,36.245,3.228,10000.0
8,74280.0,11896.676,5.401,2.806,10000.0
8,74281.0,7928.928999999999,5.967,4.017,10000.0
8,74282.0,10077.315,4.988,2.461,10000.0
8,74283.0,10135.609,7.149,4.353,10000.0
8,74284.0,9838.881000000001,12.669,25.042,10000.0
8,74285.0,10021.502,26.403,7.58,10000.0
8,74286.0,10012.703,40.133,4.984,10000.0
8,74287.0,10323.837000000001,8.018,6.593,10000.0
8,74288.0,9597.161,4.477,2.998,10000.0
8,74289.0,10335.975,44.461,2.933,10000.0
8,74290.0,12785.522,19.094,4.463,10000.0
8,74291.0,6868.195,5.23,5.43,10000.0
8,74292.0,10276.689,30.713,8.867,10000.0
8,74293.0,9737.914,5.609,2.622,10000.0
8,74294.0,10235.11,13.319,5.259,10000.0
8,74295.0,10226.189,15.871,5.107,10000.0
8,74296.0,9533.712,5.714,2.484,10000.0
8,74297.0,10079.952,4.597,2.55,10000.0
8,74298.0,10010.658000000001,5.928,4.022,10000.0
8,74299.0,9923.776,7.329,6.337,10000.0
8,74300.0,9994.197999999999,6.209,4.965,10000.0
8,74301.0,10108.839,7.882,4.824,10000.0
8,74302.0,9920.422999999999,6.376,2.642,10000.0
8,74303.0,12384.823999999999,7.427,3.56,10000.0
8,74304.0,7586.161,8.032,6.278,10000.0
8,74305.0,10015.799,6.438,3.906,10000.0
8,74306.0,10388.344000000001,7.488,9.604,10000.0
8,74307.0,9962.104,7.808,15.844,10000.0
8,74308.0,9712.375,8.074,4.461,10000.0
8,74309.0,10993.268,5.782,3.605,10000.0
8,74310.0,8927.002,18.01,2.777,10000.0
8,74311.0,9984.568,5.247,4.271,10000.0
8,74312.0,12759.556999999999,10.245,19.16,10000.0
8,74313.0,7317.603,6.82,3.36,10000.0
8,74314.0,10097.485999999999,8.801,5.375,10000.0
8,74315.0,9881.34,5.025,1.9,10000.0
8,74316.0,10429.758000000002,6.027,3.211,10000.0
8,74317.0,9633.045999999998,7.898,5.607,10000.0
8,74318.0,10009.947,19.99,3.614,10000.0
8,74319.0,10060.168,31.97,5.128,10000.0
8,74320.0,9946.927,7.478,3.087,10000.0
8,74321.0,9859.425,3.895,4.291,10000.0
8,74322.0,10138.44,12.984,3.219,10000.0
8,74323.0,9877.389000000001,7.244,3.815,10000.0
8,74324.0,10075.353000000001,22.811,5.327,10000.0
8,74325.0,9990.821,11.102,4.348,10000.0
8,74326.0,9963.23,5.414,3.686,10000.0
8,74327.0,9998.692,6.677,2.234,10000.0
8,74328.0,10134.411,7.122,4.671,10000.0
8,74329.0,11960.544,5.463,4.842,10000.0
8,74330.0,7943.15,8.086,6.146,10000.0
8,74331.0,9980.419000000002,3.732,2.759,10000.0
8,74332.0,10027.005000000001,5.564,4.907,10000.0
8,74333.0,10030.303000000002,7.015,5.165,10000.0
8,74334.0,11516.376,7.472,3.586,10000.0
8,74335.0,8669.969,51.699,5.705,10000.0
8,74336.0,10800.882,8.566,4.778,10000.0
8,74337.0,9066.481,6.965,10.844,10000.0
8,74338.0,10050.995,5.98,2.665,10000.0
8,74339.0,9871.569,6.948,4.238,10000.0
8,74340.0,9926.91,5.16,4.768,10000.0
8,74341.0,10016.967999999999,6.397,8.117,10000.0
8,74342.0,10870.859,36.478,6.514,10000.0
8,74343.0,9464.592,4.872,3.25,10000.0
8,74344.0,9932.605000000001,8.68,8.443,10000.0
8,74345.0,9769.618,6.4,3.451,10000.0
8,74346.0,9991.559000000001,13.711,3.26,10000.0
8,74347.0,10061.782,26.856,3.221,10000.0
8,74348.0,10206.841,5.729,3.431,10000.0
8,74349.0,9652.314,4.968,26.803,10000.0
8,74350.0,10014.94,4.226,1.489,10000.0
8,74351.0,10048.067000000001,88.588,3.197,10000.0
8,74352.0,9941.340999999999,4.106,4.97,10000.0
8,74353.0,10020.643,3.581,2.398,10000.0
8,74354.0,11174.806,6.641,4.439,10000.0
8,74355.0,8945.397,4.103,1.594,10000.0
8,74356.0,9872.624,3.616,1.606,10000.0
8,74357.0,9988.445,4.692,2.246,10000.0
8,74358.0,10076.663,4.507,2.788,10000.0
8,74359.0,10201.063,5.923,3.092,10000.0
8,74360.0,9836.331,7.576,2.73,10000.0
8,74361.0,10099.249,52.265,3.184,10000.0
8,74362.0,10001.427,3.966,1.936,10000.0
8,74363.0,9881.173,6.993,3.78,10000.0
8,74364.0,9960.108,17.31,5.037,10000.0
8,74365.0,10125.399,37.226,8.431,10000.0
8,74366.0,9952.618999999999,17.648,2.972,10000.0
8,74367.0,10322.653,32.785,7.614,10000.0
8,74368.0,10057.564,38.745,5.266,10000.0
8,74369.0,9519.947,8.964,3.638,10000.0
8,74370.0,10066.469,6.272,4.079,10000.0
8,74371.0,9985.914999999999,5.908,32.68,10000.0
8,74372.0,10029.595000000001,5.748,3.907,10000.0
8,74373.0,10094.395,8.536,3.593,10000.0
8,74374.0,9833.426,3.973,5.837,10000.0
8,74375.0,9975.279,4.59,4.04,10000.0
8,74376.0,12714.88,7.563,4.447,10000.0
8,74377.0,7464.21,8.28,6.038,10000.0
8,74378.0,9862.440999999999,6.588,3.826,10000.0
8,74379.0,10038.704000000002,5.699,3.603,10000.0
8,74380.0,10251.325,6.528,3.48,10000.0
8,74381.0,9831.671,5.438,2.924,10000.0
8,74382.0,9873.537999999999,5.002,2.893,10000.0
8,74383.0,9961.639,6.601,3.87,10000.0
8,74384.0,10017.806,5.076,2.857,10000.0
8,74385.0,10145.556,16.125,2.181,10000.0
8,74386.0,10006.829,5.344,3.971,10000.0
8,74387.0,9948.107,6.236,3.416,10000.0
8,74388.0,9945.652,5.231,3.158,10000.0
8,74389.0,9980.816,16.927,3.179,10000.0
8,74390.0,10263.583,35.676,18.366,10000.0
8,74391.0,10000.25,33.902,3.882,10000.0
8,74392.0,9910.293,32.69,7.934,10000.0
8,74393.0,9849.139,6.155,3.731,10000.0
8,74394.0,10070.209,6.865,3.545,10000.0
8,74395.0,9959.099,77.475,4.852,10000.0
8,74396.0,10098.259,4.666,3.541,10000.0
8,74397.0,9970.028,6.617,4.215,10000.0
8,74398.0,11168.852,6.068,4.344,10000.0
8,74399.0,8698.412,5.651,2820.084,10000.0
8,74400.0,10179.007,9.025,4.725,10000.0
8,74401.0,10073.887999999999,7.779,4.383,10000.0
8,74402.0,9698.752999999999,6.278,2.773,10000.0
8,74403.0,10431.898000000001,34.96,4.158,10000.0
8,74404.0,9589.557,31.615,5.469,10000.0
8,74405.0,10042.931999999999,12.932,28.033,10000.0
8,74406.0,10107.431999999999,6.965,3.233,10000.0
8,74407.0,10075.252,13.989,4.389,10000.0
8,74408.0,9898.819,10.799,6.778,10000.0
8,74409.0,9911.007,11.229,4.835,10000.0
8,74410.0,9962.52,6.435,2.527,10000.0
8,74411.0,10080.313,11.233,3.073,10000.0
8,74412.0,9902.866999999998,5.084,5.851,10000.0
8,74413.0,10041.130000000001,4.488,1.901,10000.0
8,74414.0,9968.467,4.678,7.236,10000.0
8,74415.0,10192.677000000001,6.375,2.955,10000.0
8,74416.0,9799.593,5.174,2.554,10000.0
8,74417.0,10002.39,6.515,3.155,10000.0
8,74418.0,10025.841,5.996,3.094,10000.0
8,74419.0,10023.560000000001,5.216,2.2,10000.0
8,74420.0,10042.911999999998,5.373,4.564,10000.0
8,74421.0,9921.364,3.923,2.311,10000.0
8,74422.0,9981.254,5.245,3.537,10000.0
8,74423.0,10107.397,4.162,1.663,10000.0
8,74424.0,9980.354000000001,5.388,2.834,10000.0
8,74425.0,9951.045,5.736,2.33,10000.0
8,74426.0,9964.144,4.623,3.2,10000.0
8,74427.0,9981.968,3.629,1.489,10000.0
8,74428.0,10065.289,5.457,4.105,10000.0
8,74429.0,10080.377999999999,16.027,2.441,10000.0
8,74430.0,10167.122000000001,36.27,24.635,10000.0
8,74431.0,9956.681,41.001,15.532,10000.0
8,74432.0,9775.861,5.947,3.52,10000.0
8,74433.0,10275.981,800.364,3.702,10000.0
8,74434.0,9747.693,4.127,4.154,10000.0
8,74435.0,11164.126999999999,11.83,16.818,10000.0
8,74436.0,10946.479000000001,8.781,3.82,10000.0
8,74437.0,7879.179,33.131,4.78,10000.0
8,74438.0,9979.906,4.974,4.719,10000.0
8,74439.0,9985.097,5.858,2.522,10000.0
8,74440.0,9936.822,4.809,2670.015,10000.0
8,74441.0,10554.984,32.995,3.815,10000.0
8,74442.0,9555.243999999999,5.042,3.312,10000.0
8,74443.0,10066.224,7.021,4.869,10000.0
8,74444.0,10096.911,45.606,21.946,10000.0
8,74445.0,10795.625,6.449,4.531,10000.0
8,74446.0,9066.964,4.967,3.705,10000.0
8,74447.0,9920.542,6.962,3.068,10000.0
8,74448.0,10020.647,5.795,2.583,10000.0
8,74449.0,10345.996,5.392,4.533,10000.0
8,74450.0,10019.752999999999,6.887,4.67,10000.0
8,74451.0,9630.381000000001,5.212,3.781,10000.0
8,74452.0,10004.119,4.721,2.988,10000.0
8,74453.0,10118.51,6.396,3.327,10000.0
8,74454.0,12772.159,7.186,4.08,10000.0
8,74455.0,8516.257,6.859,3.496,10000.0
8,74456.0,8694.993,6.918,4.467,10000.0
8,74457.0,9925.633,9.18,3.582,10000.0
8,74458.0,9992.481,7.165,7.895,10000.0
8,74459.0,10732.896999999999,5.564,3.367,10000.0
8,74460.0,9363.479,5.884,3.797,10000.0
8,74461.0,10403.931,37.626,4.779,10000.0
8,74462.0,9500.679,5.903,6.134,10000.0
8,74463.0,11051.732,6.578,4.763,10000.0
8,74464.0,9644.695,8.408,5.704,10000.0
8,74465.0,11943.716999999999,5.804,5.533,10000.0
8,74466.0,7502.268,5.395,1.71,10000.0
8,74467.0,9800.990000000002,8.273,4.807,10000.0
8,74468.0,9988.94,5.572,3.089,10000.0
8,74469.0,12265.317,5.309,1.53,10000.0
8,74470.0,7923.236,13.437,11.661,10000.0
8,74471.0,9916.414999999999,8.376,5.602,10000.0
8,74472.0,11050.335,9.378,4.651,10000.0
8,74473.0,8964.234999999999,8.692,2.836,10000.0
8,74474.0,9936.047,4.669,1.986,10000.0
8,74475.0,10053.710000000001,6.102,2.181,10000.0
8,74476.0,10130.28,38.975,2.599,10000.0
8,74477.0,9870.474,6.587,5.029,10000.0
8,74478.0,9946.089,6.974,2.563,10000.0
8,74479.0,10131.383000000002,25.002,2.939,10000.0
8,74480.0,10301.572,35.843,5.139,10000.0
8,74481.0,9797.66,47.659,4.152,10000.0
8,74482.0,10146.036,29.213,10.358,10000.0
8,74483.0,9773.820000000002,40.408,25.877,10000.0
8,74484.0,9954.098999999998,15.829,5.082,10000.0
8,74485.0,10771.698999999999,20.341,19.13,10000.0
8,74486.0,10149.164999999999,8.805,4.472,10000.0
8,74487.0,9185.409,7.145,2.672,10000.0
8,74488.0,10760.991,5.663,2.973,10000.0
8,74489.0,9514.401,7.614,4.948,10000.0
8,74490.0,9599.59,5.592,5.422,10000.0
8,74491.0,9928.41,8.257,4.618,10000.0
8,74492.0,9967.502,6.965,3.441,10000.0
8,74493.0,10340.332,44.852,3.287,10000.0
8,74494.0,10078.773,40.246,4.499,10000.0
8,74495.0,9600.75,6.465,3.304,10000.0
8,74496.0,9990.627999999999,5.953,3.829,10000.0
8,74497.0,10001.128999999999,9.722,5.365,10000.0
8,74498.0,10119.112,15.131,8.619,10000.0
8,74499.0,9901.869,5.721,32.165,10000.0
8,74500.0,10299.796999999999,5.938,4.731,10000.0
8,74501.0,9821.409,6.504,3.824,10000.0
8,74502.0,9912.03,34.403,5.454,10000.0
8,74503.0,10041.686,6.374,2.895,10000.0
8,74504.0,11550.857,9.544,21.841,10000.0
8,74505.0,8717.971,9.183,5.496,10000.0
8,74506.0,9800.417000000001,8.237,4.484,10000.0
8,74507.0,9808.572999999999,3.697,2.79,10000.0
8,74508.0,10029.64,6.185,2.586,10000.0
8,74509.0,10016.677,5.118,1.919,10000.0
8,74510.0,9940.258,4.278,2.687,10000.0
8,74511.0,10154.091,7.857,4.436,10000.0
8,74512.0,9868.328000000001,4.093,3.354,10000.0
8,74513.0,10003.202,4.626,2.428,10000.0
8,74514.0,10360.453,30.276,2.026,10000.0
8,74515.0,11735.565999999999,17.971,3.028,10000.0
8,74516.0,8018.1179999999995,5.335,3.086,10000.0
8,74517.0,9925.143,6.234,2.276,10000.0
8,74518.0,10023.496,14.123,13.846,10000.0
8,74519.0,10024.674,19.744,16.134,10000.0
8,74520.0,10002.069000000001,4.56,1.839,10000.0
8,74521.0,9942.185,5.623,7.594,10000.0
8,74522.0,10014.094,6.344,3.343,10000.0
8,74523.0,11291.576,10.556,3.344,10000.0
8,74524.0,8704.744,5.583,10.828,10000.0
8,74525.0,10001.926,7.976,4.248,10000.0
8,74526.0,9958.654,3.989,2.795,10000.0
8,74527.0,9993.880000000001,5.093,2.415,10000.0
8,74528.0,10011.905999999999,4.078,2.048,10000.0
8,74529.0,9975.983,5.148,3.278,10000.0
8,74530.0,10039.523,8.514,2.854,10000.0
8,74531.0,10053.337000000001,25.872,2.976,10000.0
8,74532.0,9900.912,4.276,2.33,10000.0
8,74533.0,10227.725,6.599,2.971,10000.0
8,74534.0,9925.383,6.992,7.846,10000.0
8,74535.0,10049.586,34.931,4.161,10000.0
8,74536.0,9838.679,5.927,3.876,10000.0
8,74537.0,10010.52,5.054,4.503,10000.0
8,74538.0,9965.544,6.623,2.418,10000.0
8,74539.0,10171.918,6.167,2.756,10000.0
8,74540.0,9874.794,10.498,3.89,10000.0
8,74541.0,9956.097,4.364,1.987,10000.0
8,74542.0,10022.530999999999,4.544,2.607,10000.0
8,74543.0,10067.763,6.509,8.607,10000.0
8,74544.0,9923.947,6.265,3.125,10000.0
8,74545.0,10107.348,22.577,9.037,10000.0
8,74546.0,10118.742,11.248,3.103,10000.0
8,74547.0,9843.594000000001,7.37,3.143,10000.0
8,74548.0,10278.625,11.929,3.71,10000.0
8,74549.0,10903.125,8.441,1.534,10000.0
8,74550.0,8899.475,8.131,4.86,10000.0
8,74551.0,9895.139000000001,5.593,3.399,10000.0
8,74552.0,10126.467999999999,5.358,5.338,10000.0
8,74553.0,9848.548,25.694,3.081,10000.0
8,74554.0,10008.502,8.117,4.136,10000.0
8,74555.0,9961.162,4.155,5.627,10000.0
8,74556.0,10006.303,5.74,8.943,10000.0
8,74557.0,9976.659000000001,4.231,3.046,10000.0
8,74558.0,10010.280999999999,3.747,5.916,10000.0
8,74559.0,10035.625,6.639,2.752,10000.0
8,74560.0,10019.731,8.131,3.562,10000.0
8,74561.0,10077.592999999999,6.035,2.804,10000.0
8,74562.0,9965.633,6.368,3.936,10000.0
8,74563.0,9909.859,5.278,3.188,10000.0
8,74564.0,9991.748,5.019,4.666,10000.0
8,74565.0,10171.83,34.604,12.026,10000.0
8,74566.0,9839.112000000001,4.243,6.223,10000.0
8,74567.0,10215.039,36.525,4.404,10000.0
8,74568.0,10362.148,44.705,3.843,10000.0
8,74569.0,9466.303,21.054,3.994,10000.0
8,74570.0,10064.099999999999,5.649,3.594,10000.0
8,74571.0,9921.332,17.943,9.594,10000.0
8,74572.0,10130.174,22.102,5.885,10000.0
8,74573.0,9918.391,5.895,3.633,10000.0
8,74574.0,9945.158000000001,7.124,4.19,10000.0
8,74575.0,9965.397,7.183,3.116,10000.0
8,74576.0,10021.097,4.107,2.467,10000.0
8,74577.0,10159.91,5.649,2.706,10000.0
8,74578.0,9963.809000000001,48.64,3.939,10000.0
8,74579.0,10078.178,12.991,3.79,10000.0
8,74580.0,10516.286,38.068,3.9,10000.0
8,74581.0,9402.374,6.044,6.904,10000.0
8,74582.0,10128.371000000001,11.428,4.915,10000.0
8,74583.0,9732.004,7.268,4.773,10000.0
8,74584.0,10159.174,6.873,2.405,10000.0
8,74585.0,9922.218,3.932,2.518,10000.0
8,74586.0,10039.025,12.552,3.669,10000.0
8,74587.0,9958.115,4.245,5.102,10000.0
8,74588.0,12140.668,11.663,3.82,10000.0
8,74589.0,7778.478999999999,6.699,3.7,10000.0
8,74590.0,10035.714,10.371,4.374,10000.0
8,74591.0,10579.130000000001,5.854,2.575,10000.0
8,74592.0,9626.308,6.304,3.298,10000.0
8,74593.0,9890.927000000001,5.681,2.76,10000.0
8,74594.0,9908.657,5.779,3.515,10000.0
8,74595.0,10003.448999999999,6.918,3.364,10000.0
8,74596.0,9997.772,4.951,2.536,10000.0
8,74597.0,11062.458,7.18,4.26,10000.0
8,74598.0,9095.733999999999,17.099,20.554,10000.0
8,74599.0,10354.796,4.043,1.43,10000.0
8,74600.0,9810.95,7.987,6.942,10000.0
8,74601.0,9962.821,8.061,5.252,10000.0
8,74602.0,9978.587000000001,49.901,4.884,10000.0
8,74603.0,9743.143,6.878,5.71,10000.0
8,74604.0,10570.873,7.984,5.613,10000.0
8,74605.0,9596.715,10.476,4.122,10000.0
8,74606.0,10340.847,8.227,6.257,10000.0
8,74607.0,9737.234,7.324,5.338,10000.0
8,74608.0,9720.509,6.767,4.8,10000.0
8,74609.0,10036.621000000001,13.503,4.052,10000.0
8,74610.0,9934.28,6.305,2.846,10000.0
8,74611.0,10043.145999999999,8.843,4.971,10000.0
8,74612.0,10334.108999999999,6.695,14.959,10000.0
8,74613.0,9636.563,7.664,4.662,10000.0
8,74614.0,10184.186,6.883,20.439,10000.0
8,74615.0,9843.050000000001,4.112,1.818,10000.0
8,74616.0,11042.482,4.905,1.669,10000.0
8,74617.0,9131.57,42.755,3.666,10000.0
8,74618.0,10001.603,44.758,3.229,10000.0
8,74619.0,10141.865,39.467,3.471,10000.0
8,74620.0,9804.968,18.958,3.607,10000.0
8,74621.0,10011.105,30.622,19.511,10000.0
8,74622.0,10085.41,835.867,3.769,10000.0
8,74623.0,9753.101,3.924,661.343,10000.0
8,74624.0,10155.538,23.123,3.964,10000.0
8,74625.0,10021.796,13.896,5.948,10000.0
8,74626.0,9859.541,9.595,3.622,10000.0
8,74627.0,9988.723999999998,8.944,7.234,10000.0
8,74628.0,10011.323,6.216,4.716,10000.0
8,74629.0,10270.721,5.57,2.899,10000.0
8,74630.0,9826.462,6.826,3.672,10000.0
8,74631.0,9855.823,3.908,3.089,10000.0
8,74632.0,10032.119,4.82,2.601,10000.0
8,74633.0,10891.43,5.088,4.329,10000.0
8,74634.0,9118.431,5.5,4.687,10000.0
8,74635.0,9975.088,3.762,1.96,10000.0
8,74636.0,10021.403999999999,5.337,1.764,10000.0
8,74637.0,10100.975999999999,4.816,4.259,10000.0
8,74638.0,9903.820000000002,5.016,2.826,10000.0
8,74639.0,10379.974,9.943,23.988,10000.0
8,74640.0,9891.284,35.504,2.445,10000.0
8,74641.0,10180.33,11.575,21.817,10000.0
8,74642.0,10419.993,8.121,5.471,10000.0
8,74643.0,9239.839,4.665,4.882,10000.0
8,74644.0,9874.841,5.268,4.671,10000.0
8,74645.0,11067.992,5.971,2.984,10000.0
8,74646.0,8933.546,5.003,3.209,10000.0
8,74647.0,9974.354,3.883,2.189,10000.0
8,74648.0,10044.14,6.275,3.74,10000.0
8,74649.0,10072.156,16.627,10.1,10000.0
8,74650.0,9940.258,4.711,3.225,10000.0
8,74651.0,10010.327,6.629,5.201,10000.0
8,74652.0,10150.732,57.939,4.499,10000.0
8,74653.0,9947.987000000001,16.486,4.851,10000.0
8,74654.0,12000.044,3.541,2.38,10000.0
8,74655.0,7905.080999999999,5.61,128.555,10000.0
8,74656.0,9922.096,4.49,5.052,10000.0
8,74657.0,9995.217,3.237,2.334,10000.0
8,74658.0,12268.905999999999,5.631,2.787,10000.0
8,74659.0,7744.641,5.338,4.139,10000.0
8,74660.0,10325.007000000001,6.119,4.509,10000.0
8,74661.0,9795.679,6.305,5.583,10000.0
8,74662.0,10180.748,30.028,2.137,10000.0
8,74663.0,9924.33,20.003,2.584,10000.0
8,74664.0,10835.726999999999,4.45,2.582,10000.0
8,74665.0,9299.907,5.634,3.631,10000.0
8,74666.0,9645.998,3.898,2.3,10000.0
8,74667.0,10006.484,4.468,3.863,10000.0
8,74668.0,10039.189,5.585,2.727,10000.0
8,74669.0,9941.735,3.852,2.99,10000.0
8,74670.0,10015.391,4.296,2.624,10000.0
8,74671.0,10214.489,3.712,2.521,10000.0
8,74672.0,10044.379,31.063,3.022,10000.0
8,74673.0,9761.971,4.379,2.213,10000.0
8,74674.0,11220.527,5.742,3.096,10000.0
8,74675.0,9013.475,23.122,3.253,10000.0
8,74676.0,9697.570000000002,24.882,3.682,10000.0
8,74677.0,10291.393,5.82,2.628,10000.0
8,74678.0,9924.459,38.737,5.209,10000.0
8,74679.0,10110.449,40.532,13.633,10000.0
8,74680.0,12826.896,6.004,3.539,10000.0
8,74681.0,7117.905,34.23,14.671,10000.0
8,74682.0,11936.246,3.749,1.8,10000.0
8,74683.0,7852.191999999999,5.069,5.498,10000.0
8,74684.0,10047.367,5.899,4.903,10000.0
8,74685.0,9989.088,11.243,5.049,10000.0
8,74686.0,9953.634,5.353,2.759,10000.0
8,74687.0,10003.096,4.248,2.533,10000.0
8,74688.0,10417.041,6.068,6.44,10000.0
8,74689.0,9748.555,4.912,2.598,10000.0
8,74690.0,9827.921999999999,4.337,1.703,10000.0
8,74691.0,9989.204,4.247,3.587,10000.0
8,74692.0,10019.817000000001,4.023,1.994,10000.0
8,74693.0,9969.064999999999,4.116,2.82,10000.0
8,74694.0,10052.405999999999,5.38,4.942,10000.0
8,74695.0,9933.883,3.663,1.901,10000.0
8,74696.0,10127.163,3.711,2.109,10000.0
8,74697.0,10027.395999999999,7.301,2.878,10000.0
8,74698.0,11267.756,9.824,8.015,10000.0
8,74699.0,9312.108,4.467,2.409,10000.0
8,74700.0,10117.859,5.011,2.742,10000.0
8,74701.0,9283.059,5.965,2.967,10000.0
8,74702.0,9994.787999999999,4.811,1.972,10000.0
8,74703.0,10047.072,5.642,3.258,10000.0
8,74704.0,9946.508,5.292,1.611,10000.0
8,74705.0,9969.047,5.786,2.518,10000.0
8,74706.0,9987.702,6.01,2.004,10000.0
8,74707.0,10092.748,37.951,2.523,10000.0
8,74708.0,9979.092,3.992,1.548,10000.0
8,74709.0,12537.89,6.668,4.263,10000.0
8,74710.0,7324.059,3.513,1.627,10000.0
8,74711.0,10431.811,7.221,2.962,10000.0
8,74712.0,10376.439,6.355,3.649,10000.0
8,74713.0,10572.438,7.743,4.194,10000.0
8,74714.0,9286.338,7.225,4.848,10000.0
8,74715.0,9353.34,8.199,4.548,10000.0
8,74716.0,10064.767,8.673,4.275,10000.0
8,74717.0,10266.931,39.041,17.365,10000.0
8,74718.0,9789.924,6.205,3.83,10000.0
8,74719.0,9957.293000000001,191.632,4.835,10000.0
8,74720.0,9941.242,7.154,3.294,10000.0
8,74721.0,10124.084,5.42,4.924,10000.0
8,74722.0,10081.585000000001,165.85,4.489,10000.0
8,74723.0,10724.83,12.113,5.936,10000.0
8,74724.0,9034.788999999999,3.798,2.458,10000.0
8,74725.0,10178.909,28.816,4.846,10000.0
8,74726.0,10009.543,8.699,5.434,10000.0
8,74727.0,9849.381000000001,4.859,3.06,10000.0
8,74728.0,10329.88,7.185,4.277,10000.0
8,74729.0,9775.729000000001,8.193,3.752,10000.0
8,74730.0,9887.092999999999,6.476,4.795,10000.0
8,74731.0,10898.821,8.274,5.27,10000.0
8,74732.0,9170.216999999999,69.016,2.87,10000.0
8,74733.0,10021.993999999999,5.061,3.338,10000.0
8,74734.0,9957.449,5.883,5.344,10000.0
8,74735.0,9937.702,5.556,4.245,10000.0
8,74736.0,10010.631000000001,4.623,1.793,10000.0
8,74737.0,9968.137,3.861,2.253,10000.0
8,74738.0,10012.568,3.638,2.358,10000.0
8,74739.0,9994.045,4.089,3.646,10000.0
8,74740.0,10031.049,4.27,1.986,10000.0
8,74741.0,10037.739,5.779,2.584,10000.0
8,74742.0,9970.964,5.392,2.45,10000.0
8,74743.0,10149.6,11.452,6.728,10000.0
8,74744.0,11284.47,6.866,4.017,10000.0
8,74745.0,8559.417,5.938,4.039,10000.0
8,74746.0,9962.903,4.448,3.059,10000.0
8,74747.0,10230.660000000002,5.603,6.96,10000.0
8,74748.0,9905.621,4.843,2.832,10000.0
8,74749.0,9897.044,5.254,3.3,10000.0
8,74750.0,9976.17,6.307,48.368,10000.0
8,74751.0,12203.637,5.45,3.211,10000.0
8,74752.0,8697.139,6.018,2.114,10000.0
8,74753.0,9146.248,6.012,6.038,10000.0
8,74754.0,10308.464,5.545,3.183,10000.0
8,74755.0,10282.096,8.282,5.152,10000.0
8,74756.0,9593.824,4.925,3.662,10000.0
8,74757.0,9869.782000000001,5.786,3.147,10000.0
8,74758.0,10029.868,4.716,3.149,10000.0
8,74759.0,9912.202,5.022,17.62,10000.0
8,74760.0,10179.614,5.185,2.867,10000.0
8,74761.0,9844.057,5.201,3.52,10000.0
8,74762.0,9932.824999999999,4.241,2.081,10000.0
8,74763.0,10123.496,8.316,5.534,10000.0
8,74764.0,10028.241,920.823,4.282,10000.0
8,74765.0,10171.803,9.573,4.433,10000.0
8,74766.0,9949.071,5.935,4.982,10000.0
8,74767.0,10027.863,5.686,3.435,10000.0
8,74768.0,10979.581,6.947,9.116,10000.0
8,74769.0,8729.676000000001,7.422,5.001,10000.0
8,74770.0,10128.091,5.041,2.38,10000.0
8,74771.0,10917.759,4.851,3.166,10000.0
8,74772.0,9005.729000000001,18.011,19.195,10000.0
8,74773.0,10030.925,7.973,3.949,10000.0
8,74774.0,9971.817,5.181,2.614,10000.0
8,74775.0,10001.918,4.404,1.952,10000.0
8,74776.0,9950.864,5.536,2.687,10000.0
8,74777.0,10001.325,6.881,3.353,10000.0
8,74778.0,10176.455,6.74,4.227,10000.0
8,74779.0,10971.991,6.749,4.077,10000.0
8,74780.0,9084.951000000001,30.14,5.94,10000.0
8,74781.0,9894.93,33.07,7.453,10000.0
8,74782.0,9889.126999999999,7.768,31.203,10000.0
8,74783.0,10589.255000000001,5.864,3.449,10000.0
8,74784.0,9340.592,6.866,45.636,10000.0
8,74785.0,10184.754,9.222,5.536,10000.0
8,74786.0,9928.797,6.012,4.927,10000.0
8,74787.0,10031.38,6.434,4.018,10000.0
8,74788.0,10062.572,40.065,5.763,10000.0
8,74789.0,9852.734999999999,7.124,5.047,10000.0
8,74790.0,10135.626,4.302,4.939,10000.0
8,74791.0,9921.922999999999,8.029,5.925,10000.0
8,74792.0,10185.041000000001,8.491,3.428,10000.0
8,74793.0,10077.293,6.395,3.308,10000.0
8,74794.0,9703.949999999999,6.517,4.001,10000.0
8,74795.0,9928.078,4.346,3.645,10000.0
8,74796.0,10023.41,6.799,5.854,10000.0
8,74797.0,10149.356,18.037,7.923,10000.0
8,74798.0,9979.062,7.709,4.857,10000.0
8,74799.0,9944.609,38.906,6.657,10000.0
8,74800.0,10211.695,43.748,21.061,10000.0
8,74801.0,9765.52,7.877,7.325,10000.0
8,74802.0,10046.776,6.948,4.354,10000.0
8,74803.0,9916.248000000001,4.096,2.214,10000.0
8,74804.0,10149.712,8.279,5.877,10000.0
8,74805.0,10488.992,7.852,4.989,10000.0
8,74806.0,10344.962,5.543,13.52,10000.0
8,74807.0,9169.979,8.538,5.277,10000.0
8,74808.0,10019.887,7.778,4.438,10000.0
8,74809.0,9946.819000000001,5.181,3.935,10000.0
8,74810.0,9955.086,8.402,5.582,10000.0
8,74811.0,10021.307,12.168,3.612,10000.0
8,74812.0,9970.592,6.766,22.304,10000.0
8,74813.0,10034.448,5.393,4.038,10000.0
8,74814.0,9923.633,6.115,4.85,10000.0
8,74815.0,10043.337,7.65,8.684,10000.0
8,74816.0,9893.925,5.523,3.374,10000.0
8,74817.0,11422.319,11.241,2.983,10000.0
8,74818.0,8641.202000000001,10.689,7.694,10000.0
8,74819.0,9987.197999999999,5.362,4.079,10000.0
8,74820.0,10030.988,17.59,22.797,10000.0
8,74821.0,10012.649,6.706,3.929,10000.0
8,74822.0,9942.520999999999,6.736,3.055,10000.0
8,74823.0,10017.613,6.089,3.706,10000.0
8,74824.0,10114.482,6.762,4.533,10000.0
8,74825.0,9868.214,5.324,5.454,10000.0
8,74826.0,10022.167,8.27,18.468,10000.0
8,74827.0,10117.544,33.794,3.02,10000.0
8,74828.0,10723.536,36.142,3.054,10000.0
8,74829.0,10301.517,24.168,10.733,10000.0
8,74830.0,8998.094,15.414,2.516,10000.0
8,74831.0,9900.627,5.954,3.603,10000.0
8,74832.0,9920.516000000001,6.313,3.408,10000.0
8,74833.0,10073.800000000001,54.998,3.675,10000.0
8,74834.0,10052.193,13.183,5.665,10000.0
8,74835.0,9972.393,4.832,3.069,10000.0
8,74836.0,9940.722000000002,7.819,4.88,10000.0
8,74837.0,13210.002,7.575,4.197,10000.0
8,74838.0,6748.3589999999995,5.725,2.921,10000.0
8,74839.0,10099.574,7.32,4.818,10000.0
8,74840.0,9937.398,7.018,3.47,10000.0
8,74841.0,11046.973,6.504,4.019,10000.0
8,74842.0,10100.390000000001,9.021,6.119,10000.0
8,74843.0,8934.889,8.031,8.814,10000.0
8,74844.0,10181.683,8.216,4.978,10000.0
8,74845.0,9756.163,9.021,16.631,10000.0
8,74846.0,10148.01,8.726,6.295,10000.0
8,74847.0,9840.266,6.519,2.85,10000.0
8,74848.0,10036.438,41.141,5.267,10000.0
8,74849.0,10139.436,6.511,5.047,10000.0
8,74850.0,9865.812,6.788,3.4,10000.0
8,74851.0,9989.465,8.122,4.074,10000.0
8,74852.0,9948.043,6.876,5.444,10000.0
8,74853.0,11110.113,6.757,3.69,10000.0
8,74854.0,8886.535,7.523,7.003,10000.0
8,74855.0,10202.125,18.617,24.136,10000.0
8,74856.0,10927.535,6.643,3.381,10000.0
8,74857.0,8861.805,5.133,4.573,10000.0
8,74858.0,9955.880000000001,5.522,3.931,10000.0
8,74859.0,10680.591,6.137,4.506,10000.0
8,74860.0,11486.573999999999,7.262,5.131,10000.0
8,74861.0,7966.653,13.376,5.252,10000.0
8,74862.0,9960.681,8.625,45.842,10000.0
8,74863.0,10558.866,747.666,6.627,10000.0
8,74864.0,9866.255000000001,7.894,4.427,10000.0
8,74865.0,9786.6,13.072,3.856,10000.0
8,74866.0,10076.02,5.95,13.209,10000.0
8,74867.0,9664.558,4.734,3.065,10000.0
8,74868.0,9961.168,4.235,1.77,10000.0
8,74869.0,10006.132,4.121,1.518,10000.0
8,74870.0,10099.999,5.61,4.752,10000.0
8,74871.0,9952.974,5.167,4.932,10000.0
8,74872.0,10270.065,4.35,3.596,10000.0
8,74873.0,9710.041000000001,4.881,3.193,10000.0
8,74874.0,9974.251,4.575,2.798,10000.0
8,74875.0,10237.478,47.719,2.443,10000.0
8,74876.0,10857.29,5.554,1.702,10000.0
8,74877.0,10169.947,5.865,2.951,10000.0
8,74878.0,9528.744,6.025,3.345,10000.0
8,74879.0,10323.117,4.896,3.686,10000.0
8,74880.0,8893.306999999999,17.285,3.329,10000.0
8,74881.0,10132.545999999998,30.651,3.067,10000.0
8,74882.0,9870.126999999999,5.031,3.56,10000.0
8,74883.0,10125.655,11.919,7.269,10000.0
8,74884.0,9960.033,6.079,4.601,10000.0
8,74885.0,10060.362,10.765,5.995,10000.0
8,74886.0,9861.534,5.384,176.121,10000.0
8,74887.0,9954.701,5.761,4.216,10000.0
8,74888.0,11088.434,4.847,1.33,10000.0
8,74889.0,9001.001999999999,6.32,2.715,10000.0
8,74890.0,10315.753999999999,6.279,6.318,10000.0
8,74891.0,9896.672,7.664,5.358,10000.0
8,74892.0,9983.558,7.131,6.826,10000.0
8,74893.0,9810.724999999999,8.461,6.197,10000.0
8,74894.0,9995.03,6.886,5.452,10000.0
8,74895.0,11201.726,9.441,4.371,10000.0
8,74896.0,9016.569,6.574,4.024,10000.0
8,74897.0,9721.204000000002,4.946,4.461,10000.0
8,74898.0,10030.015,7.071,6.725,10000.0
8,74899.0,10323.228000000001,6.055,3.865,10000.0
8,74900.0,10002.836,34.696,13.657,10000.0
8,74901.0,9762.441,7.784,6.551,10000.0
8,74902.0,11017.116,35.985,5.877,10000.0
8,74903.0,8835.819,5.807,4.843,10000.0
8,74904.0,10065.009999999998,5.991,4.738,10000.0
8,74905.0,9982.011,4.474,4.09,10000.0
8,74906.0,10042.524000000001,6.943,4.786,10000.0
8,74907.0,10883.291,46.874,3.806,10000.0
8,74908.0,9077.934,4.332,2.012,10000.0
8,74909.0,10128.546,14.994,7.675,10000.0
8,74910.0,11052.817,102.897,5.338,10000.0
8,74911.0,8950.329,14.644,11.035,10000.0
8,74912.0,10101.974999999999,14.097,13.445,10000.0
8,74913.0,9788.552000000001,5.925,3.43,10000.0
8,74914.0,9960.675000000001,4.82,2.692,10000.0
8,74915.0,10139.242,5.231,2.366,10000.0
8,74916.0,10032.849999999999,11.175,2.466,10000.0
8,74917.0,10011.5,13.229,4.088,10000.0
8,74918.0,9841.555999999999,6.184,3.736,10000.0
8,74919.0,10009.686,4.313,3.089,10000.0
8,74920.0,10078.223,4.547,2.034,10000.0
8,74921.0,9899.556,4.546,3.5,10000.0
8,74922.0,10064.088,5.636,8.046,10000.0
8,74923.0,10023.717999999999,3.323,2.492,10000.0
8,74924.0,9925.999,5.172,4.042,10000.0
8,74925.0,10017.519,5.663,3.183,10000.0
8,74926.0,9954.609,71.298,2.655,10000.0
8,74927.0,10211.161,5.478,3.708,10000.0
8,74928.0,9875.814,3.816,1.968,10000.0
8,74929.0,10074.991,38.825,352.201,10000.0
8,74930.0,10083.007,37.156,3.731,10000.0
8,74931.0,9950.146,8.77,3.827,10000.0
8,74932.0,10010.894,16.032,5.438,10000.0
8,74933.0,9848.805,4.943,3.741,10000.0
8,74934.0,11246.327000000001,34.604,5.546,10000.0
8,74935.0,8719.315,4.472,302.894,10000.0
8,74936.0,12335.857,39.591,3.854,10000.0
8,74937.0,7700.804999999999,11.461,27.315,10000.0
8,74938.0,10095.291,18.789,31.21,10000.0
8,74939.0,9896.019,9.377,5.144,10000.0
8,74940.0,9969.633,4.707,2.943,10000.0
8,74941.0,10073.891,5.436,2.042,10000.0
8,74942.0,9936.551,4.578,2.892,10000.0
8,74943.0,10525.576000000001,5.11,2.1,10000.0
8,74944.0,9475.957999999999,5.829,3.308,10000.0
8,74945.0,10046.050000000001,5.351,3.099,10000.0
8,74946.0,10422.274000000001,4.615,1.336,10000.0
8,74947.0,9981.122,5.643,2.949,10000.0
8,74948.0,9541.944,5.34,2.392,10000.0
8,74949.0,10916.353000000001,7.422,4.407,10000.0
8,74950.0,9141.945,15.629,4.458,10000.0
8,74951.0,9943.884,4.059,3.297,10000.0
8,74952.0,11046.846000000001,10.788,2.662,10000.0
8,74953.0,8929.607,5.744,1.601,10000.0
8,74954.0,10013.551000000001,5.106,3.815,10000.0
8,74955.0,10030.119,4.786,2.718,10000.0
8,74956.0,10238.0,34.479,4.091,10000.0
8,74957.0,9832.551,6.083,2.567,10000.0
8,74958.0,9895.997,5.916,4.356,10000.0
8,74959.0,10517.417,38.956,16.443,10000.0
8,74960.0,9504.680999999999,6.125,10.286,10000.0
8,74961.0,10309.398000000001,37.638,36.264,10000.0
8,74962.0,10049.033000000001,21.691,3.336,10000.0
8,74963.0,9945.287,24.791,8.504,10000.0
8,74964.0,9683.321,6.243,4.085,10000.0
8,74965.0,10092.67,20.556,3.057,10000.0
8,74966.0,10047.526,6.421,4.516,10000.0
8,74967.0,10018.965,7.256,3.893,10000.0
8,74968.0,10084.714,7.621,3.033,10000.0
8,74969.0,9981.301,4.437,1.917,10000.0
8,74970.0,9794.818000000001,4.425,4.109,10000.0
8,74971.0,9993.859,4.908,2.607,10000.0
8,74972.0,9981.943,5.727,3.448,10000.0
8,74973.0,9999.705,4.162,2.5,10000.0
8,74974.0,10023.198,5.614,3.055,10000.0
8,74975.0,10072.878,18.811,7.723,10000.0
8,74976.0,9930.626999999999,6.206,4.851,10000.0
8,74977.0,10128.116,6.741,6.087,10000.0
8,74978.0,10345.593,35.664,4.592,10000.0
8,74979.0,9564.327,35.702,4.985,10000.0
8,74980.0,10365.762,29.166,3.922,10000.0
8,74981.0,9985.505000000001,7.955,6.104,10000.0
8,74982.0,9603.637,6.075,3.422,10000.0
8,74983.0,10226.622,7.52,8.811,10000.0
8,74984.0,11920.152,7.592,4.152,10000.0
8,74985.0,7903.99,8.706,2.899,10000.0
8,74986.0,9960.28,6.022,3.772,10000.0
8,74987.0,10154.125,115.918,22.961,10000.0
8,74988.0,9887.117,6.425,4.619,10000.0
8,74989.0,9987.678,28.012,321.656,10000.0
8,74990.0,10132.51,6.723,4.826,10000.0
8,74991.0,9843.910000000002,10.65,5.677,10000.0
8,74992.0,10144.663999999999,10.547,3.938,10000.0
8,74993.0,10477.326000000001,5.458,2.988,10000.0
8,74994.0,9413.738,129.688,18.754,10000.0
8,74995.0,10070.396,9.294,5.056,10000.0
8,74996.0,9998.469,5.561,2.031,10000.0
8,74997.0,9890.748,4.985,1.659,10000.0
8,74998.0,9981.62,7.209,4.815,10000.0
8,74999.0,11970.229000000001,4.663,3.558,10000.0
8,75000.0,8181.084999999999,31.702,5.005,10000.0
8,75001.0,9837.544,6.245,3.467,10000.0
8,75002.0,10152.961000000001,7.071,8.388,10000.0
8,75003.0,10013.211,8.197,2.858,10000.0
8,75004.0,10014.237000000001,5.515,3.902,10000.0
8,75005.0,9760.179,4.698,1.543,10000.0
8,75006.0,10060.817,4.959,3.731,10000.0
8,75007.0,10341.556999999999,8.026,4.922,10000.0
8,75008.0,9868.638,8.523,6.997,10000.0
8,75009.0,9779.081,5.361,3.641,10000.0
8,75010.0,10072.674,8.063,4.881,10000.0
8,75011.0,9968.126,8.706,5.318,10000.0
8,75012.0,9978.699,5.745,6.472,10000.0
8,75013.0,10007.697,8.16,4.998,10000.0
8,75014.0,9959.163,4.166,3.823,10000.0
8,75015.0,10046.412,5.029,3.526,10000.0
8,75016.0,9993.119,4.084,1.889,10000.0
8,75017.0,10332.159,30.246,9.501,10000.0
8,75018.0,9777.347,4.783,1.745,10000.0
8,75019.0,10046.77,27.244,49.929,10000.0
8,75020.0,9817.147,5.999,3.397,10000.0
8,75021.0,10198.761,7.813,2.509,10000.0
8,75022.0,9945.918,13.102,4.336,10000.0
8,75023.0,9844.311,3.763,1.998,10000.0
8,75024.0,10304.887,11.018,6.912,10000.0
8,75025.0,9960.427000000001,8.301,4.468,10000.0
8,75026.0,10124.065999999999,6.272,3.53,10000.0
8,75027.0,9629.699999999999,7.222,3.634,10000.0
8,75028.0,10207.199999999999,4.028,1.739,10000.0
8,75029.0,11956.029999999999,12.235,7.284,10000.0
8,75030.0,7814.853,5.405,2.193,10000.0
8,75031.0,10095.103,7.079,5.734,10000.0
8,75032.0,11015.667,9.333,3.668,10000.0
8,75033.0,8898.207,6.737,4.494,10000.0
8,75034.0,10162.488000000001,17.533,1.766,10000.0
8,75035.0,10536.917,7.578,4.723,10000.0
8,75036.0,10847.936000000002,14.934,9.159,10000.0
8,75037.0,8767.068,8.555,5.098,10000.0
8,75038.0,9954.821000000002,52.549,4.437,10000.0
8,75039.0,9912.555,7.602,2207.776,10000.0
8,75040.0,9819.173999999999,6.627,3.662,10000.0
8,75041.0,10361.937,8.098,5.234,10000.0
8,75042.0,9790.323,6.158,2.892,10000.0
8,75043.0,10012.08,5.829,3.959,10000.0
8,75044.0,10050.782,21.064,19.202,10000.0
8,75045.0,9800.832,5.318,4.181,10000.0
8,75046.0,10129.414999999999,6.916,5.235,10000.0
8,75047.0,10261.271,6.013,4.166,10000.0
8,75048.0,10872.717,9.725,7.441,10000.0
8,75049.0,8731.622,6.175,5.103,10000.0
8,75050.0,10079.867,8.386,3.633,10000.0
8,75051.0,10136.558,8.22,5.227,10000.0
8,75052.0,10113.74,12.205,4.276,10000.0
8,75053.0,9817.255000000001,4.439,4.195,10000.0
8,75054.0,9972.543,10.43,6.783,10000.0
8,75055.0,9906.547999999999,5.196,3.084,10000.0
8,75056.0,10052.632000000001,8.198,5.747,10000.0
8,75057.0,9970.289,8.906,7.944,10000.0
8,75058.0,12105.527,42.647,18.125,10000.0
8,75059.0,8022.044000000001,7.379,6.873,10000.0
8,75060.0,9877.85,8.734,3.881,10000.0
8,75061.0,10141.931999999999,37.13,15.361,10000.0
8,75062.0,10060.978,21.891,8.282,10000.0
8,75063.0,9760.197,26.619,12.925,10000.0
8,75064.0,11179.315,6.352,4.629,10000.0
8,75065.0,8849.258,9.765,6.334,10000.0
8,75066.0,10160.492,9.648,8.141,10000.0
8,75067.0,9982.298,8.977,4.256,10000.0
8,75068.0,10015.141,6.486,3.235,10000.0
8,75069.0,9862.43,36.775,4.474,10000.0
8,75070.0,9931.844000000001,5.274,9.562,10000.0
8,75071.0,10110.233999999999,6.886,2.519,10000.0
8,75072.0,10147.949999999999,5.808,1.5,10000.0
8,75073.0,9726.294,5.295,7.907,10000.0
8,75074.0,10034.632,10.762,12.943,10000.0
8,75075.0,10195.308,7.317,4.359,10000.0
8,75076.0,9796.922,8.527,4.076,10000.0
8,75077.0,10028.559,8.182,5.303,10000.0
8,75078.0,10320.701,11.047,5.074,10000.0
8,75079.0,9907.616,21.445,2.636,10000.0
8,75080.0,9988.246,43.515,4.955,10000.0
8,75081.0,9996.104000000001,18.053,11.61,10000.0
8,75082.0,9853.527,6.373,3.961,10000.0
8,75083.0,9922.644,5.046,2.102,10000.0
8,75084.0,10066.704,17.607,5.42,10000.0
8,75085.0,9927.573,4.286,2.592,10000.0
8,75086.0,9982.353,6.06,25.315,10000.0
8,75087.0,10019.276,5.257,3.621,10000.0
8,75088.0,9965.901,4.118,2.217,10000.0
8,75089.0,10041.154999999999,10.628,4.736,10000.0
8,75090.0,10065.387999999999,108.071,11.027,10000.0
8,75091.0,10010.689999999999,4.497,6.298,10000.0
8,75092.0,9993.503,4.553,2.639,10000.0
8,75093.0,9918.344000000001,4.989,3.878,10000.0
8,75094.0,9982.114,6.586,5.26,10000.0
8,75095.0,10004.176,5.046,2.348,10000.0
8,75096.0,10047.243,15.971,7.07,10000.0
8,75097.0,10215.264,29.232,2.79,10000.0
8,75098.0,10458.207,60.297,3.973,10000.0
8,75099.0,10131.929,35.815,5.093,10000.0
8,75100.0,9470.04,37.976,2.891,10000.0
8,75101.0,9745.668000000001,46.583,3.069,10000.0
8,75102.0,9955.047999999999,4.407,3.841,10000.0
8,75103.0,10099.367999999999,5.318,1.852,10000.0
8,75104.0,10335.307,6.978,4.517,10000.0
8,75105.0,9793.823999999999,7.917,8.021,10000.0
8,75106.0,9767.681,3.825,2.719,10000.0
8,75107.0,10541.119999999999,104.341,1.58,10000.0
8,75108.0,9453.298,5.552,2.565,10000.0
8,75109.0,9997.087,4.351,2.336,10000.0
8,75110.0,9982.036,3.833,2.065,10000.0
8,75111.0,10027.774,5.393,8.481,10000.0
8,75112.0,11074.37,5.191,3.611,10000.0
8,75113.0,8927.027,5.179,4.031,10000.0
8,75114.0,9955.274,4.943,3.715,10000.0
8,75115.0,10112.123000000001,5.734,3.248,10000.0
8,75116.0,9976.08,8.813,6.026,10000.0
8,75117.0,9916.116,4.718,2.243,10000.0
8,75118.0,10022.642,4.905,3.096,10000.0
8,75119.0,10025.473,8.425,4.02,10000.0
8,75120.0,9963.341,5.122,2.824,10000.0
8,75121.0,10291.956999999999,8.458,5.045,10000.0
8,75122.0,9944.655,39.108,7.226,10000.0
8,75123.0,9940.621000000001,21.746,4.992,10000.0
8,75124.0,10072.874000000002,54.605,3.609,10000.0
8,75125.0,9775.235999999999,6.143,3.697,10000.0
8,75126.0,10025.748,6.109,7.52,10000.0
8,75127.0,9971.189999999999,6.422,2.738,10000.0
8,75128.0,12162.991999999998,12.941,9.392,10000.0
8,75129.0,7876.3679999999995,6.886,5.258,10000.0
8,75130.0,9953.916,5.79,1.56,10000.0
8,75131.0,10141.265,5.652,2.949,10000.0
8,75132.0,9838.105,5.578,2.784,10000.0
8,75133.0,11063.0,5.137,4.854,10000.0
8,75134.0,8929.606,3.887,3.253,10000.0
8,75135.0,10011.356000000002,4.246,12.126,10000.0
8,75136.0,10007.972,3.592,2.361,10000.0
8,75137.0,9983.817000000001,4.63,4.134,10000.0
8,75138.0,10041.210000000001,5.727,3.144,10000.0
8,75139.0,10276.496,3.67,2.101,10000.0
8,75140.0,9686.16,5.383,2.986,10000.0
8,75141.0,10038.526,7.254,2.313,10000.0
8,75142.0,9979.99,6.704,3.0,10000.0
8,75143.0,10019.997,14.126,17.294,10000.0
8,75144.0,10146.211000000001,8.164,21.584,10000.0
8,75145.0,9897.463,49.921,4.549,10000.0
8,75146.0,9933.894,16.619,3.738,10000.0
8,75147.0,10151.482,10.398,2.538,10000.0
8,75148.0,9887.006,5.093,2.271,10000.0
8,75149.0,9945.262,5.299,1.439,10000.0
8,75150.0,10083.574999999999,4.702,2.465,10000.0
8,75151.0,9995.644,7.293,4.199,10000.0
8,75152.0,9917.083999999999,7.44,7.04,10000.0
8,75153.0,9975.840999999999,4.153,3.859,10000.0
8,75154.0,10039.078,5.428,4.487,10000.0
8,75155.0,10076.219000000001,6.475,3.568,10000.0
8,75156.0,10031.666,5.466,3.17,10000.0
8,75157.0,10223.055999999999,6.972,6.55,10000.0
8,75158.0,9722.0,6.396,2.429,10000.0
8,75159.0,9970.463,7.549,5.063,10000.0
8,75160.0,10031.135,5.264,2.535,10000.0
8,75161.0,10098.734,36.112,5.289,10000.0
8,75162.0,9862.56,5.752,2.655,10000.0
8,75163.0,10077.783,7.233,4.364,10000.0
8,75164.0,9917.462,7.218,5.186,10000.0
8,75165.0,10000.667,6.766,3.965,10000.0
8,75166.0,10137.243,29.368,6.65,10000.0
8,75167.0,9919.997,8.689,4.465,10000.0
8,75168.0,10068.235,6.581,3.784,10000.0
8,75169.0,10909.338,5.155,3.204,10000.0
8,75170.0,8948.655,6.026,2.923,10000.0
8,75171.0,10049.074,7.575,6.129,10000.0
8,75172.0,9932.852,4.125,1.824,10000.0
8,75173.0,10037.673,5.405,2.783,10000.0
8,75174.0,9992.897,6.962,4.862,10000.0
8,75175.0,10160.47,6.492,4.85,10000.0
8,75176.0,10123.925000000001,5.147,2.498,10000.0
8,75177.0,9694.219000000001,5.647,3.362,10000.0
8,75178.0,10100.807,7.386,4.581,10000.0
8,75179.0,9909.713,5.24,4.033,10000.0
8,75180.0,10179.757,39.9,4.22,10000.0
8,75181.0,10050.492,5.324,2.388,10000.0
8,75182.0,9873.645,5.674,2.515,10000.0
8,75183.0,9988.517,3.602,1.612,10000.0
8,75184.0,10090.164999999999,47.605,8.025,10000.0
8,75185.0,9951.445,7.623,4.488,10000.0
8,75186.0,9929.637999999999,4.115,2.848,10000.0
8,75187.0,12886.864,13.267,3.602,10000.0
8,75188.0,7139.6990000000005,13.534,20.924,10000.0
8,75189.0,10074.956,5.828,3.857,10000.0
8,75190.0,9841.044,7.146,5.924,10000.0
8,75191.0,10052.374,4.128,2.93,10000.0
8,75192.0,10994.928,5.936,1.959,10000.0
8,75193.0,9029.293000000001,6.039,3.345,10000.0
8,75194.0,9937.811,4.434,5.379,10000.0
8,75195.0,9986.243,3.975,3.282,10000.0
8,75196.0,10111.073999999999,5.42,3.544,10000.0
8,75197.0,9986.651,3.982,2.456,10000.0
8,75198.0,9851.822999999999,3.926,2.666,10000.0
8,75199.0,10130.155,9.794,1.99,10000.0
8,75200.0,9875.119,4.857,3.435,10000.0
8,75201.0,10125.697,5.242,2.673,10000.0
8,75202.0,9899.857999999998,5.049,2.191,10000.0
8,75203.0,10223.301000000001,39.72,2.825,10000.0
8,75204.0,10020.078,29.6,2.965,10000.0
8,75205.0,9927.896999999999,38.164,15.421,10000.0
8,75206.0,10002.184000000001,15.384,4.032,10000.0
8,75207.0,10045.535,13.26,16.605,10000.0
8,75208.0,11402.218,25.875,2.675,10000.0
8,75209.0,8464.119,6.684,9.972,10000.0
8,75210.0,10181.114,9.19,5.353,10000.0
8,75211.0,10065.42,7.286,4.249,10000.0
8,75212.0,9755.862000000001,15.19,3.531,10000.0
8,75213.0,9924.271,5.867,3.928,10000.0
8,75214.0,9989.245,4.339,2.11,10000.0
8,75215.0,10061.239,7.026,3.787,10000.0
8,75216.0,9943.313,5.752,2.448,10000.0
8,75217.0,9998.843,5.872,3.737,10000.0
8,75218.0,10082.121,4.352,2.291,10000.0
8,75219.0,9891.54,3.167,2.145,10000.0
8,75220.0,10078.768,4.673,3.777,10000.0
8,75221.0,10116.513,5.779,2.981,10000.0
8,75222.0,9971.516,130.25,4.687,10000.0
8,75223.0,9900.523,7.969,19.924,10000.0
8,75224.0,12446.508,5.509,4.067,10000.0
8,75225.0,7659.0419999999995,7.282,28.634,10000.0
8,75226.0,9866.145,6.336,3.886,10000.0
8,75227.0,10071.214,9.226,6.268,10000.0
8,75228.0,10746.945000000002,6.587,56.942,10000.0
8,75229.0,9268.586000000001,5.938,3.254,10000.0
8,75230.0,10016.603000000001,5.93,7.881,10000.0
8,75231.0,9888.193,5.366,3.331,10000.0
8,75232.0,10024.775,7.756,4.663,10000.0
8,75233.0,10015.968,6.762,95.235,10000.0
8,75234.0,9989.573999999999,4.614,2.677,10000.0
8,75235.0,10120.712000000001,6.063,5.764,10000.0
8,75236.0,10036.878,4.926,3.135,10000.0
8,75237.0,9841.760999999999,5.796,3.126,10000.0
8,75238.0,10009.84,5.663,3.345,10000.0
8,75239.0,9968.118,5.753,1.954,10000.0
8,75240.0,9979.506000000001,3.281,2.69,10000.0
8,75241.0,10000.929,4.292,2.824,10000.0
8,75242.0,10003.212,3.858,1.849,10000.0
8,75243.0,10001.392,3.462,1.659,10000.0
8,75244.0,10018.58,4.78,2.032,10000.0
8,75245.0,10042.951,5.442,4.071,10000.0
8,75246.0,9954.9,5.222,2.275,10000.0
8,75247.0,9981.193,5.573,4.676,10000.0
8,75248.0,10015.054,5.064,2.182,10000.0
8,75249.0,10008.354000000001,5.149,2.877,10000.0
8,75250.0,10140.193000000001,32.686,20.808,10000.0
8,75251.0,9993.958,13.947,19.759,10000.0
8,75252.0,9886.304,5.332,4.981,10000.0
8,75253.0,10083.251999999999,5.268,1.668,10000.0
8,75254.0,9905.395,6.196,3.137,10000.0
8,75255.0,10043.498,4.871,4.193,10000.0
8,75256.0,9945.947,6.831,3.876,10000.0
8,75257.0,10034.233,7.203,3.464,10000.0
8,75258.0,9960.948,4.424,2.357,10000.0
8,75259.0,10162.541000000001,5.943,4.447,10000.0
8,75260.0,9919.409,9.643,11.74,10000.0
8,75261.0,9995.649000000001,3.934,2.756,10000.0
8,75262.0,10082.406,72.762,16.502,10000.0
8,75263.0,10323.257000000001,37.053,5.509,10000.0
8,75264.0,10203.79,27.94,3.685,10000.0
8,75265.0,9554.927,29.066,4.203,10000.0
8,75266.0,9999.556999999999,7.469,28.857,10000.0
8,75267.0,9887.99,26.46,19.57,10000.0
8,75268.0,9857.658,4.886,3.94,10000.0
8,75269.0,10125.845,6.573,5.101,10000.0
8,75270.0,9945.949,5.134,4.009,10000.0
8,75271.0,10020.14,7.746,5.805,10000.0
8,75272.0,9952.804,6.15,4.388,10000.0
8,75273.0,9995.017,6.32,6.053,10000.0
8,75274.0,10003.062,7.89,4.702,10000.0
8,75275.0,10006.169,6.255,4.089,10000.0
8,75276.0,9978.463,3.879,1.748,10000.0
8,75277.0,10015.649,5.428,1.894,10000.0
8,75278.0,9908.382,6.311,2.765,10000.0
8,75279.0,10045.081,5.62,2.972,10000.0
8,75280.0,10052.867,5.05,2.955,10000.0
8,75281.0,9967.077,5.556,5.553,10000.0
8,75282.0,10054.438,7.49,4.972,10000.0
8,75283.0,10249.217999999999,31.448,5.746,10000.0
8,75284.0,9709.229,4.096,2.965,10000.0
8,75285.0,11045.899,34.663,5.767,10000.0
8,75286.0,9115.187,42.869,4.085,10000.0
8,75287.0,10078.578,43.324,19.442,10000.0
8,75288.0,10702.375,6.372,5.314,10000.0
8,75289.0,9517.474999999999,6.581,5.293,10000.0
8,75290.0,9920.674,34.365,4.485,10000.0
8,75291.0,9636.163999999999,7.822,4.231,10000.0
8,75292.0,10313.414,7.506,4.166,10000.0
8,75293.0,9722.179,7.256,4.411,10000.0
8,75294.0,10984.199999999999,4.197,1.752,10000.0
8,75295.0,9236.395,36.999,3.848,10000.0
8,75296.0,9762.123,4.471,3.15,10000.0
8,75297.0,9930.025,4.01,3.425,10000.0
8,75298.0,10071.436,7.575,6.211,10000.0
8,75299.0,9960.338,3.761,2.474,10000.0
8,75300.0,10075.035,5.004,3.374,10000.0
8,75301.0,9888.371,4.883,2.953,10000.0
8,75302.0,10030.324999999999,4.301,3.556,10000.0
8,75303.0,9963.053,6.465,2.314,10000.0
8,75304.0,10030.914999999999,5.912,3.581,10000.0
8,75305.0,10195.585000000001,24.738,10.902,10000.0
8,75306.0,9896.478000000001,4.91,3.073,10000.0
8,75307.0,10057.175,38.978,4.719,10000.0
8,75308.0,10822.807999999999,24.568,3.288,10000.0
8,75309.0,9328.638,39.413,4.943,10000.0
8,75310.0,10049.01,52.07,5.059,10000.0
8,75311.0,9963.6,7.811,1.977,10000.0
8,75312.0,9835.671,8.746,5.417,10000.0
8,75313.0,9868.168,8.859,8.61,10000.0
8,75314.0,9980.414,4.942,2.85,10000.0
8,75315.0,9978.949,5.205,2.848,10000.0
8,75316.0,9992.244,4.17,1.764,10000.0
8,75317.0,10013.819,5.027,2.124,10000.0
8,75318.0,10046.647,6.968,3.737,10000.0
8,75319.0,10168.735,4.816,2.499,10000.0
8,75320.0,9820.882,4.759,1.308,10000.0
8,75321.0,10002.013,4.624,2.472,10000.0
8,75322.0,9978.868,5.346,2.368,10000.0
8,75323.0,10452.216,5.148,2.613,10000.0
8,75324.0,9488.720000000001,5.252,3.094,10000.0
8,75325.0,10086.83,4.918,3.564,10000.0
8,75326.0,10200.055,4.004,2.702,10000.0
8,75327.0,10035.358,32.613,7.139,10000.0
8,75328.0,9755.216,6.61,3.05,10000.0
8,75329.0,10712.09,5.301,2.876,10000.0
8,75330.0,9260.753,3.558,3.241,10000.0
8,75331.0,10034.306999999999,6.566,2.975,10000.0
8,75332.0,10295.651,5.79,2.809,10000.0
8,75333.0,9774.053,9.62,4.95,10000.0
8,75334.0,9901.579,5.661,9.226,10000.0
8,75335.0,10033.594,14.247,3.046,10000.0
8,75336.0,10784.011,4.692,1.678,10000.0
8,75337.0,9314.673,7.555,2.917,10000.0
8,75338.0,9875.155,6.994,5.692,10000.0
8,75339.0,10006.125,4.717,2.011,10000.0
8,75340.0,10109.049,3.853,3.559,10000.0
8,75341.0,9857.993,4.542,5.266,10000.0
8,75342.0,10414.130000000001,7.148,2.792,10000.0
8,75343.0,9826.837,8.02,5.667,10000.0
8,75344.0,9841.146999999999,6.696,3.551,10000.0
8,75345.0,10007.210000000001,8.45,3.782,10000.0
8,75346.0,10234.708999999999,31.036,3.72,10000.0
8,75347.0,9738.837,19.783,11.125,10000.0
8,75348.0,10141.714,47.871,2.39,10000.0
8,75349.0,11395.179,44.435,3.092,10000.0
8,75350.0,8366.711000000001,10.504,3.027,10000.0
8,75351.0,10371.475,38.124,4.297,10000.0
8,75352.0,9732.466,10.176,27.688,10000.0
8,75353.0,10171.467999999999,43.43,2.843,10000.0
8,75354.0,9949.448,3.765,10.104,10000.0
8,75355.0,9818.633,6.24,2.968,10000.0
8,75356.0,10009.017,8.592,3.971,10000.0
8,75357.0,10393.914,41.14,5.753,10000.0
8,75358.0,9803.243,40.185,5.25,10000.0
8,75359.0,9854.409,7.577,6.815,10000.0
8,75360.0,10041.527,4.934,2.909,10000.0
8,75361.0,9935.122,5.325,4.729,10000.0
8,75362.0,10019.499,6.752,4.361,10000.0
8,75363.0,10221.7,36.509,6.49,10000.0
8,75364.0,11041.699,28.386,3.579,10000.0
8,75365.0,8874.938,20.574,7.371,10000.0
8,75366.0,10171.223,19.474,21.27,10000.0
8,75367.0,9639.278,4.561,3.629,10000.0
8,75368.0,10039.796,7.166,15.996,10000.0
8,75369.0,9968.431,5.416,5.87,10000.0
8,75370.0,9939.530999999999,3.341,4.257,10000.0
8,75371.0,10069.028,5.597,3.403,10000.0
8,75372.0,10245.582,8.305,7.408,10000.0
8,75373.0,9763.717999999999,7.808,3.579,10000.0
8,75374.0,10005.155,5.428,3.538,10000.0
8,75375.0,10020.899,6.401,5.658,10000.0
8,75376.0,10040.449999999999,7.749,6.384,10000.0
8,75377.0,10051.281,5.883,3.239,10000.0
8,75378.0,9869.681999999999,6.816,4.956,10000.0
8,75379.0,10044.421,7.905,3.489,10000.0
8,75380.0,10259.529,35.403,3.467,10000.0
8,75381.0,9779.780999999999,66.446,25.279,10000.0
8,75382.0,10153.401,14.561,5.777,10000.0
8,75383.0,9835.689,17.043,3.347,10000.0
8,75384.0,10029.586,5.791,2.734,10000.0
8,75385.0,10090.663,9.014,6.158,10000.0
8,75386.0,10022.159,7.936,4.878,10000.0
8,75387.0,9791.308,6.342,5.429,10000.0
8,75388.0,11972.066,4.586,2.72,10000.0
8,75389.0,8144.9490000000005,15.902,9.688,10000.0
8,75390.0,9919.414999999999,8.715,26.67,10000.0
8,75391.0,10223.526,30.52,11.526,10000.0
8,75392.0,9837.87,4.012,2.803,10000.0
8,75393.0,10214.389000000001,5.855,2.953,10000.0
8,75394.0,9630.809000000001,4.869,6.131,10000.0
8,75395.0,10364.494,8.488,4.019,10000.0
8,75396.0,9855.417,8.191,4.507,10000.0
8,75397.0,10050.981,7.662,4.904,10000.0
8,75398.0,9844.104,6.417,3.785,10000.0
8,75399.0,10334.873,4.518,3.009,10000.0
8,75400.0,9627.255,5.308,3.237,10000.0
8,75401.0,10122.587000000001,4.386,4.256,10000.0
8,75402.0,10137.395,22.557,6.79,10000.0
8,75403.0,10008.033,43.246,4.214,10000.0
8,75404.0,9961.655,34.949,5.105,10000.0
8,75405.0,9767.939,5.627,4.635,10000.0
8,75406.0,10116.687,15.156,4.57,10000.0
8,75407.0,9980.889,6.182,3.604,10000.0
8,75408.0,9983.957999999999,7.519,2.032,10000.0
8,75409.0,10185.130000000001,4.169,1.5,10000.0
8,75410.0,9719.52,5.53,2.662,10000.0
8,75411.0,9995.755000000001,3.573,2.5,10000.0
8,75412.0,10255.227,3.85,1.462,10000.0
8,75413.0,10042.743999999999,4.853,3.458,10000.0
8,75414.0,9681.367,4.036,2.781,10000.0
8,75415.0,10130.041,10.808,3.036,10000.0
8,75416.0,9879.519,5.411,9.854,10000.0
8,75417.0,10360.271,39.22,4.028,10000.0
8,75418.0,9780.971,28.488,12.132,10000.0
8,75419.0,11038.562,17.414,2.461,10000.0
8,75420.0,8980.2,11.591,4.579,10000.0
8,75421.0,9953.886,14.112,17.119,10000.0
8,75422.0,10068.133,42.815,5.215,10000.0
8,75423.0,9866.198,5.087,2.504,10000.0
8,75424.0,10070.33,8.279,4.602,10000.0
8,75425.0,10162.914,5.854,5.228,10000.0
8,75426.0,9701.645999999999,5.211,5.48,10000.0
8,75427.0,10063.170999999998,12.714,5.526,10000.0
8,75428.0,10813.127,25.301,5.396,10000.0
8,75429.0,9408.122,9.366,5.257,10000.0
8,75430.0,9828.58,6.108,4.669,10000.0
8,75431.0,10098.238000000001,43.67,5.13,10000.0
8,75432.0,9839.195,10.877,3.413,10000.0
8,75433.0,10109.527,12.177,5.855,10000.0
8,75434.0,10698.01,17.592,4.361,10000.0
8,75435.0,9226.302,3.896,1.99,10000.0
8,75436.0,10249.26,7.62,5.288,10000.0
8,75437.0,9841.257000000001,10.597,4.949,10000.0
8,75438.0,9932.85,6.018,1.896,10000.0
8,75439.0,9922.999,8.119,5.363,10000.0
8,75440.0,10355.354000000001,9.55,4.463,10000.0
8,75441.0,9658.076,7.993,3.848,10000.0
8,75442.0,10067.392,38.415,3.043,10000.0
8,75443.0,12649.172999999999,6.142,3.136,10000.0
8,75444.0,7443.148999999999,34.663,18.228,10000.0
8,75445.0,13072.567000000001,8.132,3.926,10000.0
8,75446.0,7944.499000000001,15.274,6.374,10000.0
8,75447.0,8801.566,5.541,3.037,10000.0
8,75448.0,10127.113,30.783,3.557,10000.0
8,75449.0,9869.731,5.281,3.412,10000.0
8,75450.0,10040.35,4.531,2.76,10000.0
8,75451.0,10144.253,41.417,6.111,10000.0
8,75452.0,11441.074,4.259,3.269,10000.0
8,75453.0,8727.402,34.104,7.409,10000.0
8,75454.0,9805.486,11.124,4.341,10000.0
8,75455.0,9941.083,10.619,5.068,10000.0
8,75456.0,9924.666000000001,7.455,12.699,10000.0
8,75457.0,10138.948999999999,5.442,2.985,10000.0
8,75458.0,9851.192,5.644,4.406,10000.0
8,75459.0,10116.394,10.398,3.003,10000.0
8,75460.0,9968.428999999998,8.173,51.288,10000.0
8,75461.0,9891.911,6.096,3.817,10000.0
8,75462.0,10001.891000000001,6.094,2.473,10000.0
8,75463.0,10180.097000000002,5.437,4.026,10000.0
8,75464.0,9926.921,4.629,2.181,10000.0
8,75465.0,11112.969000000001,47.851,4.777,10000.0
8,75466.0,8921.005,14.137,3.728,10000.0
8,75467.0,10014.828,6.822,6.001,10000.0
8,75468.0,12018.171,36.596,3.667,10000.0
8,75469.0,7922.982,4.92,2.462,10000.0
8,75470.0,10162.338,6.535,4.813,10000.0
8,75471.0,9865.545999999998,4.798,2.383,10000.0
8,75472.0,10043.473,7.79,4.445,10000.0
8,75473.0,9962.413999999999,5.33,2.642,10000.0
8,75474.0,9883.652999999998,5.662,2.607,10000.0
8,75475.0,10068.716,8.248,98.359,10000.0
8,75476.0,9951.273,4.0,1.576,10000.0
8,75477.0,9948.105000000001,5.417,3.061,10000.0
8,75478.0,10139.796,6.298,2.198,10000.0
8,75479.0,9940.608,3.98,3.304,10000.0
8,75480.0,9930.998,6.146,3.953,10000.0
8,75481.0,10144.344,6.659,4.092,10000.0
8,75482.0,11103.562000000002,7.021,4.054,10000.0
8,75483.0,11904.26,4.766,2.28,10000.0
8,75484.0,8777.169,6.581,3.248,10000.0
8,75485.0,8071.817,5.945,2.602,10000.0
8,75486.0,10280.733,22.076,5.556,10000.0
8,75487.0,9731.621,6.81,33.139,10000.0
8,75488.0,10124.2,6.318,26.054,10000.0
8,75489.0,10192.964,8.641,6.697,10000.0
8,75490.0,9966.612,5.647,4.671,10000.0
8,75491.0,9722.417000000001,4.352,9.58,10000.0
8,75492.0,10012.109999999999,5.801,4.47,10000.0
8,75493.0,10127.311,6.69,4.885,10000.0
8,75494.0,9839.41,4.442,2.537,10000.0
8,75495.0,10025.702,13.92,3.1,10000.0
8,75496.0,10033.535,5.268,2.572,10000.0
8,75497.0,9935.713,4.892,4.123,10000.0
8,75498.0,10148.522,7.362,3.371,10000.0
8,75499.0,11236.971,31.952,6.368,10000.0
8,75500.0,8625.291000000001,3.687,3.389,10000.0
8,75501.0,10053.650000000001,7.445,7.932,10000.0
8,75502.0,10304.697999999999,5.467,4.825,10000.0
8,75503.0,9664.173999999999,6.793,5.74,10000.0
8,75504.0,10047.456,8.11,9.878,10000.0
8,75505.0,10023.893,7.345,2.567,10000.0
8,75506.0,9938.518,7.562,5.561,10000.0
8,75507.0,10018.309,5.381,3.697,10000.0
8,75508.0,9973.051,3.651,2.322,10000.0
8,75509.0,9968.139000000001,5.981,4.672,10000.0
8,75510.0,11005.526,4.546,3.049,10000.0
8,75511.0,9428.822,635.833,3.454,10000.0
8,75512.0,9970.642,12.042,4.785,10000.0
8,75513.0,9608.812,4.786,2.758,10000.0
8,75514.0,10067.660000000002,7.839,8.384,10000.0
8,75515.0,9974.918,6.417,4.004,10000.0
8,75516.0,10004.624,9.111,4.661,10000.0
8,75517.0,10052.364,7.69,6.885,10000.0
8,75518.0,9889.14,6.948,6.695,10000.0
8,75519.0,10028.989,5.442,2.321,10000.0
8,75520.0,9970.407000000001,4.792,1.485,10000.0
8,75521.0,10144.034,5.017,4.766,10000.0
8,75522.0,9929.625,4.239,1.852,10000.0
8,75523.0,10002.35,7.367,4.864,10000.0
8,75524.0,10014.442000000001,4.708,2.58,10000.0
8,75525.0,9950.571,6.056,4.205,10000.0
8,75526.0,9998.688,6.224,3.372,10000.0
8,75527.0,9969.709,4.491,3.401,10000.0
8,75528.0,10081.113,16.468,4.08,10000.0
8,75529.0,10184.054999999998,3.85,2.169,10000.0
8,75530.0,9909.211,38.091,3.114,10000.0
8,75531.0,10364.798999999999,29.85,3.493,10000.0
8,75532.0,9918.704,42.132,2.554,10000.0
8,75533.0,9731.013,42.119,9.266,10000.0
8,75534.0,9947.338,15.961,8.624,10000.0
8,75535.0,9863.835,7.403,5.66,10000.0
8,75536.0,12925.089,6.755,4.934,10000.0
8,75537.0,7081.658,7.508,4.356,10000.0
8,75538.0,10175.485999999999,10.085,4.285,10000.0
9,75539.0,9909.483,60.235,4.862,10000.0
9,75540.0,10210.886,19.704,9.084,10000.0
9,75541.0,9692.998,9.53,4.826,10000.0
9,75542.0,10177.044,4.702,23.812,10000.0
9,75543.0,9940.338,4.231,3.636,10000.0
9,75544.0,11949.262999999999,11.075,3.223,10000.0
9,75545.0,7953.082,4.385,1.85,10000.0
9,75546.0,10085.887,7.777,6.529,10000.0
9,75547.0,9919.7,5.17,5.112,10000.0
9,75548.0,10105.146,8.098,3.932,10000.0
9,75549.0,9945.096000000001,4.036,1.91,10000.0
9,75550.0,10417.467,8.356,12.74,10000.0
9,75551.0,9604.589,7.076,7.633,10000.0
9,75552.0,9949.457999999999,4.782,2.74,10000.0
9,75553.0,10686.396,7.853,2.839,10000.0
9,75554.0,9320.096,3.546,7.223,10000.0
9,75555.0,10069.013,5.971,3.229,10000.0
9,75556.0,9948.715,4.066,1.908,10000.0
9,75557.0,9928.378,4.773,2.638,10000.0
9,75558.0,10005.150000000001,6.965,3.09,10000.0
9,75559.0,10068.165,5.483,3.729,10000.0
9,75560.0,10357.397,34.338,5.046,10000.0
9,75561.0,9623.537999999999,9.76,3.608,10000.0
9,75562.0,10189.968,27.676,4.908,10000.0
9,75563.0,10146.557999999999,49.689,15.901,10000.0
9,75564.0,9884.06,44.783,3.951,10000.0
9,75565.0,10878.880000000001,48.383,8.448,10000.0
9,75566.0,9013.773,5.606,3.888,10000.0
9,75567.0,9885.385,71.588,6.822,10000.0
9,75568.0,9978.551000000001,5.971,3.858,10000.0
9,75569.0,10122.998,7.919,3.86,10000.0
9,75570.0,9828.214,4.669,26.914,10000.0
9,75571.0,10045.847,5.411,2.408,10000.0
9,75572.0,9950.439,4.518,1.925,10000.0
9,75573.0,10044.141,5.436,4.304,10000.0
9,75574.0,9927.292000000001,5.313,3.313,10000.0
9,75575.0,10001.497,5.409,2.131,10000.0
9,75576.0,10042.17,4.302,1.926,10000.0
9,75577.0,10921.932,3.863,1.81,10000.0
9,75578.0,9329.444,41.712,3.448,10000.0
9,75579.0,9922.489,39.19,4.109,10000.0
9,75580.0,9941.612000000001,7.456,3.741,10000.0
9,75581.0,10214.908,29.548,2.804,10000.0
9,75582.0,9962.295,39.084,11.703,10000.0
9,75583.0,9767.274,19.496,23.962,10000.0
9,75584.0,10046.046,9.435,5.031,10000.0
9,75585.0,9902.984999999999,8.477,2.783,10000.0
9,75586.0,9986.972,5.756,6.438,10000.0
9,75587.0,10154.363,4.516,2.113,10000.0
9,75588.0,9894.054,5.677,1.319,10000.0
9,75589.0,9973.159,4.316,2.079,10000.0
9,75590.0,10063.100999999999,5.091,1.5,10000.0
9,75591.0,10036.358,7.372,4.308,10000.0
9,75592.0,9900.242,5.963,3.436,10000.0
9,75593.0,10019.518999999998,4.29,4.802,10000.0
9,75594.0,10077.087,8.392,3.059,10000.0
9,75595.0,9878.445,11.011,3.488,10000.0
9,75596.0,10201.474,841.046,3.963,10000.0
9,75597.0,9863.989,5.204,3.626,10000.0
9,75598.0,9932.394,5.119,2.924,10000.0
9,75599.0,11117.514000000001,7.119,4.346,10000.0
9,75600.0,9952.243,5.493,2.264,10000.0
9,75601.0,8939.574,5.658,3.477,10000.0
9,75602.0,10216.011,6.833,5.297,10000.0
9,75603.0,9901.963,5.378,2.145,10000.0
9,75604.0,9866.592,4.095,1.45,10000.0
9,75605.0,10341.365,6.097,3.325,10000.0
9,75606.0,9938.798,21.752,25.53,10000.0
9,75607.0,13594.576000000001,4.802,2.372,10000.0
9,75608.0,6165.8279999999995,6.652,4.887,10000.0
9,75609.0,10144.112000000001,6.11,2.823,10000.0
9,75610.0,9941.637999999999,5.548,3.311,10000.0
9,75611.0,10349.113,9.448,7.541,10000.0
9,75612.0,11046.43,14.39,4.274,10000.0
9,75613.0,8653.43,16.181,5.382,10000.0
9,75614.0,9911.501,4.934,2.406,10000.0
9,75615.0,10064.572,9.865,8.829,10000.0
9,75616.0,9982.713000000002,6.33,7.117,10000.0
9,75617.0,10023.096,7.86,4.104,10000.0
9,75618.0,9867.542,6.425,5.469,10000.0
9,75619.0,10015.003999999999,8.106,2075.688,10000.0
9,75620.0,10036.065999999999,5.415,5.862,10000.0
9,75621.0,10023.976,5.806,2.742,10000.0
9,75622.0,10175.821,49.674,2.842,10000.0
9,75623.0,9947.038,17.359,5.463,10000.0
9,75624.0,9988.779,7.401,4.691,10000.0
9,75625.0,9825.067,5.591,3.211,10000.0
9,75626.0,9980.546999999999,4.808,4.792,10000.0
9,75627.0,9998.81,5.757,3.66,10000.0
9,75628.0,10006.097,5.297,2.339,10000.0
9,75629.0,10181.379,28.237,4.359,10000.0
9,75630.0,11105.737,54.109,16.601,10000.0
9,75631.0,9379.988000000001,41.342,4.561,10000.0
9,75632.0,9671.612,38.173,4.675,10000.0
9,75633.0,9670.381000000001,5.132,36.711,10000.0
9,75634.0,10028.242,5.686,2.355,10000.0
9,75635.0,10287.952,7.717,12.547,10000.0
9,75636.0,9709.322,6.958,31.057,10000.0
9,75637.0,10106.148000000001,4.516,1.372,10000.0
9,75638.0,9870.748,30.742,3.318,10000.0
9,75639.0,12078.166,6.481,6.542,10000.0
9,75640.0,8071.706999999999,8.785,2.08,10000.0
9,75641.0,9891.642000000002,5.956,3.257,10000.0
9,75642.0,10013.524,5.235,2.874,10000.0
9,75643.0,10525.362,8.447,4.152,10000.0
9,75644.0,9611.236,34.448,4.3,10000.0
9,75645.0,10148.445000000002,36.531,5.496,10000.0
9,75646.0,9689.91,15.11,5.107,10000.0
9,75647.0,10005.432999999999,7.737,4.197,10000.0
9,75648.0,10046.116,5.659,3.129,10000.0
9,75649.0,9925.612000000001,5.232,11.345,10000.0
9,75650.0,10014.343,7.385,4.971,10000.0
9,75651.0,10063.815,19.349,5.357,10000.0
9,75652.0,9890.948999999999,4.88,2.525,10000.0
9,75653.0,10347.501,6.816,6.413,10000.0
9,75654.0,9664.611,5.415,4.382,10000.0
9,75655.0,10029.161,5.935,6.584,10000.0
9,75656.0,10045.847,7.001,5.718,10000.0
9,75657.0,10004.717,5.827,2.835,10000.0
9,75658.0,9947.693000000001,5.966,5.043,10000.0
9,75659.0,10124.721,5.501,3.386,10000.0
9,75660.0,10435.547,23.312,2.232,10000.0
9,75661.0,9482.002999999999,6.76,4.105,10000.0
9,75662.0,12325.112,4.419,1.541,10000.0
9,75663.0,7866.379,49.614,4.859,10000.0
9,75664.0,10017.715999999999,30.815,5.315,10000.0
9,75665.0,10038.39,10.874,37.779,10000.0
9,75666.0,9713.046,8.666,26.855,10000.0
9,75667.0,10011.542,7.612,8.266,10000.0
9,75668.0,9942.539999999999,5.139,3.971,10000.0
9,75669.0,10114.802000000001,8.209,6.257,10000.0
9,75670.0,10076.848,8.283,73.61,10000.0
9,75671.0,9867.769,6.097,73.97,10000.0
9,75672.0,10904.036,5.994,3.434,10000.0
9,75673.0,9280.646999999999,8.921,4.773,10000.0
9,75674.0,9792.135,6.254,5.003,10000.0
9,75675.0,11969.913,155.283,15.347,10000.0
9,75676.0,8046.262000000001,5.743,3.748,10000.0
9,75677.0,9991.521,7.82,5.287,10000.0
9,75678.0,9974.255,5.9,2.574,10000.0
9,75679.0,11072.551,6.643,3.22,10000.0
9,75680.0,9025.006000000001,46.005,17.547,10000.0
9,75681.0,13002.251,7.812,5.042,10000.0
9,75682.0,8053.447999999999,8.011,4.84,10000.0
9,75683.0,8946.76,7.781,4.959,10000.0
9,75684.0,9893.09,5.984,3.471,10000.0
9,75685.0,11300.529,6.863,4.723,10000.0
9,75686.0,9030.572,6.076,3.806,10000.0
9,75687.0,9779.664999999999,7.442,5.918,10000.0
9,75688.0,10102.915,7.331,5.355,10000.0
9,75689.0,10014.172,8.226,5.524,10000.0
9,75690.0,9873.155999999999,5.585,4.584,10000.0
9,75691.0,10030.971,5.882,5.636,10000.0
9,75692.0,13041.644,6.561,3.652,10000.0
9,75693.0,7028.4400000000005,7.869,18.007,10000.0
9,75694.0,9950.113,7.5,5.859,10000.0
9,75695.0,9972.889000000001,7.595,4.514,10000.0
9,75696.0,9952.358999999999,7.539,4.579,10000.0
9,75697.0,10532.954,9.517,4.565,10000.0
9,75698.0,9743.917,40.908,4.402,10000.0
9,75699.0,10061.593,25.829,3.978,10000.0
9,75700.0,9955.798999999999,19.447,6.912,10000.0
9,75701.0,9789.04,8.645,3.359,10000.0
9,75702.0,9951.176000000001,6.358,11.637,10000.0
9,75703.0,11246.439,7.896,17.923,10000.0
9,75704.0,8715.373,8.086,6.64,10000.0
9,75705.0,10027.886,6.26,4.825,10000.0
9,75706.0,9920.137,4.292,3.661,10000.0
9,75707.0,9999.788,6.988,5.014,10000.0
9,75708.0,10102.295,29.331,16.874,10000.0
9,75709.0,9999.093,5.812,6.751,10000.0
9,75710.0,9990.152,5.334,2.657,10000.0
9,75711.0,9874.521,4.518,1.667,10000.0
9,75712.0,10141.156,28.15,3.889,10000.0
9,75713.0,10019.346,25.021,19.521,10000.0
9,75714.0,10087.057999999999,5.364,6.534,10000.0
9,75715.0,9844.029,7.117,13.986,10000.0
9,75716.0,10115.741,20.969,3.418,10000.0
9,75717.0,9838.831,6.062,2.781,10000.0
9,75718.0,10263.156,5.715,3.109,10000.0
9,75719.0,9697.438,4.609,2.195,10000.0
9,75720.0,10175.893,43.564,18.451,10000.0
9,75721.0,9978.364,8.211,5.422,10000.0
9,75722.0,9932.821999999998,26.993,7.13,10000.0
9,75723.0,11028.527,7.523,17.906,10000.0
9,75724.0,9096.055,8.673,3.832,10000.0
9,75725.0,9962.391,7.198,3.817,10000.0
9,75726.0,10142.549,31.353,4.88,10000.0
9,75727.0,9725.695,9.867,38.432,10000.0
9,75728.0,10035.38,5.153,4.37,10000.0
9,75729.0,9991.824,6.762,5.518,10000.0
9,75730.0,9986.682999999999,5.604,5.91,10000.0
9,75731.0,10129.23,7.701,5.369,10000.0
9,75732.0,9862.239,7.378,5.508,10000.0
9,75733.0,9983.466999999999,7.377,5.223,10000.0
9,75734.0,10058.961,6.582,3.742,10000.0
9,75735.0,9964.951,6.979,4.259,10000.0
9,75736.0,10327.837,89.374,4.836,10000.0
9,75737.0,9640.447999999999,7.14,5.986,10000.0
9,75738.0,9986.112000000001,6.576,4.937,10000.0
9,75739.0,10149.503,4.898,2.382,10000.0
9,75740.0,9904.42,6.559,4.304,10000.0
9,75741.0,9933.375,4.645,2.158,10000.0
9,75742.0,10003.958999999999,3.802,2.372,10000.0
9,75743.0,10046.809000000001,5.303,2.541,10000.0
9,75744.0,9964.771,4.981,1.7,10000.0
9,75745.0,9998.911,4.384,12.622,10000.0
9,75746.0,12571.156,4.508,2.478,10000.0
9,75747.0,9689.905,5.515,3.257,10000.0
9,75748.0,7886.334,21.895,7.019,10000.0
9,75749.0,10423.431,5.664,2.287,10000.0
9,75750.0,9463.371,5.276,2.316,10000.0
9,75751.0,10234.612000000001,10.66,5.748,10000.0
9,75752.0,9748.062,5.128,8.346,10000.0
9,75753.0,9972.49,5.751,13.948,10000.0
9,75754.0,10039.414,6.514,3.742,10000.0
9,75755.0,10187.788,10.682,27.783,10000.0
9,75756.0,9875.005,58.874,17.059,10000.0
9,75757.0,9918.569,5.292,2.202,10000.0
9,75758.0,10066.029,8.579,4.398,10000.0
9,75759.0,10154.275000000001,7.728,3.864,10000.0
9,75760.0,9801.957,4.204,2.213,10000.0
9,75761.0,9989.511,42.341,1.611,10000.0
9,75762.0,10034.006,16.541,2.955,10000.0
9,75763.0,10209.054,5.584,2.338,10000.0
9,75764.0,9810.544,6.051,2.95,10000.0
9,75765.0,9964.066,6.494,2.546,10000.0
9,75766.0,10161.469,40.373,5.328,10000.0
9,75767.0,9943.354,26.594,32.954,10000.0
9,75768.0,10193.26,11.114,15.845,10000.0
9,75769.0,9905.168000000001,27.92,5.639,10000.0
9,75770.0,10081.334,41.2,34.394,10000.0
9,75771.0,10041.994,34.923,3.359,10000.0
9,75772.0,10270.886999999999,29.361,10.646,10000.0
9,75773.0,9346.744,6.628,4.116,10000.0
9,75774.0,10056.324999999999,8.808,6.522,10000.0
9,75775.0,10176.445,9.049,6.261,10000.0
9,75776.0,10132.182,13.105,2.771,10000.0
9,75777.0,10366.823,4.525,1.655,10000.0
9,75778.0,9405.912,10.069,5.562,10000.0
9,75779.0,9907.958,5.844,3.439,10000.0
9,75780.0,9968.681,5.272,4.656,10000.0
9,75781.0,10056.789999999999,4.337,2.818,10000.0
9,75782.0,10600.966,7.439,4.682,10000.0
9,75783.0,9491.487,5.891,7.26,10000.0
9,75784.0,9843.33,4.211,2.408,10000.0
9,75785.0,10006.967999999999,6.307,2.159,10000.0
9,75786.0,10187.148,7.661,3.765,10000.0
9,75787.0,10491.093,14.469,8.638,10000.0
9,75788.0,9337.583999999999,6.963,7.659,10000.0
9,75789.0,10169.284000000001,7.29,3.941,10000.0
9,75790.0,9983.565,7.772,7.549,10000.0
9,75791.0,9910.187000000002,17.48,2.909,10000.0
9,75792.0,11009.794,4.338,2.562,10000.0
9,75793.0,9080.997000000001,43.518,4.408,10000.0
9,75794.0,10032.767,20.345,13.583,10000.0
9,75795.0,9862.737,15.579,30.066,10000.0
9,75796.0,9931.72,5.252,2.151,10000.0
9,75797.0,11073.177,5.424,2.952,10000.0
9,75798.0,10003.601,3.504,1.903,10000.0
9,75799.0,8926.664,6.007,4.878,10000.0
9,75800.0,10021.264000000001,7.865,3.775,10000.0
9,75801.0,10148.828,5.243,3.807,10000.0
9,75802.0,9832.868,5.548,4.222,10000.0
9,75803.0,10047.214,7.41,4.08,10000.0
9,75804.0,11607.849,7.555,4.796,10000.0
9,75805.0,8392.29,56.874,7.598,10000.0
9,75806.0,9998.961000000001,16.056,5.963,10000.0
9,75807.0,9966.603,6.31,11.399,10000.0
9,75808.0,10021.392,8.887,4.092,10000.0
9,75809.0,10031.657,10.726,2.772,10000.0
9,75810.0,9985.6,6.201,5.668,10000.0
9,75811.0,9958.934,7.098,7.192,10000.0
9,75812.0,10042.992,5.914,5.588,10000.0
9,75813.0,10048.282000000001,5.878,5.554,10000.0
9,75814.0,9998.796,5.406,6.971,10000.0
9,75815.0,10009.1,7.956,6.244,10000.0
9,75816.0,10037.548999999999,6.42,4.376,10000.0
9,75817.0,10412.532000000001,7.017,4.363,10000.0
9,75818.0,9987.793,15.65,15.495,10000.0
9,75819.0,9681.758,14.252,3.514,10000.0
9,75820.0,10923.363,6.132,2.796,10000.0
9,75821.0,8886.169,7.318,4.212,10000.0
9,75822.0,9969.447,4.452,9.032,10000.0
9,75823.0,10018.416000000001,4.424,2.539,10000.0
9,75824.0,10034.758,5.93,5.368,10000.0
9,75825.0,9958.025000000001,5.757,3.558,10000.0
9,75826.0,9979.309000000001,7.829,4.542,10000.0
9,75827.0,10052.692000000001,7.071,4.51,10000.0
9,75828.0,10041.239,8.137,5.189,10000.0
9,75829.0,9909.522,16.1,1.476,10000.0
9,75830.0,10250.15,38.923,3.759,10000.0
9,75831.0,9982.061,40.469,4.886,10000.0
9,75832.0,9997.911,8.668,4.898,10000.0
9,75833.0,9786.607,7.633,10.182,10000.0
9,75834.0,10220.475999999999,7.746,4.765,10000.0
9,75835.0,9768.041,5.78,1.915,10000.0
9,75836.0,10492.414,7.722,37.21,10000.0
9,75837.0,9664.443,8.993,5.331,10000.0
9,75838.0,9925.64,9.278,4.511,10000.0
9,75839.0,9964.572,14.277,8.844,10000.0
9,75840.0,10228.176,7.648,4.088,10000.0
9,75841.0,9772.723,4.269,1.598,10000.0
9,75842.0,12496.304999999998,11.998,3.625,10000.0
9,75843.0,7557.874,6.456,2.938,10000.0
9,75844.0,10752.417,5.935,2.537,10000.0
9,75845.0,9241.427,18.239,20.219,10000.0
9,75846.0,10678.707,7.61,7.216,10000.0
9,75847.0,9982.51,5.495,3.185,10000.0
9,75848.0,9264.07,11.718,4.692,10000.0
9,75849.0,10901.907000000001,7.113,368.737,10000.0
9,75850.0,9091.687,7.616,5.257,10000.0
9,75851.0,10325.035,6.685,4.015,10000.0
9,75852.0,11953.374,10.338,22.525,10000.0
9,75853.0,8080.709,4.027,2.959,10000.0
9,75854.0,9582.239,4.124,2.683,10000.0
9,75855.0,10140.804,16.289,4.399,10000.0
9,75856.0,10303.852,8.161,4.953,10000.0
9,75857.0,9858.071,5.635,3.43,10000.0
9,75858.0,9741.49,29.518,30.336,10000.0
9,75859.0,10180.649,7.325,3.452,10000.0
9,75860.0,9806.479,8.212,1.8,10000.0
9,75861.0,11092.278,4.72,3.228,10000.0
9,75862.0,9661.553,5.277,3.631,10000.0
9,75863.0,9607.363000000001,170.918,5.358,10000.0
9,75864.0,9821.068000000001,44.001,5.768,10000.0
9,75865.0,11965.173,7.822,5.059,10000.0
9,75866.0,7897.889,27.393,9.289,10000.0
9,75867.0,10327.812,8.176,4.987,10000.0
9,75868.0,9606.362000000001,4.333,1.73,10000.0
9,75869.0,10150.644,24.017,4.775,10000.0
9,75870.0,10862.061,17.224,17.72,10000.0
9,75871.0,9196.505000000001,6.367,2.784,10000.0
9,75872.0,10032.618,8.376,5.29,10000.0
9,75873.0,9863.69,7.94,4.063,10000.0
9,75874.0,9913.002,5.36,2.454,10000.0
9,75875.0,10006.365,7.22,4.847,10000.0
9,75876.0,10024.251,5.114,2.353,10000.0
9,75877.0,10024.792,5.39,2.376,10000.0
9,75878.0,9929.533000000001,5.341,3.385,10000.0
9,75879.0,10218.767,9.311,7.151,10000.0
9,75880.0,9912.295999999998,3.541,1.825,10000.0
9,75881.0,10516.777999999998,6.269,2.511,10000.0
9,75882.0,9482.121,5.111,2.23,10000.0
9,75883.0,9877.868,4.764,3.096,10000.0
9,75884.0,9994.693000000001,4.435,1.938,10000.0
9,75885.0,10155.157,8.421,4.8,10000.0
9,75886.0,9926.652,5.248,2.609,10000.0
9,75887.0,9958.747000000001,4.993,2.117,10000.0
9,75888.0,9980.635999999999,4.6,3.268,10000.0
9,75889.0,10117.327000000001,5.885,3.764,10000.0
9,75890.0,10503.357,36.235,3.229,10000.0
9,75891.0,10016.152,25.039,2.22,10000.0
9,75892.0,9563.176,28.122,2.513,10000.0
9,75893.0,10209.454,68.693,4.191,10000.0
9,75894.0,9632.604,9.291,7.645,10000.0
9,75895.0,10159.106,25.468,3.215,10000.0
9,75896.0,10060.461,44.669,18.112,10000.0
9,75897.0,10699.179,12.781,4.349,10000.0
9,75898.0,9001.701000000001,4.446,2.715,10000.0
9,75899.0,10022.226,13.327,5.014,10000.0
9,75900.0,10175.111,4.889,3.009,10000.0
9,75901.0,9833.293,5.974,3.376,10000.0
9,75902.0,10032.777,5.459,12.635,10000.0
9,75903.0,10063.983,4.018,1.486,10000.0
9,75904.0,9932.617,47.111,8.859,10000.0
9,75905.0,10187.654,40.949,4.32,10000.0
9,75906.0,9989.486,7.26,1.382,10000.0
9,75907.0,9807.686,4.739,30.446,10000.0
9,75908.0,10100.533,11.659,22.733,10000.0
9,75909.0,10193.03,39.696,5.481,10000.0
9,75910.0,9703.329,10.603,568.562,10000.0
9,75911.0,10146.695000000002,7.994,8.054,10000.0
9,75912.0,9979.487000000001,6.192,4.672,10000.0
9,75913.0,9945.902,5.551,3.114,10000.0
9,75914.0,9947.185000000001,6.9,3.526,10000.0
9,75915.0,10200.628,34.163,2.905,10000.0
9,75916.0,10058.09,22.381,6.389,10000.0
9,75917.0,10008.289,14.454,3.964,10000.0
9,75918.0,9978.489,13.959,3.802,10000.0
9,75919.0,9889.537,14.258,11.871,10000.0
9,75920.0,9993.437000000002,6.79,21.212,10000.0
9,75921.0,10154.503,6.605,4.58,10000.0
9,75922.0,9829.440999999999,5.621,2.344,10000.0
9,75923.0,9869.549,5.633,4.039,10000.0
9,75924.0,10032.023,10.824,3.488,10000.0
9,75925.0,9940.425,4.841,4.353,10000.0
9,75926.0,10029.192,5.712,2.96,10000.0
9,75927.0,10054.798999999999,5.554,2.285,10000.0
9,75928.0,9972.375,4.578,3.376,10000.0
9,75929.0,10057.015000000001,4.696,3.323,10000.0
9,75930.0,9934.971000000001,6.193,3.206,10000.0
9,75931.0,10033.494,9.556,4.241,10000.0
9,75932.0,11064.112,5.03,2.798,10000.0
9,75933.0,8923.171,5.974,3.258,10000.0
9,75934.0,9981.809,37.965,4.255,10000.0
9,75935.0,10079.576,14.921,10.364,10000.0
9,75936.0,9896.132,5.345,3.967,10000.0
9,75937.0,10191.926000000001,10.251,5.254,10000.0
9,75938.0,9799.09,3.833,2.94,10000.0
9,75939.0,10056.262999999999,5.135,5.275,10000.0
9,75940.0,9949.554,5.519,2.55,10000.0
9,75941.0,9977.992,4.075,1.998,10000.0
9,75942.0,10042.811,5.712,2.544,10000.0
9,75943.0,9971.572999999999,8.59,4.776,10000.0
9,75944.0,10010.795,4.99,3.035,10000.0
9,75945.0,10112.489000000001,9.45,3.908,10000.0
9,75946.0,9879.199999999999,4.772,3.113,10000.0
9,75947.0,10035.986,4.245,2.707,10000.0
9,75948.0,10036.347,5.227,2.962,10000.0
9,75949.0,9918.973,4.654,4.909,10000.0
9,75950.0,10090.635,3.981,2.068,10000.0
9,75951.0,9913.920999999998,5.426,2.767,10000.0
9,75952.0,10561.816,4.141,2.289,10000.0
9,75953.0,9466.257,5.051,3.78,10000.0
9,75954.0,9985.794,4.301,2.04,10000.0
9,75955.0,10136.512,5.697,4.096,10000.0
9,75956.0,9935.835000000001,5.168,8.399,10000.0
9,75957.0,9931.784000000001,5.881,1.817,10000.0
9,75958.0,11615.287,6.052,3.487,10000.0
9,75959.0,8834.51,30.56,9.911,10000.0
9,75960.0,9576.728,7.057,16.541,10000.0
9,75961.0,12070.881000000001,4.894,3.48,10000.0
9,75962.0,7969.530000000001,5.685,5.889,10000.0
9,75963.0,10068.692000000001,13.917,3.833,10000.0
9,75964.0,10076.155,10.176,8.048,10000.0
9,75965.0,9758.546,4.475,2.948,10000.0
9,75966.0,10166.428,5.026,3.857,10000.0
9,75967.0,9841.422,5.586,2.932,10000.0
9,75968.0,10023.25,4.965,3.775,10000.0
9,75969.0,10034.349,5.824,1.794,10000.0
9,75970.0,10077.55,34.907,4.048,10000.0
9,75971.0,9926.512,7.254,2.709,10000.0
9,75972.0,10050.501,4.355,2.442,10000.0
9,75973.0,9938.318,7.087,5.417,10000.0
9,75974.0,9940.727,4.934,2.976,10000.0
9,75975.0,10026.988000000001,7.818,2.509,10000.0
9,75976.0,10209.262,18.545,10.091,10000.0
9,75977.0,10045.657,7.098,4.689,10000.0
9,75978.0,9779.019999999999,10.495,4.476,10000.0
9,75979.0,10159.799,6.237,3.956,10000.0
9,75980.0,9874.851,7.79,4.025,10000.0
9,75981.0,10033.773,6.498,5.946,10000.0
9,75982.0,9890.207999999999,5.181,2.414,10000.0
9,75983.0,10033.574999999999,8.37,14.271,10000.0
9,75984.0,10236.535,8.47,4.571,10000.0
9,75985.0,9836.993,9.57,6.091,10000.0
9,75986.0,9911.713000000002,7.101,6.693,10000.0
9,75987.0,10153.464,2352.535,6.631,10000.0
9,75988.0,9858.362000000001,6.612,7.994,10000.0
9,75989.0,9957.074999999999,5.182,4.394,10000.0
9,75990.0,10125.016000000001,5.068,2.829,10000.0
9,75991.0,10184.846,7.245,4.049,10000.0
9,75992.0,12275.395,4.096,1.453,10000.0
9,75993.0,7513.407,10.613,39.513,10000.0
9,75994.0,9905.732,4.379,2.373,10000.0
9,75995.0,10100.427,7.694,4.638,10000.0
9,75996.0,10037.337,8.751,4.971,10000.0
9,75997.0,10221.107,10.233,3.126,10000.0
9,75998.0,9767.689,10.844,6.566,10000.0
9,75999.0,10237.194,8.378,78.243,10000.0
9,76000.0,9722.694000000001,7.62,3.913,10000.0
9,76001.0,10217.088,7.825,6.027,10000.0
9,76002.0,9740.519,4.207,3.811,10000.0
9,76003.0,9970.154,8.205,4.458,10000.0
9,76004.0,10071.517,87.119,4.42,10000.0
9,76005.0,10124.589,11.94,3.424,10000.0
9,76006.0,9886.701,4.575,3.634,10000.0
9,76007.0,10002.929,7.554,2.695,10000.0
9,76008.0,9883.828000000001,4.351,2.908,10000.0
9,76009.0,9992.796,3.487,1.502,10000.0
9,76010.0,10193.677,7.926,5.315,10000.0
9,76011.0,9949.777,4.994,2.543,10000.0
9,76012.0,12281.267,8.648,5.321,10000.0
9,76013.0,7610.1449999999995,6.72,4.369,10000.0
9,76014.0,11205.642,43.033,4.037,10000.0
9,76015.0,8804.755,10.186,31.077,10000.0
9,76016.0,10008.459,7.153,5.665,10000.0
9,76017.0,10837.563,4.797,2.102,10000.0
9,76018.0,10123.634,11.543,4.694,10000.0
9,76019.0,9357.898,4.908,3.057,10000.0
9,76020.0,9732.389,6.702,2.882,10000.0
9,76021.0,9931.927,5.191,3.315,10000.0
9,76022.0,10535.305,3.663,1.885,10000.0
9,76023.0,9561.276,6.952,7.533,10000.0
9,76024.0,9968.871000000001,7.875,4.555,10000.0
9,76025.0,10603.84,38.012,6.031,10000.0
9,76026.0,9339.944,4.808,5.771,10000.0
9,76027.0,10187.353,8.436,4.852,10000.0
9,76028.0,10049.534000000001,6.262,2.276,10000.0
9,76029.0,9758.607,6.215,3.168,10000.0
9,76030.0,9984.443000000001,6.21,5.876,10000.0
9,76031.0,10123.965,8.967,11.678,10000.0
9,76032.0,10843.754,8.959,14.014,10000.0
9,76033.0,9043.216999999999,5.444,3.699,10000.0
9,76034.0,10166.895,39.405,4.609,10000.0
9,76035.0,11293.009,7.704,3.679,10000.0
9,76036.0,9944.282000000001,6.273,23.218,10000.0
9,76037.0,8894.407,13.649,3.223,10000.0
9,76038.0,9804.775,9.579,22.923,10000.0
9,76039.0,9896.129,5.722,3.708,10000.0
9,76040.0,10053.611,4.69,3.899,10000.0
9,76041.0,10360.142,7.992,8.722,10000.0
9,76042.0,9664.964,4.011,2.047,10000.0
9,76043.0,9987.783,7.927,6.655,10000.0
9,76044.0,10040.064,5.995,2.143,10000.0
9,76045.0,9933.077000000001,5.345,3.393,10000.0
9,76046.0,9949.643,4.176,2.2,10000.0
9,76047.0,10071.752999999999,3.497,1.982,10000.0
9,76048.0,10074.067000000001,8.34,4.361,10000.0
9,76049.0,9884.495,5.972,2.967,10000.0
9,76050.0,10129.728,7.899,4.737,10000.0
9,76051.0,10692.606,9.01,4.941,10000.0
9,76052.0,9175.098,6.751,3.719,10000.0
9,76053.0,10040.087,94.297,2.18,10000.0
9,76054.0,9974.311,7.473,4.197,10000.0
9,76055.0,12328.699,7.189,5.344,10000.0
9,76056.0,7739.04,7.387,3.243,10000.0
9,76057.0,14249.685,15.909,3.551,10000.0
9,76058.0,5636.325,5.248,1.845,10000.0
9,76059.0,10167.829,4.827,4.552,10000.0
9,76060.0,9858.381,8.798,6.127,10000.0
9,76061.0,10384.237,42.023,6.939,10000.0
9,76062.0,9897.223,6.085,3.814,10000.0
9,76063.0,9965.708999999999,5.586,5.176,10000.0
9,76064.0,9732.556,5.352,6.826,10000.0
9,76065.0,10110.334,8.37,4.533,10000.0
9,76066.0,9891.29,4.45,2.46,10000.0
9,76067.0,11139.838000000002,5.069,2.06,10000.0
9,76068.0,8994.32,34.85,3.26,10000.0
9,76069.0,9885.833999999999,5.583,2.656,10000.0
9,76070.0,10259.112000000001,37.333,4.778,10000.0
9,76071.0,9716.199999999999,4.846,3.023,10000.0
9,76072.0,10007.835,5.615,3.981,10000.0
9,76073.0,10111.883,11.269,3.408,10000.0
9,76074.0,10198.261,10.03,10.418,10000.0
9,76075.0,9829.927,24.009,22.161,10000.0
9,76076.0,9990.858,8.679,4.314,10000.0
9,76077.0,9909.072,3.76,5.109,10000.0
9,76078.0,10080.246,6.929,4.359,10000.0
9,76079.0,9916.169,17.588,3.28,10000.0
9,76080.0,10042.004,5.988,21.057,10000.0
9,76081.0,9978.311,4.146,3.757,10000.0
9,76082.0,9939.528,4.275,3.534,10000.0
9,76083.0,10018.110999999999,6.102,2.424,10000.0
9,76084.0,9980.663,5.184,1.945,10000.0
9,76085.0,9986.124000000002,6.274,4.374,10000.0
9,76086.0,10174.435000000001,4.848,2.541,10000.0
9,76087.0,10456.237000000001,5.847,3.37,10000.0
9,76088.0,9487.75,7.242,4.125,10000.0
9,76089.0,10071.567000000001,12.782,33.214,10000.0
9,76090.0,9871.67,7.389,23.41,10000.0
9,76091.0,10115.702000000001,4.618,3.001,10000.0
9,76092.0,10412.694,5.531,2.944,10000.0
9,76093.0,9588.856,26.069,17.774,10000.0
9,76094.0,9869.729000000001,8.976,4.934,10000.0
9,76095.0,10026.52,7.314,8.352,10000.0
9,76096.0,10000.642,9.254,3.371,10000.0
9,76097.0,10178.546,5.217,2.575,10000.0
9,76098.0,10853.79,4.108,1.944,10000.0
9,76099.0,9041.222,33.445,5.385,10000.0
9,76100.0,9952.451,6.714,4.693,10000.0
9,76101.0,9909.517,4.191,6.131,10000.0
9,76102.0,10174.717,23.646,18.149,10000.0
9,76103.0,10671.412999999999,26.453,3.328,10000.0
9,76104.0,9313.461000000001,1163.151,4.237,10000.0
9,76105.0,9830.58,3.44,4.025,10000.0
9,76106.0,10016.203,5.087,6.078,10000.0
9,76107.0,10062.557999999999,4.989,4.04,10000.0
9,76108.0,10014.054999999998,5.525,3.294,10000.0
9,76109.0,10021.088,5.062,2.835,10000.0
9,76110.0,10628.046,5.413,2.109,10000.0
9,76111.0,9283.578000000001,5.28,3.36,10000.0
9,76112.0,10014.053,8.041,3.051,10000.0
9,76113.0,10297.495,8.362,4.107,10000.0
9,76114.0,9829.81,5.695,3.062,10000.0
9,76115.0,9900.382,12.708,4.838,10000.0
9,76116.0,10017.735999999999,6.788,3.646,10000.0
9,76117.0,10076.258,8.983,2.55,10000.0
9,76118.0,10116.836000000001,8.035,5.306,10000.0
9,76119.0,9760.722,8.309,4.95,10000.0
9,76120.0,9992.743,5.989,2.88,10000.0
9,76121.0,10009.959,8.413,5.007,10000.0
9,76122.0,10106.49,7.272,6.585,10000.0
9,76123.0,9983.851999999999,8.087,3.138,10000.0
9,76124.0,10251.934000000001,5.514,2.859,10000.0
9,76125.0,9661.383000000002,4.243,2.497,10000.0
9,76126.0,10111.475,8.721,3.414,10000.0
9,76127.0,10543.947,4.913,2.046,10000.0
9,76128.0,9435.844000000001,33.706,2.49,10000.0
9,76129.0,9850.865,3.682,2.805,10000.0
9,76130.0,10227.501,37.783,4.341,10000.0
9,76131.0,10038.089,28.745,10.333,10000.0
9,76132.0,10455.962,24.536,4.039,10000.0
9,76133.0,9456.973,27.612,12.99,10000.0
9,76134.0,10091.057,39.693,17.796,10000.0
9,76135.0,9843.027,58.502,3.699,10000.0
9,76136.0,11214.903,6.016,3.727,10000.0
9,76137.0,8905.299,9.912,5.208,10000.0
9,76138.0,9921.895,6.305,2.87,10000.0
9,76139.0,9962.09,3.773,1.822,10000.0
9,76140.0,9926.048,5.316,2.303,10000.0
9,76141.0,10245.649000000001,6.844,4.475,10000.0
9,76142.0,9779.078,6.736,3.54,10000.0
9,76143.0,9962.705,6.11,3.252,10000.0
9,76144.0,10614.414,5.548,2.986,10000.0
9,76145.0,9661.581,26.899,4.582,10000.0
9,76146.0,9767.076,4.01,2.04,10000.0
9,76147.0,10415.951,27.407,3.817,10000.0
9,76148.0,9599.979,9.302,4.245,10000.0
9,76149.0,10946.701,61.1,4.662,10000.0
9,76150.0,9193.569,8.226,5.966,10000.0
9,76151.0,10010.588000000002,6.088,6.365,10000.0
9,76152.0,10052.938,4.498,1.795,10000.0
9,76153.0,9982.107,8.1,4.256,10000.0
9,76154.0,10125.131000000001,6.564,2.775,10000.0
9,76155.0,10031.073999999999,7.039,5.231,10000.0
9,76156.0,9947.018,11.601,5.785,10000.0
9,76157.0,9678.671999999999,7.901,6.114,10000.0
9,76158.0,9980.248000000001,19.343,2.497,10000.0
9,76159.0,10161.359,29.782,15.528,10000.0
9,76160.0,10017.698,11.648,23.143,10000.0
9,76161.0,9857.55,8.107,4.94,10000.0
9,76162.0,10548.247,5.135,3.022,10000.0
9,76163.0,9419.149,11.372,5.535,10000.0
9,76164.0,10264.835,12.781,7.782,10000.0
9,76165.0,9850.958999999999,9.359,3.665,10000.0
9,76166.0,10038.865,6.014,3.193,10000.0
9,76167.0,9855.568000000001,7.645,5.958,10000.0
9,76168.0,10201.671,126.276,6.177,10000.0
9,76169.0,10338.183,5.457,2.563,10000.0
9,76170.0,9437.94,8.133,5.72,10000.0
9,76171.0,10154.546,6.863,7.258,10000.0
9,76172.0,9937.536,5.421,6.738,10000.0
9,76173.0,10162.418,42.724,5.485,10000.0
9,76174.0,9752.833,6.224,3.903,10000.0
9,76175.0,10136.067000000001,7.939,8.508,10000.0
9,76176.0,10003.400000000001,9.212,7.094,10000.0
9,76177.0,9862.526,7.213,17.315,10000.0
9,76178.0,9983.678,5.058,2.99,10000.0
9,76179.0,10072.223,5.322,3.425,10000.0
9,76180.0,9952.87,23.362,2.768,10000.0
9,76181.0,10050.341,7.41,5.831,10000.0
9,76182.0,11135.285,8.503,185.139,10000.0
9,76183.0,8858.939,5.919,3.884,10000.0
9,76184.0,10247.398,37.042,3.284,10000.0
9,76185.0,10063.769,7.202,3.611,10000.0
9,76186.0,9645.268,8.348,8.51,10000.0
9,76187.0,10164.461,8.831,5.343,10000.0
9,76188.0,10020.775000000001,34.099,4.637,10000.0
9,76189.0,9837.668000000001,8.066,3.518,10000.0
9,76190.0,13109.347,55.806,7.656,10000.0
9,76191.0,8013.177,8.21,3.151,10000.0
9,76192.0,10107.913,7.421,8.367,10000.0
9,76193.0,11339.604,8.256,4.113,10000.0
9,76194.0,8042.765,11.974,4.49,10000.0
9,76195.0,9560.215,43.325,10.685,10000.0
9,76196.0,9958.333,6.905,5.154,10000.0
9,76197.0,11162.357,12.734,8.394,10000.0
9,76198.0,9303.218,7.396,4.487,10000.0
9,76199.0,9376.199,7.001,5.231,10000.0
9,76200.0,10369.149,45.026,9.601,10000.0
9,76201.0,9649.776,5.424,5.74,10000.0
9,76202.0,9958.357,4.357,1.7,10000.0
9,76203.0,10064.268,4.849,4.532,10000.0
9,76204.0,9930.664,5.065,3.431,10000.0
9,76205.0,10059.53,7.129,5.773,10000.0
9,76206.0,10115.77,7.339,9.553,10000.0
9,76207.0,9840.682999999999,7.004,4.119,10000.0
9,76208.0,10441.258,5.467,6.141,10000.0
9,76209.0,10009.753999999999,7.507,5.158,10000.0
9,76210.0,9774.863,7.465,5.433,10000.0
9,76211.0,9994.164,9.036,26.016,10000.0
9,76212.0,9927.215,8.152,3.365,10000.0
9,76213.0,10282.692,5.341,2.141,10000.0
9,76214.0,9876.732,9.046,4.879,10000.0
9,76215.0,9754.228000000001,8.337,3.101,10000.0
9,76216.0,10021.851,7.419,5.337,10000.0
9,76217.0,10740.794999999998,7.046,4.595,10000.0
9,76218.0,10302.834,6.92,5.011,10000.0
9,76219.0,8888.088,8.718,26.745,10000.0
9,76220.0,10065.018,26.214,3.506,10000.0
9,76221.0,10043.024,7.104,2.513,10000.0
9,76222.0,9874.558,4.56,3.614,10000.0
9,76223.0,9999.623,5.732,2.644,10000.0
9,76224.0,10031.467,18.572,34.765,10000.0
9,76225.0,9976.139000000001,4.983,3.751,10000.0
9,76226.0,9998.88,24.572,2.571,10000.0
9,76227.0,10754.74,6.615,3.928,10000.0
9,76228.0,10074.197,5.428,3.335,10000.0
9,76229.0,9480.67,8.281,5.2,10000.0
9,76230.0,9667.094,7.298,5.353,10000.0
9,76231.0,9998.761999999999,5.817,4.571,10000.0
9,76232.0,10076.303,56.034,3.351,10000.0
9,76233.0,10293.072,6.94,5.038,10000.0
9,76234.0,9636.21,4.034,1.52,10000.0
9,76235.0,9950.929,4.665,1.636,10000.0
9,76236.0,11885.671,4.517,2.197,10000.0
9,76237.0,8256.823999999999,5.735,16.481,10000.0
9,76238.0,10489.460000000001,180.392,4.973,10000.0
9,76239.0,9469.253,5.327,2.517,10000.0
9,76240.0,9985.077,4.67,2.319,10000.0
9,76241.0,9959.315,4.456,3.397,10000.0
9,76242.0,9998.022,3.793,4.511,10000.0
9,76243.0,10008.55,4.698,3.032,10000.0
9,76244.0,9999.712,3.624,2.667,10000.0
9,76245.0,9989.295,4.434,3.124,10000.0
9,76246.0,10029.418,6.177,4.134,10000.0
9,76247.0,10625.482,25.965,6.513,10000.0
9,76248.0,9466.9,5.898,3.487,10000.0
9,76249.0,10298.074,3.547,3.422,10000.0
9,76250.0,9635.770999999999,4.98,3.708,10000.0
9,76251.0,10007.866,6.557,3.546,10000.0
9,76252.0,9967.813,4.716,2.281,10000.0
9,76253.0,10282.52,40.928,4.179,10000.0
9,76254.0,9746.888,7.2,5.756,10000.0
9,76255.0,10598.124,6.3,3.609,10000.0
9,76256.0,9694.179,41.773,6.121,10000.0
9,76257.0,9691.969,7.12,5.811,10000.0
9,76258.0,10658.623000000001,31.554,3.182,10000.0
9,76259.0,11406.896999999999,4.674,3.021,10000.0
9,76260.0,8167.437,46.164,4.442,10000.0
9,76261.0,9848.296,13.826,719.707,10000.0
9,76262.0,11199.613000000001,40.281,21.333,10000.0
9,76263.0,8769.551000000001,7.635,5.197,10000.0
9,76264.0,9960.480000000001,14.255,15.926,10000.0
9,76265.0,9942.813,4.872,2.247,10000.0
9,76266.0,10075.976999999999,8.116,8.847,10000.0
9,76267.0,10004.29,8.594,5.563,10000.0
9,76268.0,9948.314999999999,6.256,2.758,10000.0
9,76269.0,10228.847,8.565,5.682,10000.0
9,76270.0,9811.696,5.063,3.211,10000.0
9,76271.0,9932.898000000001,3.952,2.258,10000.0
9,76272.0,10055.405999999999,6.282,3.218,10000.0
9,76273.0,10067.929,4.981,2.528,10000.0
9,76274.0,9887.470000000001,5.017,4.609,10000.0
9,76275.0,10192.616,7.727,6.62,10000.0
9,76276.0,9827.47,10.133,4.145,10000.0
9,76277.0,11373.009,6.392,5.463,10000.0
9,76278.0,8593.114000000001,187.613,2.118,10000.0
9,76279.0,10035.786,6.828,4.167,10000.0
9,76280.0,10025.088,20.652,29.904,10000.0
9,76281.0,11280.860999999999,8.689,4.146,10000.0
9,76282.0,8763.659,9.852,5.803,10000.0
9,76283.0,9938.570000000002,4.786,4.585,10000.0
9,76284.0,10048.486,7.551,4.016,10000.0
9,76285.0,9955.506,6.544,6.108,10000.0
9,76286.0,10027.992,5.476,4.177,10000.0
9,76287.0,10115.77,35.671,3.529,10000.0
9,76288.0,10201.49,16.221,6.544,10000.0
9,76289.0,12534.643,33.091,7.259,10000.0
9,76290.0,7499.307,13.764,8.075,10000.0
9,76291.0,10106.309000000001,5.08,2.973,10000.0
9,76292.0,9711.571,6.38,3.402,10000.0
9,76293.0,9999.028,37.968,21.623,10000.0
9,76294.0,10076.698,5.442,4.5,10000.0
9,76295.0,9813.403999999999,8.608,4.888,10000.0
9,76296.0,10045.649,26.765,11.022,10000.0
9,76297.0,11926.921999999999,4.693,2.786,10000.0
9,76298.0,7915.373999999999,4.019,5.424,10000.0
9,76299.0,10153.176,7.205,5.423,10000.0
9,76300.0,10243.742,6.903,3.703,10000.0
9,76301.0,9638.398,6.674,4.027,10000.0
9,76302.0,10075.959,5.394,2.48,10000.0
9,76303.0,10013.485,7.102,4.404,10000.0
9,76304.0,9903.353000000001,15.521,4.966,10000.0
9,76305.0,10146.312,41.003,3.421,10000.0
9,76306.0,10052.018,9.495,5.144,10000.0
9,76307.0,9786.253999999999,7.947,7.011,10000.0
9,76308.0,10181.74,5.297,3.217,10000.0
9,76309.0,10148.966,26.58,7.105,10000.0
9,76310.0,9853.335,32.722,5.544,10000.0
9,76311.0,9974.146999999999,10.227,5.961,10000.0
9,76312.0,10125.572,23.869,3.436,10000.0
9,76313.0,9694.42,4.921,2.735,10000.0
9,76314.0,10112.034000000001,3.834,2.776,10000.0
9,76315.0,9944.624000000002,7.954,5.524,10000.0
9,76316.0,9964.939,5.991,3.016,10000.0
9,76317.0,10116.262,19.677,5.187,10000.0
9,76318.0,10613.974999999999,37.551,4.307,10000.0
9,76319.0,11316.980000000001,6.06,3.233,10000.0
9,76320.0,9099.034000000001,8.133,4.494,10000.0
9,76321.0,8873.014000000001,11.13,2.122,10000.0
9,76322.0,10000.09,4.886,3.23,10000.0
9,76323.0,10674.356,5.624,1.744,10000.0
9,76324.0,9323.732,5.792,3.141,10000.0
9,76325.0,9962.33,3.968,3.632,10000.0
9,76326.0,10250.839,4.417,2.187,10000.0
9,76327.0,11854.435,8.054,4.825,10000.0
9,76328.0,7911.461,4.154,3.335,10000.0
9,76329.0,10045.499,7.756,7.442,10000.0
9,76330.0,9973.957,4.43,4.527,10000.0
9,76331.0,10011.377999999999,3.655,2.958,10000.0
9,76332.0,10380.557999999999,4.174,2.496,10000.0
9,76333.0,9539.873000000001,6.244,3.811,10000.0
9,76334.0,10047.883,5.909,3.099,10000.0
9,76335.0,10098.829,5.34,2.356,10000.0
9,76336.0,10091.091999999999,4.769,6.186,10000.0
9,76337.0,9870.148000000001,4.524,2.973,10000.0
9,76338.0,9927.391000000001,4.317,1.754,10000.0
9,76339.0,9988.583,4.613,3.556,10000.0
9,76340.0,10012.327,10.373,27.114,10000.0
9,76341.0,10218.689,16.374,13.227,10000.0
9,76342.0,9778.056999999999,6.06,4.579,10000.0
9,76343.0,9995.419,5.055,2.611,10000.0
9,76344.0,10094.123,4.457,2.964,10000.0
9,76345.0,10292.336,43.506,6.031,10000.0
9,76346.0,9607.618999999999,6.333,3.334,10000.0
9,76347.0,10160.545,39.346,4.082,10000.0
9,76348.0,9966.294,6.973,6.326,10000.0
9,76349.0,9877.577000000001,6.313,2.145,10000.0
9,76350.0,10102.669,7.547,3.88,10000.0
9,76351.0,10026.911,7.91,5.71,10000.0
9,76352.0,10193.949,5.093,1.487,10000.0
9,76353.0,9839.505000000001,7.505,3.962,10000.0
9,76354.0,9837.452,4.079,2.585,10000.0
9,76355.0,9999.404,8.916,21.833,10000.0
9,76356.0,10013.884,6.86,5.191,10000.0
9,76357.0,10212.152,16.306,19.898,10000.0
9,76358.0,9802.757,5.712,4.566,10000.0
9,76359.0,10004.213,4.599,1.549,10000.0
9,76360.0,10211.524,4.395,3.153,10000.0
9,76361.0,11249.326000000001,11.621,4.472,10000.0
9,76362.0,8753.253,4.992,4.446,10000.0
9,76363.0,9826.714,6.294,5.308,10000.0
9,76364.0,10004.835000000001,6.771,4.728,10000.0
9,76365.0,10040.560000000001,7.401,3.677,10000.0
9,76366.0,9928.67,5.836,5.494,10000.0
9,76367.0,9975.029999999999,7.838,4.391,10000.0
9,76368.0,10076.739,4.181,4.085,10000.0
9,76369.0,10452.837,89.009,3.854,10000.0
9,76370.0,9500.939,5.03,2.988,10000.0
9,76371.0,10075.682,9.074,5.271,10000.0
9,76372.0,10008.576,5.708,3.123,10000.0
9,76373.0,9916.243999999999,5.598,3.617,10000.0
9,76374.0,10079.954,4.771,2.399,10000.0
9,76375.0,10136.558,44.539,4.37,10000.0
9,76376.0,9759.894,5.38,4.236,10000.0
9,76377.0,11137.599,4.306,1.578,10000.0
9,76378.0,8847.110999999999,6.537,5.333,10000.0
9,76379.0,10756.563,38.186,3.593,10000.0
9,76380.0,11792.495,5.936,3.476,10000.0
9,76381.0,7493.428,7.427,4.65,10000.0
9,76382.0,9967.266000000001,7.076,6.042,10000.0
9,76383.0,10056.654,7.3,4.322,10000.0
9,76384.0,9969.975,6.968,8.105,10000.0
9,76385.0,10030.83,12.924,3.387,10000.0
9,76386.0,10131.463,18.402,6.189,10000.0
9,76387.0,9920.297999999999,9.675,6.049,10000.0
9,76388.0,10047.947999999999,5.172,5.007,10000.0
9,76389.0,10125.1,5.877,4.513,10000.0
9,76390.0,9708.534,9.814,4.035,10000.0
9,76391.0,10034.390000000001,5.524,2.648,10000.0
9,76392.0,11051.378,8.385,4.678,10000.0
9,76393.0,9102.856,34.381,4.486,10000.0
9,76394.0,9831.638,5.405,3.509,10000.0
9,76395.0,10282.609,39.642,4.161,10000.0
9,76396.0,10819.109,29.752,14.386,10000.0
9,76397.0,10438.267,7.534,3.668,10000.0
9,76398.0,8559.86,8.27,6.468,10000.0
9,76399.0,10072.977,87.278,6.268,10000.0
9,76400.0,9818.403999999999,6.183,5.303,10000.0
9,76401.0,10009.126,8.633,5.836,10000.0
9,76402.0,10100.123000000001,5.987,3.835,10000.0
9,76403.0,9973.117,6.434,2.58,10000.0
9,76404.0,9957.511,6.06,2.861,10000.0
9,76405.0,11133.673999999999,23.358,25.942,10000.0
9,76406.0,8920.538,7.423,4.743,10000.0
9,76407.0,9896.748,5.482,3.223,10000.0
9,76408.0,10305.98,8.151,5.288,10000.0
9,76409.0,9922.545,34.3,3.684,10000.0
9,76410.0,10028.456,41.037,2.764,10000.0
9,76411.0,9775.176,8.66,5.116,10000.0
9,76412.0,10002.05,8.325,8.647,10000.0
9,76413.0,10048.809000000001,4.134,2.805,10000.0
9,76414.0,9909.446,3.839,1.717,10000.0
9,76415.0,10030.640000000001,7.286,4.13,10000.0
9,76416.0,10027.187,4.083,1.752,10000.0
9,76417.0,10091.282,8.314,3.662,10000.0
9,76418.0,9941.927,5.415,2.413,10000.0
9,76419.0,9917.165,5.481,2.843,10000.0
9,76420.0,9992.622,4.117,1.848,10000.0
9,76421.0,10076.905,3.891,2.088,10000.0
9,76422.0,12247.556999999999,4.173,1.698,10000.0
9,76423.0,8404.929,6.94,2.545,10000.0
9,76424.0,9469.831999999999,36.107,16.836,10000.0
9,76425.0,9813.006000000001,7.283,4.942,10000.0
9,76426.0,10237.477,23.792,4.602,10000.0
9,76427.0,10148.905999999999,9.565,20.116,10000.0
9,76428.0,10722.699,7.959,4.082,10000.0
9,76429.0,9255.919,5.248,6.021,10000.0
9,76430.0,9675.039,4.883,3.902,10000.0
9,76431.0,9959.159,5.383,3.065,10000.0
9,76432.0,10225.944000000001,4.062,1.704,10000.0
9,76433.0,9768.951,4.28,3.126,10000.0
9,76434.0,9994.876999999999,4.42,2.31,10000.0
9,76435.0,9994.587,8.814,4.355,10000.0
9,76436.0,10159.029,5.831,3.426,10000.0
9,76437.0,9955.432,30.809,2.611,10000.0
9,76438.0,10350.822,32.996,3.311,10000.0
9,76439.0,9668.801,6.266,3.669,10000.0
9,76440.0,9889.112000000001,12.297,30.687,10000.0
9,76441.0,12972.004,7.157,3.668,10000.0
9,76442.0,7029.244,6.036,4.932,10000.0
9,76443.0,10103.615,8.171,3.76,10000.0
9,76444.0,10720.35,5.711,2.588,10000.0
9,76445.0,9162.803,4.646,3.66,10000.0
9,76446.0,10038.224,4.127,1.933,10000.0
9,76447.0,10005.443,5.987,2.569,10000.0
9,76448.0,9935.283,7.223,1.606,10000.0
9,76449.0,11244.733,8.828,4.944,10000.0
9,76450.0,8925.21,81.067,7.94,10000.0
9,76451.0,9982.163,8.575,2.423,10000.0
9,76452.0,10060.419,6.802,6.402,10000.0
9,76453.0,9881.956,7.021,4.324,10000.0
9,76454.0,9909.530999999999,6.775,2.022,10000.0
9,76455.0,10325.09,68.371,20.469,10000.0
9,76456.0,9801.880000000001,22.815,7.161,10000.0
9,76457.0,14119.811,5.943,2.466,10000.0
9,76458.0,6031.467000000001,9.222,2.979,10000.0
9,76459.0,10827.398000000001,7.127,4.041,10000.0
9,76460.0,10588.107,3.911,2.298,10000.0
9,76461.0,8442.049,7.388,4.749,10000.0
9,76462.0,10327.878999999999,6.478,2.951,10000.0
9,76463.0,9563.829,7.016,5.779,10000.0
9,76464.0,10122.144,5.278,4.414,10000.0
9,76465.0,9958.493,5.495,2.43,10000.0
9,76466.0,9897.581,5.508,4.839,10000.0
9,76467.0,10099.437,4.102,1.629,10000.0
9,76468.0,10588.267,5.379,4.094,10000.0
9,76469.0,9326.532000000001,4.434,3.298,10000.0
9,76470.0,9991.188999999998,4.859,3.094,10000.0
9,76471.0,10181.333,38.674,3.286,10000.0
9,76472.0,9797.086,3.978,1.322,10000.0
9,76473.0,10013.681999999999,5.205,2.9,10000.0
9,76474.0,10421.135,34.215,21.483,10000.0
9,76475.0,9669.126,6.698,4.958,10000.0
9,76476.0,12074.416,5.343,2.918,10000.0
9,76477.0,7901.326999999999,5.07,5.824,10000.0
9,76478.0,11315.189999999999,23.722,27.281,10000.0
9,76479.0,9129.617,11.137,2.714,10000.0
9,76480.0,9681.090999999999,15.545,2.771,10000.0
9,76481.0,9797.147,4.347,1.997,10000.0
9,76482.0,10006.245,7.424,5.031,10000.0
9,76483.0,11063.359,4.257,1.78,10000.0
9,76484.0,9938.511,70.989,5.862,10000.0
9,76485.0,9188.083999999999,9.263,6.449,10000.0
9,76486.0,10110.67,11.848,15.8,10000.0
9,76487.0,11842.032000000001,6.952,3.733,10000.0
9,76488.0,7882.932000000001,6.192,3.092,10000.0
9,76489.0,10019.993,4.412,1.555,10000.0
9,76490.0,9949.190999999999,4.934,2.401,10000.0
9,76491.0,10049.977,10.632,4.743,10000.0
9,76492.0,9971.345,6.652,3.632,10000.0
9,76493.0,10286.09,40.658,15.875,10000.0
9,76494.0,9718.036,18.546,5.878,10000.0
9,76495.0,30186.263000000003,5.874,3.884,10000.0
9,76496.0,9800.125999999998,5.265,2.266,10000.0
9,76497.0,10666.0,5.885,2.251,10000.0
9,76498.0,10408.367,6.275,2.904,10000.0
9,76499.0,10003.622,4.895,5.409,10000.0
9,76500.0,9066.253999999999,7.48,3.048,10000.0
9,76501.0,11024.599,7.545,2.643,10000.0
9,76502.0,8879.372,6.046,3.377,10000.0
9,76503.0,10012.421,4.643,2.403,10000.0
9,76504.0,9951.349999999999,5.169,3.514,10000.0
9,76505.0,9985.071,5.707,3.069,10000.0
9,76506.0,10075.146999999999,4.601,2.464,10000.0
9,76507.0,10003.824999999999,6.422,3.51,10000.0
9,76508.0,9943.47,5.859,3.294,10000.0
9,76509.0,10048.414,17.636,2.501,10000.0
9,76510.0,10123.562,7.855,4.511,10000.0
9,76511.0,9945.418,8.057,1.485,10000.0
9,76512.0,9908.884999999998,6.527,4.066,10000.0
9,76513.0,10796.656,4.796,2.855,10000.0
9,76514.0,9288.969,5.877,5.956,10000.0
9,76515.0,11533.586,5.656,3.183,10000.0
9,76516.0,8613.501,8.778,3.6,10000.0
9,76517.0,9802.244999999999,60.705,5.279,10000.0
9,76518.0,9994.720000000001,7.763,143.076,10000.0
9,76519.0,11397.081,43.276,19.034,10000.0
9,76520.0,8939.46,6.593,3.376,10000.0
9,76521.0,9988.957,7.7,3.275,10000.0
9,76522.0,9669.319,16.006,5.903,10000.0
9,76523.0,9940.265,6.032,5.393,10000.0
9,76524.0,10006.68,3.927,7.166,10000.0
9,76525.0,10598.322,5.398,3.209,10000.0
9,76526.0,9635.891000000001,39.955,6.105,10000.0
9,76527.0,10861.416000000001,4.808,3.314,10000.0
9,76528.0,9035.743,18.293,6.38,10000.0
9,76529.0,10089.387999999999,11.997,4.861,10000.0
9,76530.0,9972.917,11.576,6.545,10000.0
9,76531.0,9949.390000000001,6.391,125.117,10000.0
9,76532.0,10607.758,7.972,3.338,10000.0
9,76533.0,10036.533,6.146,4.657,10000.0
9,76534.0,9181.814,4.736,1.98,10000.0
9,76535.0,10070.876,4.542,21.946,10000.0
9,76536.0,9949.662,5.045,4.385,10000.0
9,76537.0,9996.053,5.834,3.444,10000.0
9,76538.0,10626.496,3.924,28.991,10000.0
9,76539.0,9868.166,32.683,4.149,10000.0
9,76540.0,9773.966,42.447,19.023,10000.0
9,76541.0,9730.051,5.327,3.892,10000.0
9,76542.0,10382.293000000001,8.728,1.984,10000.0
9,76543.0,10891.605,17.231,5.542,10000.0
9,76544.0,8734.921,6.586,3.509,10000.0
9,76545.0,10003.891000000001,4.181,20.356,10000.0
9,76546.0,10209.362,6.363,4.874,10000.0
9,76547.0,9838.99,4.682,2.059,10000.0
9,76548.0,9934.653999999999,5.521,4.113,10000.0
9,76549.0,10101.038999999999,41.152,3.641,10000.0
9,76550.0,10363.939,6.932,4.494,10000.0
9,76551.0,9727.565,6.562,2.735,10000.0
9,76552.0,10076.607,26.874,4.489,10000.0
9,76553.0,9796.598,5.04,5.182,10000.0
9,76554.0,10120.854000000001,8.034,4.962,10000.0
9,76555.0,10449.322,34.356,5.888,10000.0
9,76556.0,10180.874,36.004,4.156,10000.0
9,76557.0,9205.785,7.335,20.301,10000.0
9,76558.0,10045.834,12.115,4.819,10000.0
9,76559.0,10047.003,7.001,4.984,10000.0
9,76560.0,9993.091,3.657,2.006,10000.0
9,76561.0,9975.862000000001,6.42,5.983,10000.0
9,76562.0,10002.100999999999,5.414,6.544,10000.0
9,76563.0,10103.649,39.738,4.327,10000.0
9,76564.0,9892.581,6.579,16.845,10000.0
9,76565.0,10381.397,6.723,2.442,10000.0
9,76566.0,9552.394,3.665,7.863,10000.0
9,76567.0,9981.612000000001,4.31,12.35,10000.0
9,76568.0,10015.541,6.261,2.501,10000.0
9,76569.0,10000.09,26.043,4.169,10000.0
9,76570.0,10103.292,9.613,2.022,10000.0
9,76571.0,10316.249,4.773,4.007,10000.0
9,76572.0,9588.892,5.689,5.482,10000.0
9,76573.0,10058.162,6.957,3.192,10000.0
9,76574.0,9934.71,5.227,3.212,10000.0
9,76575.0,9987.461,5.875,1.922,10000.0
9,76576.0,10075.399000000001,6.089,6.241,10000.0
9,76577.0,10054.241,7.198,4.436,10000.0
9,76578.0,10009.163,6.697,1.902,10000.0
9,76579.0,10831.809,5.2,8.406,10000.0
9,76580.0,10450.927,6.385,3.349,10000.0
9,76581.0,8692.307,19.985,7.878,10000.0
9,76582.0,10093.945,14.75,4.63,10000.0
9,76583.0,10100.082,11.666,4.982,10000.0
9,76584.0,9699.396,6.782,4.123,10000.0
9,76585.0,10036.154,4.8,2.772,10000.0
9,76586.0,10033.389000000001,18.079,3.99,10000.0
9,76587.0,9991.501,48.489,25.242,10000.0
9,76588.0,10174.779,7.578,7.135,10000.0
9,76589.0,10118.396999999999,8.052,13.347,10000.0
9,76590.0,9716.95,20.234,3.595,10000.0
9,76591.0,9988.975,4.96,4.845,10000.0
9,76592.0,9954.677,4.737,1.995,10000.0
9,76593.0,10112.585000000001,6.1,3.215,10000.0
9,76594.0,9898.482,6.858,4.711,10000.0
9,76595.0,10044.707,3.842,2.256,10000.0
9,76596.0,9918.613,6.478,2.468,10000.0
9,76597.0,9996.215,4.589,2.569,10000.0
9,76598.0,10022.626,3.678,2.432,10000.0
9,76599.0,10005.077,5.765,2.617,10000.0
9,76600.0,9972.066,6.71,2.669,10000.0
9,76601.0,10070.758000000002,5.84,3.103,10000.0
9,76602.0,9937.667000000001,4.789,3.006,10000.0
9,76603.0,10532.963,7.354,3.335,10000.0
9,76604.0,9811.508,31.717,10.158,10000.0
9,76605.0,9800.888,11.638,2.346,10000.0
9,76606.0,11178.722,29.332,18.582,10000.0
9,76607.0,8957.833999999999,7.588,4.225,10000.0
9,76608.0,9847.96,7.955,39.009,10000.0
9,76609.0,10142.041,8.796,4.624,10000.0
9,76610.0,9868.224,25.448,6.684,10000.0
9,76611.0,10641.554,7.319,4.101,10000.0
9,76612.0,9602.637,12.57,2.107,10000.0
9,76613.0,9640.917000000001,9.418,5.451,10000.0
9,76614.0,10143.895999999999,22.806,4.535,10000.0
9,76615.0,14773.609999999999,6.937,3.265,10000.0
9,76616.0,5119.8859999999995,8.13,2.338,10000.0
9,76617.0,13358.363,15.383,2.993,10000.0
9,76618.0,6652.132,61.725,3.911,10000.0
9,76619.0,10070.104,5.566,3.733,10000.0
9,76620.0,9966.442000000001,5.027,10.543,10000.0
9,76621.0,9923.822,4.13,8.453,10000.0
9,76622.0,10042.961,6.308,5.05,10000.0
9,76623.0,10152.5,5.493,21.907,10000.0
9,76624.0,9907.006,10.588,2.995,10000.0
9,76625.0,10766.303,3.516,4.38,10000.0
9,76626.0,9062.043,4.533,3.03,10000.0
9,76627.0,10011.611,3.992,2.258,10000.0
9,76628.0,10287.144999999999,5.641,2.201,10000.0
9,76629.0,10026.086,30.637,9.266,10000.0
9,76630.0,9719.221,3.608,3.595,10000.0
9,76631.0,9985.396,7.076,4.37,10000.0
9,76632.0,10041.839,5.114,2.539,10000.0
9,76633.0,10079.467,9.622,1.788,10000.0
9,76634.0,10930.024,4.979,2.574,10000.0
9,76635.0,9054.569,5.095,3.919,10000.0
9,76636.0,10088.624,25.292,4.738,10000.0
9,76637.0,9975.248000000001,41.913,29.347,10000.0
9,76638.0,9908.447,10.374,7.745,10000.0
9,76639.0,9925.719,5.671,1.995,10000.0
9,76640.0,9999.796999999999,3.912,3.596,10000.0
9,76641.0,10300.221,5.275,3.847,10000.0
9,76642.0,9711.536999999998,8.023,5.136,10000.0
9,76643.0,10032.091999999999,5.842,5.056,10000.0
9,76644.0,9987.847,5.637,4.182,10000.0
9,76645.0,11199.228000000001,5.262,2.936,10000.0
9,76646.0,8774.66,4.245,2.902,10000.0
9,76647.0,9975.308,4.765,2.293,10000.0
9,76648.0,10183.011,40.169,2.515,10000.0
9,76649.0,9840.926,4.247,2.292,10000.0
9,76650.0,10015.113000000001,6.977,3.163,10000.0
9,76651.0,9967.073,4.948,1.601,10000.0
9,76652.0,10087.775,6.058,3.256,10000.0
9,76653.0,10142.906,5.633,2.497,10000.0
9,76654.0,9921.447999999999,11.694,5.15,10000.0
9,76655.0,9904.606,6.918,7.897,10000.0
9,76656.0,10029.145,3.527,2.12,10000.0
9,76657.0,9912.947,4.194,1.681,10000.0
9,76658.0,10112.305,5.783,3.632,10000.0
9,76659.0,9907.542,5.114,3.297,10000.0
9,76660.0,11701.821,17.403,13.694,10000.0
9,76661.0,8401.14,6.978,5.159,10000.0
9,76662.0,9883.622,4.824,2.487,10000.0
9,76663.0,10171.606,462.389,2.793,10000.0
9,76664.0,9870.534,6.909,5.655,10000.0
9,76665.0,10035.277,4.599,2.925,10000.0
9,76666.0,9941.532,5.864,3.28,10000.0
9,76667.0,10103.516,4.555,2.872,10000.0
9,76668.0,10040.319000000001,5.202,2.893,10000.0
9,76669.0,9958.778999999999,5.87,1.744,10000.0
9,76670.0,10050.301,5.393,3.575,10000.0
9,76671.0,10036.291,7.233,5.594,10000.0
9,76672.0,9803.652,4.583,2.446,10000.0
9,76673.0,9963.022,6.164,2.364,10000.0
9,76674.0,10161.582,6.397,3.702,10000.0
9,76675.0,9948.625,6.804,4.962,10000.0
9,76676.0,10105.087000000001,5.146,3.209,10000.0
9,76677.0,9929.055,12.723,4.67,10000.0
9,76678.0,9903.99,4.149,1.623,10000.0
9,76679.0,10064.124,6.548,4.584,10000.0
9,76680.0,9936.338,6.262,4.319,10000.0
9,76681.0,9967.144,6.778,3.324,10000.0
9,76682.0,12149.657,5.102,2.176,10000.0
9,76683.0,8124.424,5.491,2.91,10000.0
9,76684.0,9951.966,8.865,4.609,10000.0
9,76685.0,9818.961,6.361,6.417,10000.0
9,76686.0,10055.896,7.037,5.783,10000.0
9,76687.0,10013.785,5.437,5.545,10000.0
9,76688.0,9899.853000000001,3.52,2.187,10000.0
9,76689.0,10235.851,5.648,2.933,10000.0
9,76690.0,9840.276,80.038,4.444,10000.0
9,76691.0,10087.902,5.227,22.127,10000.0
9,76692.0,9859.108,7.613,4.21,10000.0
9,76693.0,10058.364,9.599,4.923,10000.0
9,76694.0,10981.582999999999,4.989,2.539,10000.0
9,76695.0,10128.117,5.671,2.317,10000.0
9,76696.0,8833.757,7.395,6.125,10000.0
9,76697.0,10095.437,128.901,2.59,10000.0
9,76698.0,9908.86,18.623,3.284,10000.0
9,76699.0,9983.523,5.1,3.15,10000.0
9,76700.0,10144.109999999999,5.164,2.447,10000.0
9,76701.0,9873.487000000001,5.126,3.057,10000.0
9,76702.0,9962.66,3.191,5.538,10000.0
9,76703.0,10029.618,5.426,4.076,10000.0
9,76704.0,9972.600999999999,3.968,2.052,10000.0
9,76705.0,10165.87,5.381,3.726,10000.0
9,76706.0,9870.703,6.643,5.662,10000.0
9,76707.0,10002.643,5.472,3.37,10000.0
9,76708.0,10165.526,44.743,13.783,10000.0
9,76709.0,10216.303,30.968,3.217,10000.0
9,76710.0,9789.423999999999,30.905,3.137,10000.0
9,76711.0,9838.15,7.978,5.617,10000.0
9,76712.0,11250.140000000001,6.854,3.104,10000.0
9,76713.0,8764.595,3.992,1.575,10000.0
9,76714.0,9962.71,6.581,3.79,10000.0
9,76715.0,10231.121,6.003,4.493,10000.0
9,76716.0,10506.927,48.738,3.156,10000.0
9,76717.0,9246.389000000001,5.035,4.093,10000.0
9,76718.0,10235.556,17.871,18.562,10000.0
9,76719.0,11019.245,7.163,2.836,10000.0
9,76720.0,8929.144,32.713,5.294,10000.0
9,76721.0,9806.126,9.796,6.532,10000.0
9,76722.0,10017.215,21.072,5.066,10000.0
9,76723.0,10003.888,12.308,7.988,10000.0
9,76724.0,10105.462000000001,8.157,4.576,10000.0
9,76725.0,10078.043,8.271,6.526,10000.0
9,76726.0,9832.805,6.178,3.012,10000.0
9,76727.0,10354.475999999999,1681.905,4.711,10000.0
9,76728.0,9625.268,20.657,6.835,10000.0
9,76729.0,10085.583,6.756,4.62,10000.0
9,76730.0,10013.851,4.6,2.516,10000.0
9,76731.0,9960.323,5.885,5.471,10000.0
9,76732.0,9991.259,4.985,2.621,10000.0
9,76733.0,10002.735,6.847,3.829,10000.0
9,76734.0,10136.780999999999,7.63,5.165,10000.0
9,76735.0,9953.355000000001,9.87,7.244,10000.0
9,76736.0,10801.998,7.404,7.264,10000.0
9,76737.0,9049.161,5.94,3.616,10000.0
9,76738.0,10107.375,6.423,3.952,10000.0
9,76739.0,9935.413,19.911,4.045,10000.0
9,76740.0,10427.896,4.854,1.474,10000.0
9,76741.0,9520.302,5.287,3.534,10000.0
9,76742.0,9989.357,3.562,1.564,10000.0
9,76743.0,10020.582,5.878,3.587,10000.0
9,76744.0,9989.385,5.553,3.556,10000.0
9,76745.0,10016.779999999999,3.779,3.171,10000.0
9,76746.0,10212.956,45.297,3.676,10000.0
9,76747.0,9812.365,6.045,4.092,10000.0
9,76748.0,10044.528,4.932,3.573,10000.0
9,76749.0,10152.446,3.898,9.531,10000.0
9,76750.0,9771.571999999998,5.479,3.096,10000.0
9,76751.0,10071.657,8.993,5.007,10000.0
9,76752.0,9993.546,17.126,3.394,10000.0
9,76753.0,9977.833999999999,7.563,3.389,10000.0
9,76754.0,10033.613,7.64,9.109,10000.0
9,76755.0,10516.08,5.577,4.186,10000.0
9,76756.0,9489.262,5.1,4.153,10000.0
9,76757.0,9937.154,6.17,5.963,10000.0
9,76758.0,10077.972,7.455,4.337,10000.0
9,76759.0,10067.627,14.454,4.817,10000.0
9,76760.0,9898.634,7.123,16.983,10000.0
9,76761.0,10013.005000000001,4.54,3.684,10000.0
9,76762.0,11068.931,17.412,8.308,10000.0
9,76763.0,9217.577,7.101,3.74,10000.0
9,76764.0,9899.065,15.532,4.183,10000.0
9,76765.0,9765.953000000001,7.647,4.411,10000.0
9,76766.0,10059.102,45.492,5.178,10000.0
9,76767.0,10135.702,6.979,13.831,10000.0
9,76768.0,9811.877,3.673,2.405,10000.0
9,76769.0,9983.225,6.68,3.145,10000.0
9,76770.0,11295.361,23.102,6.209,10000.0
9,76771.0,9207.564999999999,3.755,1.869,10000.0
9,76772.0,9573.471,9.141,3.492,10000.0
9,76773.0,9918.475,5.326,2.503,10000.0
9,76774.0,9993.292000000001,4.291,2.224,10000.0
9,76775.0,10030.624,6.706,3.238,10000.0
9,76776.0,10137.328,29.118,2.385,10000.0
9,76777.0,11127.877,8.715,5.481,10000.0
9,76778.0,8885.191,38.829,4.001,10000.0
9,76779.0,10407.982,16.075,4.514,10000.0
9,76780.0,9547.638,24.995,15.551,10000.0
9,76781.0,9932.431,12.808,6.487,10000.0
9,76782.0,10028.107,8.311,4.302,10000.0
9,76783.0,9909.757,7.348,5.387,10000.0
9,76784.0,10046.236,8.045,4.529,10000.0
9,76785.0,9987.261,8.633,6.582,10000.0
9,76786.0,9960.891,5.934,2.704,10000.0
9,76787.0,10072.126,6.64,20.44,10000.0
9,76788.0,10212.136,6.298,4.077,10000.0
9,76789.0,10138.822,5.893,2.334,10000.0
9,76790.0,9544.219,6.77,4.422,10000.0
9,76791.0,10049.601999999999,7.042,5.258,10000.0
9,76792.0,11026.733,5.107,2.207,10000.0
9,76793.0,9011.020999999999,10.091,3.648,10000.0
9,76794.0,9961.305,7.338,4.652,10000.0
9,76795.0,10272.088,39.212,5.63,10000.0
9,76796.0,9784.722,6.256,7.8,10000.0
10,76797.0,10119.002999999999,11.984,14.377,10000.0
10,76798.0,9801.584,5.97,4.411,10000.0
10,76799.0,11099.645,10.91,6.919,10000.0
10,76800.0,9033.945,6.488,4.107,10000.0
10,76801.0,10042.961,4.839,1.661,10000.0
10,76802.0,9989.916,7.992,5.692,10000.0
10,76803.0,10215.653,7.443,5.119,10000.0
10,76804.0,9638.993,8.024,6.769,10000.0
10,76805.0,10203.222,7.934,5.305,10000.0
10,76806.0,10950.583999999999,6.515,3.844,10000.0
10,76807.0,9911.384,5.194,4.903,10000.0
10,76808.0,9077.665,4.894,1.899,10000.0
10,76809.0,10999.162999999999,8.611,7.345,10000.0
10,76810.0,9031.348,6.784,5.772,10000.0
10,76811.0,9830.694,9.238,4.547,10000.0
10,76812.0,10042.473999999998,13.588,2.839,10000.0
10,76813.0,10077.244,9.809,6.837,10000.0
10,76814.0,10158.589000000002,8.72,4.226,10000.0
10,76815.0,9785.027,4.172,1.712,10000.0
10,76816.0,9977.958,5.16,3.669,10000.0
10,76817.0,9956.929999999998,7.305,5.857,10000.0
10,76818.0,10093.009,34.545,4.463,10000.0
10,76819.0,10068.393,11.473,8.421,10000.0
10,76820.0,10567.480000000001,44.552,19.698,10000.0
10,76821.0,9276.445,6.796,10.762,10000.0
10,76822.0,10364.02,9.194,19.417,10000.0
10,76823.0,9785.78,18.492,3.015,10000.0
10,76824.0,9896.947999999999,58.264,3.152,10000.0
10,76825.0,9934.439999999999,4.456,7.176,10000.0
10,76826.0,10613.411,3.804,1.735,10000.0
10,76827.0,9470.905,5.494,2.634,10000.0
10,76828.0,9897.701000000001,4.336,10.678,10000.0
10,76829.0,10194.015000000001,9.039,4.727,10000.0
10,76830.0,9847.111,8.278,3.806,10000.0
10,76831.0,11130.009,20.039,13.319,10000.0
10,76832.0,9013.243,11.204,5.362,10000.0
10,76833.0,9971.025,7.774,5.173,10000.0
10,76834.0,9859.999,6.028,2.907,10000.0
10,76835.0,10038.358,7.544,5.021,10000.0
10,76836.0,11766.641,5.993,3.566,10000.0
10,76837.0,10559.743999999999,4.535,2.109,10000.0
10,76838.0,9176.543,19.695,4.995,10000.0
10,76839.0,10900.707,5.933,3.158,10000.0
10,76840.0,8573.738,7.322,3.628,10000.0
10,76841.0,9093.987,22.457,7.035,10000.0
10,76842.0,14070.574,6.003,3.397,10000.0
10,76843.0,8420.827000000001,48.416,16.335,10000.0
10,76844.0,7425.503,9.49,10.299,10000.0
10,76845.0,10171.819,24.439,4.242,10000.0
10,76846.0,10630.018,18.75,5.377,10000.0
10,76847.0,9337.922,6.904,4.249,10000.0
10,76848.0,9916.111,4.925,2.546,10000.0
10,76849.0,13785.052000000001,6.253,4.22,10000.0
10,76850.0,6196.236,7.923,4.174,10000.0
10,76851.0,11005.237,15.811,4.511,10000.0
10,76852.0,8953.486,5.747,49.991,10000.0
10,76853.0,10093.436000000002,75.626,5.404,10000.0
10,76854.0,9888.133,5.394,3.471,10000.0
10,76855.0,9949.332999999999,5.416,4.202,10000.0
10,76856.0,10168.883,4.149,3.222,10000.0
10,76857.0,9894.381000000001,5.391,4.713,10000.0
10,76858.0,10053.654,5.331,3.607,10000.0
10,76859.0,9928.782000000001,5.874,3.211,10000.0
10,76860.0,10006.539999999999,5.079,6.819,10000.0
10,76861.0,10058.421,4.439,2.411,10000.0
10,76862.0,10287.942,49.691,9.745,10000.0
10,76863.0,10018.917000000001,6.341,5.167,10000.0
10,76864.0,9813.614,18.222,17.698,10000.0
10,76865.0,9802.338000000002,6.331,3.226,10000.0
10,76866.0,10194.559000000001,18.738,2.688,10000.0
10,76867.0,9847.323,14.352,16.65,10000.0
10,76868.0,10086.25,6.614,2.946,10000.0
10,76869.0,10007.182,16.771,6.16,10000.0
10,76870.0,9869.476999999999,4.072,41.341,10000.0
10,76871.0,10070.149000000001,4.86,2.956,10000.0
10,76872.0,9953.191,5.351,2.836,10000.0
10,76873.0,10024.655999999999,5.413,4.19,10000.0
10,76874.0,9932.152,4.694,3.396,10000.0
10,76875.0,10013.271,5.055,1.927,10000.0
10,76876.0,10014.954,25.491,2.304,10000.0
10,76877.0,10055.44,3.795,2.527,10000.0
10,76878.0,9957.853,6.412,5.375,10000.0
10,76879.0,9991.077,5.135,3.371,10000.0
10,76880.0,9992.172,5.211,2.329,10000.0
10,76881.0,10045.945,5.824,2.416,10000.0
10,76882.0,9982.094000000001,5.648,2.486,10000.0
10,76883.0,10234.469,39.304,14.2,10000.0
10,76884.0,9820.422,5.803,2.823,10000.0
10,76885.0,9912.294,3.915,3.91,10000.0
10,76886.0,10019.002,7.906,3.431,10000.0
10,76887.0,10194.952,4.268,3.296,10000.0
10,76888.0,10665.024000000001,6.875,3.025,10000.0
10,76889.0,9202.448,4.778,13.65,10000.0
10,76890.0,10122.591,5.085,2.293,10000.0
10,76891.0,9840.905,6.525,2.323,10000.0
10,76892.0,10020.411,7.853,8.339,10000.0
10,76893.0,9970.876,3.822,4.633,10000.0
10,76894.0,10294.943000000001,8.314,8.707,10000.0
10,76895.0,9895.353000000001,3.569,1.483,10000.0
10,76896.0,9796.381,5.752,4.331,10000.0
10,76897.0,10236.0,5.449,3.634,10000.0
10,76898.0,9811.997,6.76,4.541,10000.0
10,76899.0,10056.384999999998,25.006,3.644,10000.0
10,76900.0,10086.859999999999,38.159,16.309,10000.0
10,76901.0,10229.725,3.893,20.859,10000.0
10,76902.0,10068.769,26.374,3.189,10000.0
10,76903.0,9566.313999999998,20.072,5.227,10000.0
10,76904.0,9968.471,9.278,15.306,10000.0
10,76905.0,10028.596000000001,90.613,21.442,10000.0
10,76906.0,10081.712,7.039,1.75,10000.0
10,76907.0,9971.907000000001,14.053,8.339,10000.0
10,76908.0,9948.34,6.627,3.459,10000.0
10,76909.0,10054.637,5.104,2.218,10000.0
10,76910.0,10065.077000000001,11.936,2.192,10000.0
10,76911.0,9808.948,4.867,2.375,10000.0
10,76912.0,9989.954,4.345,2.488,10000.0
10,76913.0,12466.886,10.813,2.83,10000.0
10,76914.0,7583.4980000000005,4.304,4.333,10000.0
10,76915.0,9981.132,5.562,2.41,10000.0
10,76916.0,10132.369,6.693,3.302,10000.0
10,76917.0,9838.327,7.765,3.095,10000.0
10,76918.0,10124.659,5.401,2.396,10000.0
10,76919.0,9898.351,4.25,5.871,10000.0
10,76920.0,9982.814,5.871,4.508,10000.0
10,76921.0,9983.312,3.713,3.07,10000.0
10,76922.0,10293.069,3.878,2.651,10000.0
10,76923.0,10071.319000000001,31.195,3.57,10000.0
10,76924.0,9774.173,6.694,4.305,10000.0
10,76925.0,10044.383,13.327,7.623,10000.0
10,76926.0,9830.458,4.327,1.875,10000.0
10,76927.0,10305.715,6.224,12.898,10000.0
10,76928.0,9948.73,30.809,3.842,10000.0
10,76929.0,9865.849,9.385,10.719,10000.0
10,76930.0,10276.951,5.089,11.824,10000.0
10,76931.0,9704.625,7.465,36.813,10000.0
10,76932.0,10484.013,5.164,3.144,10000.0
10,76933.0,9453.15,8.461,6.672,10000.0
10,76934.0,9967.921,5.261,4.943,10000.0
10,76935.0,10002.844000000001,5.131,3.525,10000.0
10,76936.0,10007.043,5.199,2.91,10000.0
10,76937.0,10227.179,3.371,1.991,10000.0
10,76938.0,10254.68,6.282,3.483,10000.0
10,76939.0,9481.811,3.912,7.912,10000.0
10,76940.0,10016.32,4.565,3.604,10000.0
10,76941.0,10141.312,4.718,2.78,10000.0
10,76942.0,12418.633,5.331,2.313,10000.0
10,76943.0,7565.907,31.412,11.467,10000.0
10,76944.0,9989.601,7.581,8.27,10000.0
10,76945.0,9877.67,5.302,3.595,10000.0
10,76946.0,11302.951000000001,4.865,3.979,10000.0
10,76947.0,8832.322,7.612,3.267,10000.0
10,76948.0,9930.302,7.319,8.475,10000.0
10,76949.0,10099.456999999999,12.996,3.373,10000.0
10,76950.0,9916.615,4.813,4.282,10000.0
10,76951.0,9963.878,5.142,4.053,10000.0
10,76952.0,10089.592,7.363,4.272,10000.0
10,76953.0,9894.482,5.902,3.578,10000.0
10,76954.0,10503.481,7.36,4.618,10000.0
10,76955.0,9931.769,7.58,2.829,10000.0
10,76956.0,9699.423,4.799,2.262,10000.0
10,76957.0,9868.518999999998,4.24,3.226,10000.0
10,76958.0,10335.238,39.122,2.13,10000.0
10,76959.0,9698.233,4.483,1.531,10000.0
10,76960.0,11145.491,36.536,6.906,10000.0
10,76961.0,9281.185000000001,6.361,35.158,10000.0
10,76962.0,9521.063999999998,3.351,2.24,10000.0
10,76963.0,9959.437,6.249,17.88,10000.0
10,76964.0,10634.588,29.337,16.493,10000.0
10,76965.0,9461.809,6.819,3.666,10000.0
10,76966.0,9983.817000000001,9.79,3.333,10000.0
10,76967.0,10065.374,11.347,5.24,10000.0
10,76968.0,9937.454,9.508,4.7,10000.0
10,76969.0,9962.135,8.117,3.089,10000.0
10,76970.0,10001.973,6.285,6.719,10000.0
10,76971.0,10083.461,4.142,6.157,10000.0
10,76972.0,10061.266,7.072,2.86,10000.0
10,76973.0,10346.76,6.266,3.711,10000.0
10,76974.0,10539.333,5.66,2.423,10000.0
10,76975.0,9007.418,4.415,3.317,10000.0
10,76976.0,10006.356,4.154,7.076,10000.0
10,76977.0,10114.657000000001,6.391,2.243,10000.0
10,76978.0,9873.794,16.459,11.173,10000.0
10,76979.0,10287.094000000001,4.394,3.627,10000.0
10,76980.0,9795.475,35.655,4.592,10000.0
10,76981.0,9869.782000000001,4.417,3.934,10000.0
10,76982.0,10145.217,32.456,2.687,10000.0
10,76983.0,9928.009999999998,5.536,3.637,10000.0
10,76984.0,10363.552,5.944,2.535,10000.0
10,76985.0,9851.052000000001,30.982,3.909,10000.0
10,76986.0,9723.47,4.287,2.339,10000.0
10,76987.0,12194.746,7.252,23.358,10000.0
10,76988.0,7814.77,7.456,3.452,10000.0
10,76989.0,9974.887999999999,3.777,2.699,10000.0
10,76990.0,10071.75,4.708,2.516,10000.0
10,76991.0,11199.356,6.15,1.678,10000.0
10,76992.0,8738.963,4.978,2.983,10000.0
10,76993.0,10027.968,5.197,3.259,10000.0
10,76994.0,10442.06,6.772,3.535,10000.0
10,76995.0,9618.323,4.475,5.382,10000.0
10,76996.0,12994.009,4.43,1.983,10000.0
10,76997.0,7045.675,6.083,3.913,10000.0
10,76998.0,9876.17,7.166,5.638,10000.0
10,76999.0,11184.944000000001,5.888,1.467,10000.0
10,77000.0,8817.533000000001,6.927,5.712,10000.0
10,77001.0,10107.710000000001,8.614,6.07,10000.0
10,77002.0,9904.946,6.174,3.99,10000.0
10,77003.0,10604.955,18.42,11.347,10000.0
10,77004.0,10703.759,4.574,1.666,10000.0
10,77005.0,8743.017,8.526,6.987,10000.0
10,77006.0,9961.111,6.641,5.972,10000.0
10,77007.0,11182.289,6.297,2.246,10000.0
10,77008.0,8899.151,6.782,6.436,10000.0
10,77009.0,10975.848,5.718,50.197,10000.0
10,77010.0,9984.195,8.659,6.562,10000.0
10,77011.0,9283.782000000001,41.938,4.815,10000.0
10,77012.0,9797.498,8.055,3.789,10000.0
10,77013.0,10134.199999999999,8.874,4.08,10000.0
10,77014.0,9878.731,11.383,4.43,10000.0
10,77015.0,9916.339999999998,6.271,6.074,10000.0
10,77016.0,11076.630000000001,6.645,6.933,10000.0
10,77017.0,8866.979000000001,7.543,15.505,10000.0
10,77018.0,9979.492,5.021,2.778,10000.0
10,77019.0,10098.006,7.523,4.236,10000.0
10,77020.0,9867.898,4.394,3.39,10000.0
10,77021.0,10051.444,6.317,8.494,10000.0
10,77022.0,9996.687,7.938,7.379,10000.0
10,77023.0,10059.554,29.645,5.377,10000.0
10,77024.0,9985.936000000002,4.915,3.788,10000.0
10,77025.0,10035.534,55.691,4.462,10000.0
10,77026.0,9874.474,4.37,2.308,10000.0
10,77027.0,10315.184,6.631,4.782,10000.0
10,77028.0,9992.945,5.882,4.758,10000.0
10,77029.0,9717.342999999999,4.574,3.426,10000.0
10,77030.0,10117.154999999999,4.962,3.77,10000.0
10,77031.0,10337.257000000001,37.288,5.516,10000.0
10,77032.0,9910.024,35.813,23.821,10000.0
10,77033.0,9677.167000000001,4.659,3.519,10000.0
10,77034.0,12016.288,7.778,4.534,10000.0
10,77035.0,8252.387999999999,7.347,4.86,10000.0
10,77036.0,9812.794,8.798,4.51,10000.0
10,77037.0,9859.857,4.58,2.794,10000.0
10,77038.0,10162.44,41.619,5.086,10000.0
10,77039.0,9939.619,6.889,4.788,10000.0
10,77040.0,10134.618999999999,15.804,3.389,10000.0
10,77041.0,12299.268,14.348,17.624,10000.0
10,77042.0,7515.659,6.731,2.778,10000.0
10,77043.0,10028.367999999999,8.411,3.419,10000.0
10,77044.0,10238.408,3.872,1.786,10000.0
10,77045.0,9871.731,7.463,5.833,10000.0
10,77046.0,10327.021,5.253,3.685,10000.0
10,77047.0,9833.041000000001,6.694,3.707,10000.0
10,77048.0,9612.567000000001,5.299,3.58,10000.0
10,77049.0,10260.348,8.352,5.429,10000.0
10,77050.0,10082.822,52.299,4.701,10000.0
10,77051.0,10138.886,6.495,18.61,10000.0
10,77052.0,9573.132,7.522,5.765,10000.0
10,77053.0,10302.898,36.51,5.335,10000.0
10,77054.0,9859.984,8.961,4.742,10000.0
10,77055.0,10946.105,4.661,9.926,10000.0
10,77056.0,8940.309000000001,6.87,5.364,10000.0
10,77057.0,10996.205,124.296,2.114,10000.0
10,77058.0,8960.236,8.024,4.773,10000.0
10,77059.0,10007.2,6.034,3.806,10000.0
10,77060.0,10173.154999999999,8.831,5.155,10000.0
10,77061.0,10079.262999999999,6.997,5.995,10000.0
10,77062.0,9751.616,6.802,4.105,10000.0
10,77063.0,10027.111,7.638,5.319,10000.0
10,77064.0,9955.176,3.908,2.397,10000.0
10,77065.0,10011.29,5.51,2.118,10000.0
10,77066.0,10072.905,5.39,2.591,10000.0
10,77067.0,9992.177,8.759,5.157,10000.0
10,77068.0,10041.101,7.718,6.415,10000.0
10,77069.0,9951.573999999999,5.501,6.543,10000.0
10,77070.0,10590.035,57.461,5.331,10000.0
10,77071.0,9516.113,45.51,11.602,10000.0
10,77072.0,10069.067,38.479,3.78,10000.0
10,77073.0,9887.496000000001,35.624,4.687,10000.0
10,77074.0,9868.725999999999,7.78,3.709,10000.0
10,77075.0,9996.121000000001,28.34,3.631,10000.0
10,77076.0,9994.173,5.822,2.749,10000.0
10,77077.0,10044.248,4.832,4.095,10000.0
10,77078.0,10032.172,4.872,4.014,10000.0
10,77079.0,10110.091999999999,5.589,1.815,10000.0
10,77080.0,9831.121,5.136,4.389,10000.0
10,77081.0,10072.67,6.413,2.959,10000.0
10,77082.0,10506.074,4.652,2.462,10000.0
10,77083.0,9489.66,8.814,3.748,10000.0
10,77084.0,10034.05,7.939,5.43,10000.0
10,77085.0,9930.385999999999,5.005,3.451,10000.0
10,77086.0,9941.152,4.41,2.609,10000.0
10,77087.0,10028.339,6.532,6.055,10000.0
10,77088.0,9994.799,5.341,3.694,10000.0
10,77089.0,10087.957,4.851,1.907,10000.0
10,77090.0,9973.179,5.733,3.094,10000.0
10,77091.0,10050.067,6.66,4.075,10000.0
10,77092.0,10025.077000000001,29.782,9.565,10000.0
10,77093.0,10227.114000000001,31.471,3.458,10000.0
10,77094.0,9659.726,4.565,2.964,10000.0
10,77095.0,10329.838,4.631,1.806,10000.0
10,77096.0,9638.994,5.422,3.677,10000.0
10,77097.0,10130.35,5.566,3.517,10000.0
10,77098.0,10732.53,5.681,2.607,10000.0
10,77099.0,9264.537,3.987,1.32,10000.0
10,77100.0,10079.991,37.381,2.747,10000.0
10,77101.0,9959.36,32.166,3.446,10000.0
10,77102.0,10142.32,41.594,4.406,10000.0
10,77103.0,11730.482,3.813,1.762,10000.0
10,77104.0,8066.861999999999,60.462,23.9,10000.0
10,77105.0,9923.332999999999,5.553,4.448,10000.0
10,77106.0,10208.741,6.956,10.898,10000.0
10,77107.0,11308.217,11.153,2.282,10000.0
10,77108.0,8474.358,5.378,4.877,10000.0
10,77109.0,10132.097,21.235,11.94,10000.0
10,77110.0,9938.912,10.833,3.841,10000.0
10,77111.0,9958.395999999999,8.181,4.586,10000.0
10,77112.0,10171.039,21.382,47.246,10000.0
10,77113.0,9781.623,9.038,5.524,10000.0
10,77114.0,9980.617,6.482,4.287,10000.0
10,77115.0,10053.528,5.281,3.556,10000.0
10,77116.0,10065.08,5.423,6.672,10000.0
10,77117.0,9968.827,3.931,4.129,10000.0
10,77118.0,10138.467,23.853,2.701,10000.0
10,77119.0,9796.376,4.801,2.919,10000.0
10,77120.0,10143.74,5.874,3.858,10000.0
10,77121.0,12920.137,5.685,3.993,10000.0
10,77122.0,6964.963000000001,9.13,5.634,10000.0
10,77123.0,10141.015,18.438,4.823,10000.0
10,77124.0,9987.047,5.507,4.697,10000.0
10,77125.0,9898.172,5.733,4.83,10000.0
10,77126.0,10040.291,5.247,3.861,10000.0
10,77127.0,11139.818,5.725,2.66,10000.0
10,77128.0,8777.625,6.503,2.759,10000.0
10,77129.0,9966.51,5.1,4.365,10000.0
10,77130.0,10155.015,5.046,2.97,10000.0
10,77131.0,9916.107,5.932,2.17,10000.0
10,77132.0,10088.031,6.35,4.792,10000.0
10,77133.0,9859.819000000001,7.203,2.924,10000.0
10,77134.0,9986.138,20.745,2.99,10000.0
10,77135.0,10000.497000000001,4.709,6.671,10000.0
10,77136.0,10015.886,3.923,3.683,10000.0
10,77137.0,10109.306,5.117,1.361,10000.0
10,77138.0,9999.707999999999,5.001,3.476,10000.0
10,77139.0,9878.226,5.258,13.892,10000.0
10,77140.0,10006.705,5.707,4.533,10000.0
10,77141.0,10087.291,10.715,4.461,10000.0
10,77142.0,10217.782,43.607,5.537,10000.0
10,77143.0,10461.969,7.818,5.944,10000.0
10,77144.0,9350.559,7.142,2.948,10000.0
10,77145.0,10162.941,6.423,44.158,10000.0
10,77146.0,9708.715999999999,6.049,3.859,10000.0
10,77147.0,10053.249,5.174,3.139,10000.0
10,77148.0,9982.434,5.371,6.332,10000.0
10,77149.0,10105.052,3.977,3.022,10000.0
10,77150.0,9867.558,6.059,3.633,10000.0
10,77151.0,10010.085000000001,4.91,1.559,10000.0
10,77152.0,10018.548999999999,7.041,13.666,10000.0
10,77153.0,9989.757,8.547,21.745,10000.0
10,77154.0,10138.235,7.566,3.563,10000.0
10,77155.0,9925.357,70.43,4.601,10000.0
10,77156.0,9943.145,8.708,5.673,10000.0
10,77157.0,10031.141,3.609,6.378,10000.0
10,77158.0,11239.237,5.382,4.67,10000.0
10,77159.0,8747.224,4.899,2.153,10000.0
10,77160.0,10233.636,9.757,4.936,10000.0
10,77161.0,9745.553,4.528,2.683,10000.0
10,77162.0,9989.268,5.364,2.841,10000.0
10,77163.0,9988.67,4.869,2.663,10000.0
10,77164.0,9994.514,4.813,2.889,10000.0
10,77165.0,9969.754,11.609,2.465,10000.0
10,77166.0,10112.708,44.615,2.538,10000.0
10,77167.0,10322.401,6.323,4.096,10000.0
10,77168.0,10098.719000000001,6.918,3.178,10000.0
10,77169.0,9748.395,37.219,13.536,10000.0
10,77170.0,9827.074999999999,4.006,1.376,10000.0
10,77171.0,10082.043000000001,10.536,3.28,10000.0
10,77172.0,9926.026,5.376,4.19,10000.0
10,77173.0,10060.626,30.222,2.245,10000.0
10,77174.0,10034.924,35.902,2.154,10000.0
10,77175.0,9797.407,4.668,4.861,10000.0
10,77176.0,10013.282,4.22,384.889,10000.0
10,77177.0,10047.367999999999,21.318,7.045,10000.0
10,77178.0,10107.853,6.661,14.188,10000.0
10,77179.0,9967.475999999999,11.894,5.018,10000.0
10,77180.0,9994.91,14.966,5.908,10000.0
10,77181.0,9941.741,7.219,3.077,10000.0
10,77182.0,10052.666,16.88,3.127,10000.0
10,77183.0,9898.03,5.59,2.73,10000.0
10,77184.0,10001.615,5.051,3.877,10000.0
10,77185.0,10001.668,4.266,3.889,10000.0
10,77186.0,9993.639000000001,3.675,2.564,10000.0
10,77187.0,9982.758,3.292,2.434,10000.0
10,77188.0,10018.84,5.367,3.092,10000.0
10,77189.0,10087.867,47.32,1.788,10000.0
10,77190.0,10356.381,17.572,2.9,10000.0
10,77191.0,9730.398,38.857,3.911,10000.0
10,77192.0,9882.095000000001,47.112,20.321,10000.0
10,77193.0,10139.458,23.708,3.142,10000.0
10,77194.0,9892.404,5.299,2.893,10000.0
10,77195.0,10110.941,8.46,21.376,10000.0
10,77196.0,10027.262,19.517,787.9,10000.0
10,77197.0,10225.18,13.606,14.473,10000.0
10,77198.0,9574.627,8.404,3.838,10000.0
10,77199.0,10040.560000000001,4.949,2.159,10000.0
10,77200.0,10055.292000000001,7.985,4.243,10000.0
10,77201.0,9904.23,23.17,5.102,10000.0
10,77202.0,9981.904,3.658,1.728,10000.0
10,77203.0,9996.012,6.114,2.549,10000.0
10,77204.0,10014.657,4.921,1.596,10000.0
10,77205.0,10000.909,4.912,2.796,10000.0
10,77206.0,9954.659,5.274,2.617,10000.0
10,77207.0,11171.714,4.686,3.785,10000.0
10,77208.0,8832.793,5.24,2.621,10000.0
10,77209.0,10097.811,5.054,2.45,10000.0
10,77210.0,10107.106,5.296,1.217,10000.0
10,77211.0,9861.344,7.535,5.765,10000.0
10,77212.0,9965.391,5.94,4.358,10000.0
10,77213.0,9971.761,3.593,2.09,10000.0
10,77214.0,10071.016,6.226,2.617,10000.0
10,77215.0,9934.426,5.689,3.373,10000.0
10,77216.0,9998.079,3.804,2.661,10000.0
10,77217.0,10131.007,5.677,2.302,10000.0
10,77218.0,10044.113000000001,8.203,4.192,10000.0
10,77219.0,9941.461000000001,4.418,2.461,10000.0
10,77220.0,10027.627,19.158,21.669,10000.0
10,77221.0,9877.197,13.897,25.8,10000.0
10,77222.0,10164.161999999998,13.932,22.371,10000.0
10,77223.0,9881.038999999999,8.681,11.739,10000.0
10,77224.0,10000.613,7.427,3.766,10000.0
10,77225.0,9965.144,6.553,4.269,10000.0
10,77226.0,9986.242,4.555,1.783,10000.0
10,77227.0,10007.545,4.598,2.982,10000.0
10,77228.0,10341.164,37.259,12.037,10000.0
10,77229.0,9667.251,7.501,26.937,10000.0
10,77230.0,10213.224,4.817,2.878,10000.0
10,77231.0,10001.342,15.405,4.297,10000.0
10,77232.0,9853.989000000001,21.593,6.692,10000.0
10,77233.0,10245.288999999999,6.798,2.484,10000.0
10,77234.0,9899.381000000001,5.306,5.153,10000.0
10,77235.0,9838.103000000001,5.976,15.868,10000.0
10,77236.0,10170.901,18.849,6.943,10000.0
10,77237.0,10042.936,8.731,3.714,10000.0
10,77238.0,9681.96,6.958,4.28,10000.0
10,77239.0,10144.745,4.458,3.055,10000.0
10,77240.0,42595.116,5.406,3.33,10000.0
10,77241.0,7291.3099999999995,3.881,2.666,10000.0
10,77242.0,12064.236,5.47,3.091,10000.0
10,77243.0,7977.764,7.509,17.753,10000.0
10,77244.0,10022.92,4.992,1.612,10000.0
10,77245.0,9941.537,6.41,27.569,10000.0
10,77246.0,10013.62,8.835,6.33,10000.0
10,77247.0,9999.503,10.274,6.223,10000.0
10,77248.0,10151.085000000001,5.61,2.97,10000.0
10,77249.0,9954.1,6.717,5.887,10000.0
10,77250.0,9887.72,7.257,4.683,10000.0
10,77251.0,9974.721000000001,4.715,16.58,10000.0
10,77252.0,9999.853,5.501,4.193,10000.0
10,77253.0,9993.676,4.277,2.427,10000.0
10,77254.0,10038.963,6.386,2.833,10000.0
10,77255.0,10225.782,36.755,4.107,10000.0
10,77256.0,11858.489,6.179,2.978,10000.0
10,77257.0,8744.106,37.977,4.846,10000.0
10,77258.0,9317.937,37.344,3.833,10000.0
10,77259.0,10110.809,9.438,2.678,10000.0
10,77260.0,9845.556999999999,12.433,22.464,10000.0
10,77261.0,10015.526,5.568,2.533,10000.0
10,77262.0,11097.154,35.798,3.963,10000.0
10,77263.0,8784.624,6.43,10.083,10000.0
10,77264.0,9990.957,4.117,3.306,10000.0
10,77265.0,10121.053,7.557,2.45,10000.0
10,77266.0,9996.888,9.72,9.648,10000.0
10,77267.0,9909.22,7.1,5.942,10000.0
10,77268.0,10437.482999999998,5.219,4.259,10000.0
10,77269.0,9521.297,7.736,4.274,10000.0
10,77270.0,10000.354,5.438,3.558,10000.0
10,77271.0,10142.77,6.42,2.57,10000.0
10,77272.0,9851.02,5.011,3.758,10000.0
10,77273.0,10021.216,5.196,3.072,10000.0
10,77274.0,10047.159,7.596,4.399,10000.0
10,77275.0,10044.491,5.884,2.712,10000.0
10,77276.0,9935.381,4.26,2.828,10000.0
10,77277.0,10250.909000000001,5.813,190.435,10000.0
10,77278.0,9871.212000000001,6.331,3.127,10000.0
10,77279.0,9841.942,5.045,13.892,10000.0
10,77280.0,10099.073,6.67,4.954,10000.0
10,77281.0,9963.398,7.4,5.142,10000.0
10,77282.0,9999.1,5.27,2.631,10000.0
10,77283.0,9943.98,3.863,4.778,10000.0
10,77284.0,10153.58,5.891,3.005,10000.0
10,77285.0,9989.722,8.25,5.211,10000.0
10,77286.0,9858.692000000001,6.674,5.433,10000.0
10,77287.0,9975.649,3.861,2.086,10000.0
10,77288.0,10327.992,6.056,3.614,10000.0
10,77289.0,9798.058,6.196,4.622,10000.0
10,77290.0,9928.544,4.744,3.729,10000.0
10,77291.0,10202.73,35.702,3.291,10000.0
10,77292.0,9748.3,3.51,1.838,10000.0
10,77293.0,10020.82,4.893,2.619,10000.0
10,77294.0,9997.555,5.962,3.799,10000.0
10,77295.0,10023.803,5.479,3.307,10000.0
10,77296.0,9955.265,4.223,3.156,10000.0
10,77297.0,10051.849,5.684,3.958,10000.0
10,77298.0,10004.081,5.545,2.803,10000.0
10,77299.0,10027.005000000001,3.912,3.378,10000.0
10,77300.0,10672.419,5.928,2.459,10000.0
10,77301.0,9270.947999999999,4.33,2.356,10000.0
10,77302.0,10436.401,5.447,3.819,10000.0
10,77303.0,10621.669,7.489,4.783,10000.0
10,77304.0,9078.798,33.665,149.469,10000.0
10,77305.0,9955.913999999999,7.675,4.544,10000.0
10,77306.0,10005.378,9.525,4.874,10000.0
10,77307.0,9846.052,10.026,6.391,10000.0
10,77308.0,10027.717999999999,4.003,4.654,10000.0
10,77309.0,10036.335000000001,5.155,2.775,10000.0
10,77310.0,10278.415,9.1,11.364,10000.0
10,77311.0,9788.467,10.24,6.352,10000.0
10,77312.0,9955.896,5.587,1.676,10000.0
10,77313.0,10274.556,7.302,6.211,10000.0
10,77314.0,9783.045,4.931,2.356,10000.0
10,77315.0,9873.447,4.432,2.108,10000.0
10,77316.0,10074.016,6.979,4.189,10000.0
10,77317.0,9999.006,5.187,2.774,10000.0
10,77318.0,9991.54,4.772,3.129,10000.0
10,77319.0,10050.590999999999,5.96,3.075,10000.0
10,77320.0,10088.835000000001,17.736,3.59,10000.0
10,77321.0,9819.018,5.507,4.084,10000.0
10,77322.0,10178.443000000001,23.076,10.2,10000.0
10,77323.0,9873.305,30.201,8.07,10000.0
10,77324.0,10137.766,8.346,4.669,10000.0
10,77325.0,10049.419,18.177,4.112,10000.0
10,77326.0,9731.762999999999,4.702,2.455,10000.0
10,77327.0,10119.705,22.9,54.639,10000.0
10,77328.0,9967.545,5.906,2.425,10000.0
10,77329.0,9933.596,5.897,31.006,10000.0
10,77330.0,10015.062,12.227,4.966,10000.0
10,77331.0,10028.026,5.315,3.578,10000.0
10,77332.0,9974.807,8.461,3.751,10000.0
10,77333.0,10498.839,4.754,3.29,10000.0
10,77334.0,9497.17,7.688,4.075,10000.0
10,77335.0,9980.127,5.678,3.522,10000.0
10,77336.0,10009.182,4.381,1.526,10000.0
10,77337.0,10181.543,6.489,5.078,10000.0
10,77338.0,10092.47,36.17,3.13,10000.0
10,77339.0,10254.159,36.065,4.936,10000.0
10,77340.0,9572.48,28.196,3.961,10000.0
10,77341.0,9861.274,4.484,1.98,10000.0
10,77342.0,10041.404,6.059,2.708,10000.0
10,77343.0,10052.287,5.753,2.696,10000.0
10,77344.0,10228.454,7.034,3.743,10000.0
10,77345.0,9764.961000000001,7.283,5.127,10000.0
10,77346.0,10275.312,42.44,16.871,10000.0
10,77347.0,9687.334,8.049,5.823,10000.0
10,77348.0,10012.757000000001,7.742,8.008,10000.0
10,77349.0,10392.277,7.742,3.495,10000.0
10,77350.0,9673.764,4.269,3.527,10000.0
10,77351.0,11220.753,7.096,6.362,10000.0
10,77352.0,9246.293,7.082,4.163,10000.0
10,77353.0,9590.947,7.925,4.997,10000.0
10,77354.0,9986.646999999999,4.956,2.027,10000.0
10,77355.0,9961.487,7.943,4.273,10000.0
10,77356.0,10267.929,38.899,109.553,10000.0
10,77357.0,9733.682999999999,900.085,2.835,10000.0
10,77358.0,10125.164,4.214,4.267,10000.0
10,77359.0,10062.595000000001,6.367,8.405,10000.0
10,77360.0,9735.618999999999,9.032,5.664,10000.0
10,77361.0,11066.273,7.096,3.317,10000.0
10,77362.0,9094.109,6.879,5.826,10000.0
10,77363.0,9956.944000000001,8.192,6.195,10000.0
10,77364.0,11814.246000000001,17.006,16.392,10000.0
10,77365.0,8069.6269999999995,6.491,6.215,10000.0
10,77366.0,9987.683,8.885,6.256,10000.0
10,77367.0,10118.300000000001,5.43,3.125,10000.0
10,77368.0,10163.179,7.38,3.34,10000.0
10,77369.0,9797.047999999999,8.837,4.45,10000.0
10,77370.0,9956.944000000001,5.636,5.48,10000.0
10,77371.0,9957.969000000001,6.334,3.673,10000.0
10,77372.0,10093.096,9.329,6.089,10000.0
10,77373.0,9977.305,6.449,3.796,10000.0
10,77374.0,9939.769,4.353,3.137,10000.0
10,77375.0,10015.467999999999,6.424,5.448,10000.0
10,77376.0,10857.261,74.892,3.066,10000.0
10,77377.0,9543.304,87.835,5.323,10000.0
10,77378.0,9567.697,4.573,5.263,10000.0
10,77379.0,10057.054,100.045,3.347,10000.0
10,77380.0,9966.675,5.896,4.847,10000.0
10,77381.0,9991.954000000002,4.346,2.553,10000.0
10,77382.0,10020.222,6.439,3.898,10000.0
10,77383.0,10125.230000000001,34.242,3.299,10000.0
10,77384.0,10962.489000000001,4.885,7.103,10000.0
10,77385.0,9247.925000000001,47.383,2.86,10000.0
10,77386.0,9665.2,6.316,36.262,10000.0
10,77387.0,10121.06,9.655,8.49,10000.0
10,77388.0,9983.781,19.229,3.657,10000.0
10,77389.0,10049.234,6.086,3.118,10000.0
10,77390.0,9879.502,7.29,4.327,10000.0
10,77391.0,10163.403,7.135,3.902,10000.0
10,77392.0,9755.436,3.709,3.699,10000.0
10,77393.0,10032.755000000001,5.879,4.711,10000.0
10,77394.0,9992.780999999999,4.391,3.186,10000.0
10,77395.0,10042.571,7.158,6.47,10000.0
10,77396.0,10342.871,5.463,2.784,10000.0
10,77397.0,9604.103,6.013,2.638,10000.0
10,77398.0,10028.33,5.419,7.387,10000.0
10,77399.0,11528.795999999998,5.265,3.331,10000.0
10,77400.0,8538.275,7.671,5.461,10000.0
10,77401.0,10220.477,8.236,6.118,10000.0
10,77402.0,9945.967,7.812,11.637,10000.0
10,77403.0,9838.533,59.196,3.578,10000.0
10,77404.0,10000.955,15.113,3.041,10000.0
10,77405.0,9897.214999999998,5.408,2.963,10000.0
10,77406.0,10238.221000000001,43.406,12.687,10000.0
10,77407.0,9844.747,3.598,4.705,10000.0
10,77408.0,10155.159,33.476,3.045,10000.0
10,77409.0,11122.478,51.096,5.292,10000.0
10,77410.0,8654.863000000001,4.441,12.017,10000.0
10,77411.0,10131.417,22.323,10.4,10000.0
10,77412.0,12236.021999999999,7.425,10.785,10000.0
10,77413.0,7637.269,4.395,1.572,10000.0
10,77414.0,11236.400000000001,37.21,4.587,10000.0
10,77415.0,8799.313,13.103,3.709,10000.0
10,77416.0,10131.668,5.791,3.097,10000.0
10,77417.0,10057.636,12.548,3.746,10000.0
10,77418.0,9743.222,3.901,1.624,10000.0
10,77419.0,10514.759,5.202,1.934,10000.0
10,77420.0,9827.003,4.321,1.924,10000.0
10,77421.0,9843.335,5.593,2.687,10000.0
10,77422.0,9812.543,5.284,3.799,10000.0
10,77423.0,10010.884,3.903,2.038,10000.0
10,77424.0,10008.221,4.112,2.103,10000.0
10,77425.0,10218.893,3.809,1.881,10000.0
10,77426.0,9821.866,8.637,4.243,10000.0
10,77427.0,9959.989000000001,4.575,3.408,10000.0
10,77428.0,10446.707,5.922,3.049,10000.0
10,77429.0,9509.9,6.269,1.819,10000.0
10,77430.0,10033.425000000001,4.501,2.071,10000.0
10,77431.0,10213.270999999999,4.847,1.872,10000.0
10,77432.0,9831.734999999999,4.632,2.197,10000.0
10,77433.0,9980.042,5.834,2.688,10000.0
10,77434.0,10133.419,7.01,2.05,10000.0
10,77435.0,9885.452,8.668,4.469,10000.0
10,77436.0,10100.6,18.57,5.458,10000.0
10,77437.0,10192.653,30.814,4.312,10000.0
10,77438.0,9797.355000000001,11.003,4.106,10000.0
10,77439.0,10525.433,7.35,42.995,10000.0
10,77440.0,9440.610999999999,6.032,4.114,10000.0
10,77441.0,9906.681,7.544,11.705,10000.0
10,77442.0,10102.631000000001,44.993,14.968,10000.0
10,77443.0,9891.097,4.637,7.693,10000.0
10,77444.0,10679.215,7.279,3.292,10000.0
10,77445.0,9317.692000000001,4.773,2.535,10000.0
10,77446.0,10209.799,9.08,2.505,10000.0
10,77447.0,9869.698999999999,5.846,3.275,10000.0
10,77448.0,9950.938,4.901,2.621,10000.0
10,77449.0,10106.91,8.704,4.938,10000.0
10,77450.0,9862.858,5.121,2.87,10000.0
10,77451.0,10031.491,7.932,5.029,10000.0
10,77452.0,10921.313,5.908,3.699,10000.0
10,77453.0,9095.572999999999,4.498,2.673,10000.0
10,77454.0,10150.169,3.998,2.361,10000.0
10,77455.0,9866.466,5.673,3.874,10000.0
10,77456.0,9953.266000000001,3.819,2.989,10000.0
10,77457.0,10095.587,7.309,3.363,10000.0
10,77458.0,9928.436,6.15,14.075,10000.0
10,77459.0,10052.073,5.797,6.024,10000.0
10,77460.0,10065.503999999999,6.77,4.286,10000.0
10,77461.0,9892.813,4.992,2.286,10000.0
10,77462.0,10154.166,6.132,3.738,10000.0
10,77463.0,9826.184,3.819,8.144,10000.0
10,77464.0,13045.842,4.362,29.503,10000.0
10,77465.0,6952.798,4.323,1.91,10000.0
10,77466.0,9979.171,4.564,2.448,10000.0
10,77467.0,10007.278,6.387,4.233,10000.0
10,77468.0,10136.155,6.969,4.349,10000.0
10,77469.0,9867.824,6.181,3.765,10000.0
10,77470.0,10026.889000000001,4.71,3.427,10000.0
10,77471.0,9990.01,5.073,2.395,10000.0
10,77472.0,9977.497,4.292,3.771,10000.0
10,77473.0,10025.483,5.4,2.873,10000.0
10,77474.0,10087.31,28.238,3.133,10000.0
10,77475.0,9913.447,6.466,4.097,10000.0
10,77476.0,10645.407000000001,32.345,3.572,10000.0
10,77477.0,9352.808,6.481,3.814,10000.0
10,77478.0,10252.114,34.055,18.333,10000.0
10,77479.0,11200.463000000002,4.602,2.259,10000.0
10,77480.0,8564.238,7.782,26.224,10000.0
10,77481.0,10212.512999999999,36.646,3.535,10000.0
10,77482.0,9719.823,14.365,3.834,10000.0
10,77483.0,10091.723,10.289,6.143,10000.0
10,77484.0,10136.917000000001,17.321,8.112,10000.0
10,77485.0,9904.982,18.491,20.79,10000.0
10,77486.0,10000.699,5.299,1.638,10000.0
10,77487.0,9942.515000000001,4.882,2.978,10000.0
10,77488.0,9960.754,6.393,3.605,10000.0
10,77489.0,10078.436,19.096,3.403,10000.0
10,77490.0,10215.063,39.262,2.907,10000.0
10,77491.0,10682.331,61.221,3.786,10000.0
10,77492.0,9179.896,29.884,3.698,10000.0
10,77493.0,9833.879,4.137,3.909,10000.0
10,77494.0,10195.175000000001,5.703,7.661,10000.0
10,77495.0,10985.421,11.382,3.453,10000.0
10,77496.0,8845.384,8.842,6.348,10000.0
10,77497.0,10005.801,5.609,3.943,10000.0
10,77498.0,10176.559,15.577,2.987,10000.0
10,77499.0,9834.005,8.779,2.875,10000.0
10,77500.0,10059.59,7.023,4.19,10000.0
10,77501.0,9908.634,5.398,2.624,10000.0
10,77502.0,10103.351,7.082,4.086,10000.0
10,77503.0,10009.229,17.354,7.085,10000.0
10,77504.0,10652.984,7.98,4.344,10000.0
10,77505.0,9215.787,23.203,2.575,10000.0
10,77506.0,10001.173,5.217,2.297,10000.0
10,77507.0,10094.663,7.643,6.703,10000.0
10,77508.0,10039.493,5.566,2.115,10000.0
10,77509.0,9979.563,7.716,2.117,10000.0
10,77510.0,9995.034,30.543,2.446,10000.0
10,77511.0,9893.43,4.796,3.1,10000.0
10,77512.0,9998.497,3.798,1.873,10000.0
10,77513.0,9990.859,5.522,2.277,10000.0
10,77514.0,10107.441,5.616,2.495,10000.0
10,77515.0,10590.07,34.4,7.064,10000.0
10,77516.0,10409.987000000001,7.464,4.161,10000.0
10,77517.0,8956.682,14.317,13.452,10000.0
10,77518.0,10327.161,41.993,17.712,10000.0
10,77519.0,9830.391000000001,6.297,3.338,10000.0
10,77520.0,9809.067,4.752,6.835,10000.0
10,77521.0,10243.302,10.194,3.468,10000.0
10,77522.0,9768.034,10.131,11.277,10000.0
10,77523.0,10064.443,6.497,11.826,10000.0
10,77524.0,9883.336,4.907,21.04,10000.0
10,77525.0,10073.208,10.467,2.681,10000.0
10,77526.0,9948.362000000001,4.813,2.837,10000.0
10,77527.0,10168.609,5.352,2.49,10000.0
10,77528.0,9825.054999999998,5.361,2.759,10000.0
10,77529.0,10031.689999999999,6.096,4.525,10000.0
10,77530.0,10020.206,8.935,4.351,10000.0
10,77531.0,10181.182999999999,7.596,3.605,10000.0
10,77532.0,10119.403,5.552,4.498,10000.0
10,77533.0,9861.998,8.769,3.881,10000.0
10,77534.0,10874.748,9.588,3.828,10000.0
10,77535.0,10163.636,9.374,5.549,10000.0
10,77536.0,9328.373,50.965,4.547,10000.0
10,77537.0,9418.687,8.59,19.413,10000.0
10,77538.0,10060.314,7.63,3.114,10000.0
10,77539.0,9954.822,7.47,4.583,10000.0
10,77540.0,10118.089,8.522,6.494,10000.0
10,77541.0,9875.221,5.575,3.714,10000.0
10,77542.0,10213.287999999999,32.14,9.06,10000.0
10,77543.0,9844.91,8.285,4.636,10000.0
10,77544.0,9976.367,15.539,3.44,10000.0
10,77545.0,9950.153999999999,4.195,2.756,10000.0
10,77546.0,10130.003,7.928,4.432,10000.0
10,77547.0,9993.056,7.886,4.494,10000.0
10,77548.0,9894.923,5.771,7.026,10000.0
10,77549.0,10017.964,8.542,10.886,10000.0
10,77550.0,10014.373,8.787,7.692,10000.0
10,77551.0,10023.41,5.489,10.75,10000.0
10,77552.0,10012.307,108.785,5.737,10000.0
10,77553.0,10060.197,6.104,2.923,10000.0
10,77554.0,9850.809000000001,4.123,2.027,10000.0
10,77555.0,10256.140000000001,6.219,3.304,10000.0
10,77556.0,9919.837000000001,33.569,9.026,10000.0
10,77557.0,11657.938,5.238,1.985,10000.0
10,77558.0,8413.284,20.203,11.924,10000.0
10,77559.0,10080.822,51.012,58.06,10000.0
10,77560.0,10164.237,4.193,3.888,10000.0
10,77561.0,9481.628,7.142,6.516,10000.0
10,77562.0,10216.059,46.898,6.216,10000.0
10,77563.0,10041.74,49.447,12.671,10000.0
10,77564.0,9845.993,17.528,20.572,10000.0
10,77565.0,10484.360999999999,7.364,5.753,10000.0
10,77566.0,9601.934,8.263,3.707,10000.0
10,77567.0,10018.324999999999,4.729,4.113,10000.0
10,77568.0,10494.166,5.557,2.177,10000.0
10,77569.0,9594.468,5.46,2.328,10000.0
10,77570.0,9769.906,6.062,3.996,10000.0
10,77571.0,9973.743999999999,5.839,22.853,10000.0
10,77572.0,10030.234,6.429,2.937,10000.0
10,77573.0,9953.321,4.505,4.361,10000.0
10,77574.0,10020.883,5.899,4.446,10000.0
10,77575.0,11087.698,5.544,3.2,10000.0
10,77576.0,8897.954,4.905,8.576,10000.0
10,77577.0,10063.659000000001,5.595,34.34,10000.0
10,77578.0,9979.366,5.382,3.566,10000.0
10,77579.0,10500.793,6.326,6.725,10000.0
10,77580.0,9502.023,15.541,7.977,10000.0
10,77581.0,9980.46,6.916,2.924,10000.0
10,77582.0,10067.354000000001,8.93,7.309,10000.0
10,77583.0,9945.841,7.241,5.383,10000.0
10,77584.0,9965.612000000001,4.239,4.883,10000.0
10,77585.0,9993.887999999999,6.938,5.587,10000.0
10,77586.0,10001.992,4.817,6.349,10000.0
10,77587.0,10037.941,3.972,2.208,10000.0
10,77588.0,9921.72,5.457,4.433,10000.0
10,77589.0,10046.812,5.521,3.817,10000.0
10,77590.0,10054.885,6.308,4.096,10000.0
10,77591.0,9976.318,5.11,2.617,10000.0
10,77592.0,9941.594,5.462,3.041,10000.0
10,77593.0,9993.360999999999,5.132,5.24,10000.0
10,77594.0,10718.294,5.223,1.778,10000.0
10,77595.0,9348.237000000001,7.19,4.63,10000.0
10,77596.0,9967.194,4.451,2.919,10000.0
10,77597.0,10260.831999999999,36.35,2.826,10000.0
10,77598.0,9766.777,9.141,4.514,10000.0
10,77599.0,9972.238,4.154,1.495,10000.0
10,77600.0,9999.960000000001,5.705,3.54,10000.0
10,77601.0,10113.96,8.345,3.655,10000.0
10,77602.0,10060.713,6.824,1.981,10000.0
10,77603.0,9972.330999999998,5.222,2.554,10000.0
10,77604.0,9884.052000000001,6.447,3.435,10000.0
10,77605.0,9957.327,5.261,3.662,10000.0
10,77606.0,10125.812,6.401,2.547,10000.0
10,77607.0,10142.076,37.088,2.833,10000.0
10,77608.0,10136.983,27.191,23.825,10000.0
10,77609.0,9685.329,5.306,4.167,10000.0
10,77610.0,10125.364,29.66,12.778,10000.0
10,77611.0,9977.874,45.903,2.528,10000.0
10,77612.0,9814.272,4.223,5.454,10000.0
10,77613.0,10034.16,37.306,3.132,10000.0
10,77614.0,10035.552,29.851,27.606,10000.0
10,77615.0,10015.686,6.757,4.952,10000.0
10,77616.0,10018.297,11.652,19.991,10000.0
10,77617.0,9941.749,8.285,5.77,10000.0
10,77618.0,10441.394,13.844,8.408,10000.0
10,77619.0,9525.518,4.253,2.869,10000.0
10,77620.0,9979.332,6.215,3.169,10000.0
10,77621.0,10182.574,30.275,9.458,10000.0
10,77622.0,9893.909,17.985,4.878,10000.0
10,77623.0,12654.762999999999,5.406,2.673,10000.0
10,77624.0,7301.503,8.199,6.297,10000.0
10,77625.0,9984.846,5.276,14.275,10000.0
10,77626.0,9997.219,5.598,3.645,10000.0
10,77627.0,9956.661,4.96,2.259,10000.0
10,77628.0,10005.204,5.708,3.169,10000.0
10,77629.0,9991.727,5.147,2.639,10000.0
10,77630.0,10024.826000000001,6.183,3.308,10000.0
10,77631.0,11730.706,21.214,17.267,10000.0
10,77632.0,8325.032,9.591,5.108,10000.0
10,77633.0,10040.502999999999,12.509,6.487,10000.0
10,77634.0,9913.544,4.237,3.609,10000.0
10,77635.0,10021.475,5.039,4.191,10000.0
10,77636.0,10514.179,4.912,3.728,10000.0
10,77637.0,9571.064,6.408,2.529,10000.0
10,77638.0,9929.930999999999,4.607,4.867,10000.0
10,77639.0,10434.568,5.575,2.198,10000.0
10,77640.0,9527.811000000002,3.839,2.44,10000.0
10,77641.0,10031.150000000001,5.231,3.225,10000.0
10,77642.0,9986.359,5.067,3.21,10000.0
10,77643.0,10029.417000000001,5.765,2.979,10000.0
10,77644.0,10406.679,5.262,3.073,10000.0
10,77645.0,9575.581999999999,6.329,3.427,10000.0
10,77646.0,9987.994999999999,5.398,2.62,10000.0
10,77647.0,9987.065,4.198,2.082,10000.0
10,77648.0,10017.797,6.326,2.719,10000.0
10,77649.0,9981.112000000001,9.734,6.833,10000.0
10,77650.0,10174.965,34.685,4.077,10000.0
10,77651.0,9848.353000000001,5.169,2.46,10000.0
10,77652.0,11080.882,3.931,2.066,10000.0
10,77653.0,8944.716999999999,6.971,4.765,10000.0
10,77654.0,13109.309,5.021,2.944,10000.0
10,77655.0,6840.843999999999,6.791,9.317,10000.0
10,77656.0,10142.694000000001,5.425,10.874,10000.0
10,77657.0,10215.367,33.295,3.043,10000.0
10,77658.0,9815.541000000001,14.417,7.458,10000.0
10,77659.0,9821.596,6.669,2.436,10000.0
10,77660.0,10040.831,6.08,4.168,10000.0
10,77661.0,10000.113,6.425,4.957,10000.0
10,77662.0,10410.934,37.021,3.222,10000.0
10,77663.0,9605.877,6.355,4.191,10000.0
10,77664.0,10116.032000000001,34.262,3.085,10000.0
10,77665.0,10009.532,15.897,18.289,10000.0
10,77666.0,9877.735999999999,4.455,8.591,10000.0
10,77667.0,9992.956,10.895,3.564,10000.0
10,77668.0,10009.67,7.776,21.435,10000.0
10,77669.0,10030.514000000001,6.478,4.601,10000.0
10,77670.0,10384.671,14.225,3.627,10000.0
10,77671.0,9656.974,8.142,9.071,10000.0
10,77672.0,9921.865,9.011,5.249,10000.0
10,77673.0,10101.644999999999,5.968,2.042,10000.0
10,77674.0,9888.047,6.581,4.596,10000.0
10,77675.0,10031.689999999999,4.665,2.569,10000.0
10,77676.0,10001.797999999999,8.024,5.603,10000.0
10,77677.0,9959.49,6.123,4.53,10000.0
10,77678.0,10767.926000000001,6.267,1.78,10000.0
10,77679.0,9219.099,7.309,2.345,10000.0
10,77680.0,9985.170999999998,5.322,3.976,10000.0
10,77681.0,12377.063,36.182,4.006,10000.0
10,77682.0,7624.692,7.426,2.875,10000.0
10,77683.0,9981.366,5.454,4.902,10000.0
10,77684.0,10033.906,7.23,2.344,10000.0
10,77685.0,9989.141,4.108,2.588,10000.0
10,77686.0,9942.443000000001,3.791,1.475,10000.0
10,77687.0,10018.914,5.38,18.503,10000.0
10,77688.0,10164.052,5.696,4.518,10000.0
10,77689.0,10012.901,39.25,26.605,10000.0
10,77690.0,9874.645,7.737,5.364,10000.0
10,77691.0,10013.546,6.716,23.751,10000.0
10,77692.0,10044.874,17.357,4.203,10000.0
10,77693.0,9918.402,4.264,3.275,10000.0
10,77694.0,10033.020999999999,5.742,6.041,10000.0
10,77695.0,10144.244,25.127,8.639,10000.0
10,77696.0,9837.345000000001,5.16,3.446,10000.0
10,77697.0,10005.781,10.376,8.186,10000.0
10,77698.0,9995.73,9.827,2.567,10000.0
10,77699.0,9967.414,4.217,5.273,10000.0
10,77700.0,10358.09,31.001,22.692,10000.0
10,77701.0,9826.782,5.686,5.403,10000.0
10,77702.0,9970.452,9.242,6.785,10000.0
10,77703.0,9979.600999999999,6.552,3.329,10000.0
10,77704.0,9977.08,3.941,3.987,10000.0
10,77705.0,10035.454,7.777,10.306,10000.0
10,77706.0,9970.877,15.212,2.097,10000.0
10,77707.0,10478.434,12.965,4.978,10000.0
10,77708.0,9463.897,6.081,4.494,10000.0
10,77709.0,10014.652,8.069,70.983,10000.0
10,77710.0,10890.409,26.817,7.287,10000.0
10,77711.0,9506.925,7.72,7.139,10000.0
10,77712.0,10076.503,7.883,5.708,10000.0
10,77713.0,9505.038,4.706,3.816,10000.0
10,77714.0,10015.123000000001,17.728,6.718,10000.0
10,77715.0,9947.136,6.42,4.264,10000.0
10,77716.0,10168.813,49.416,17.728,10000.0
10,77717.0,9960.905,8.739,7.194,10000.0
10,77718.0,9985.898,8.057,11.231,10000.0
10,77719.0,9970.988,31.195,5.799,10000.0
10,77720.0,9985.11,10.01,15.705,10000.0
10,77721.0,10112.652999999998,6.9,5.532,10000.0
10,77722.0,9877.502999999999,10.817,5.086,10000.0
10,77723.0,9998.612000000001,7.764,11.911,10000.0
10,77724.0,9942.999,5.163,1.351,10000.0
10,77725.0,10040.917,8.044,3.689,10000.0
10,77726.0,9956.44,6.06,3.094,10000.0
10,77727.0,9995.53,6.448,2.504,10000.0
10,77728.0,10025.322999999999,8.639,4.951,10000.0
10,77729.0,10044.82,6.915,3.225,10000.0
10,77730.0,10570.460000000001,49.578,8.361,10000.0
10,77731.0,9521.098,12.441,4.014,10000.0
10,77732.0,9950.429,7.56,4.482,10000.0
10,77733.0,10074.007,8.297,26.755,10000.0
10,77734.0,10050.767,14.468,6.366,10000.0
10,77735.0,10618.347,33.328,4.587,10000.0
10,77736.0,10085.724,4.744,3.89,10000.0
10,77737.0,9073.034000000001,4.584,2.318,10000.0
10,77738.0,9942.108999999999,4.446,6.886,10000.0
10,77739.0,9989.447,5.202,2.568,10000.0
10,77740.0,10047.833,4.627,4.928,10000.0
10,77741.0,9971.61,5.5,3.703,10000.0
10,77742.0,9990.59,5.554,2.283,10000.0
10,77743.0,10002.573,5.681,23.876,10000.0
10,77744.0,10453.069000000001,36.843,19.055,10000.0
10,77745.0,10118.259,5.782,17.16,10000.0
10,77746.0,10123.443,4.983,2.78,10000.0
10,77747.0,9489.115,16.46,2.192,10000.0
10,77748.0,10072.808,8.839,12.609,10000.0
10,77749.0,9974.518,710.617,4.438,10000.0
10,77750.0,9837.791000000001,9.544,3.598,10000.0
10,77751.0,10292.541000000001,5.673,2.437,10000.0
10,77752.0,9701.019999999999,5.253,4.024,10000.0
10,77753.0,10305.383,6.029,2.925,10000.0
10,77754.0,9706.667000000001,6.353,20.141,10000.0
10,77755.0,10762.561,5.797,17.28,10000.0
10,77756.0,9231.616,7.162,4.331,10000.0
10,77757.0,10161.236,27.263,22.239,10000.0
10,77758.0,9843.891,7.432,20.592,10000.0
10,77759.0,10186.682,38.538,3.407,10000.0
10,77760.0,10139.182999999999,38.407,4.067,10000.0
10,77761.0,9791.472000000002,22.446,24.831,10000.0
10,77762.0,10094.106,7.674,4.886,10000.0
10,77763.0,9964.419,21.104,7.944,10000.0
10,77764.0,9923.872,6.378,3.24,10000.0
10,77765.0,10143.533,29.789,6.002,10000.0
10,77766.0,9734.388,6.174,18.116,10000.0
10,77767.0,9958.336,6.668,3.075,10000.0
10,77768.0,10348.616999999998,36.885,12.625,10000.0
10,77769.0,10034.116,6.354,4.093,10000.0
10,77770.0,9660.827000000001,6.228,8.478,10000.0
10,77771.0,10250.967999999999,38.261,2.99,10000.0
10,77772.0,9794.564,11.261,3.04,10000.0
10,77773.0,10020.57,4.887,1.701,10000.0
10,77774.0,10160.475,11.351,4.165,10000.0
10,77775.0,12176.780999999999,105.86,14.38,10000.0
10,77776.0,7834.953,25.202,5.268,10000.0
10,77777.0,9736.264,4.056,3.207,10000.0
10,77778.0,10178.602,3.972,1.56,10000.0
10,77779.0,10022.232,14.752,11.197,10000.0
10,77780.0,9847.688,4.497,2.439,10000.0
10,77781.0,9985.57,6.582,3.149,10000.0
10,77782.0,10017.537999999999,4.905,2.984,10000.0
10,77783.0,9941.725,5.578,4.556,10000.0
10,77784.0,10388.247,34.568,4.277,10000.0
10,77785.0,9975.08,37.519,7.576,10000.0
10,77786.0,10068.139000000001,14.529,5.54,10000.0
10,77787.0,9866.302,6.299,4.643,10000.0
10,77788.0,9771.771999999999,7.247,4.845,10000.0
10,77789.0,10083.198999999999,6.508,3.483,10000.0
10,77790.0,9880.664,13.061,3.328,10000.0
10,77791.0,10131.532000000001,6.922,2.942,10000.0
10,77792.0,10008.366,7.509,10.514,10000.0
10,77793.0,10551.292,14.472,17.689,10000.0
10,77794.0,9330.88,7.199,5.366,10000.0
10,77795.0,10393.065,36.57,15.901,10000.0
10,77796.0,9606.937,5.804,4.183,10000.0
10,77797.0,9970.371000000001,6.314,3.365,10000.0
10,77798.0,10244.460000000001,5.239,4.279,10000.0
10,77799.0,11203.398,35.699,1.839,10000.0
10,77800.0,8709.064,16.493,52.589,10000.0
10,77801.0,9856.284,5.88,60.749,10000.0
10,77802.0,10471.736,15.681,3.207,10000.0
10,77803.0,9549.415,6.07,4.136,10000.0
10,77804.0,9974.871,5.9,4.881,10000.0
10,77805.0,10592.488000000001,35.15,27.123,10000.0
10,77806.0,9454.144,8.438,11.657,10000.0
10,77807.0,10077.17,19.284,4.271,10000.0
10,77808.0,9915.104,6.175,5.34,10000.0
10,77809.0,10456.263,15.826,2.645,10000.0
10,77810.0,10174.911,15.889,6.034,10000.0
10,77811.0,9542.834,11.032,4.99,10000.0
10,77812.0,10271.247000000001,5.821,5.095,10000.0
10,77813.0,9515.745,6.928,4.422,10000.0
10,77814.0,10005.503,5.535,3.448,10000.0
10,77815.0,10119.657000000001,14.903,7.184,10000.0
10,77816.0,9975.31,6.361,3.689,10000.0
10,77817.0,9911.59,6.134,3.331,10000.0
10,77818.0,10022.675,7.199,19.856,10000.0
10,77819.0,14016.158000000001,3.813,1.981,10000.0
10,77820.0,6355.468000000001,14.676,5.27,10000.0
10,77821.0,9582.677,5.186,3.209,10000.0
10,77822.0,10194.557999999999,23.344,8.98,10000.0
10,77823.0,9843.998,14.45,9.481,10000.0
10,77824.0,10014.862,4.56,4.03,10000.0
10,77825.0,10559.507,23.049,14.17,10000.0
10,77826.0,9723.954,45.184,24.452,10000.0
10,77827.0,9699.935,5.993,2.945,10000.0
10,77828.0,9969.104,6.639,11.302,10000.0
10,77829.0,10460.478000000001,47.847,3.586,10000.0
10,77830.0,9750.835,52.063,3.401,10000.0
10,77831.0,9820.569,5.987,5.635,10000.0
10,77832.0,10036.966,4.336,3.289,10000.0
10,77833.0,10258.588000000002,23.873,6.869,10000.0
10,77834.0,9791.848,6.238,2.789,10000.0
10,77835.0,10166.075,36.42,4.928,10000.0
10,77836.0,10557.534,5.933,3.071,10000.0
10,77837.0,9373.66,17.585,27.65,10000.0
10,77838.0,9852.919,11.318,7.819,10000.0
10,77839.0,10135.394,8.383,6.743,10000.0
10,77840.0,9808.898,5.167,3.77,10000.0
10,77841.0,10549.921,4.17,1.956,10000.0
10,77842.0,9598.966,37.387,17.661,10000.0
10,77843.0,10116.838,38.36,4.992,10000.0
10,77844.0,9797.291,13.441,3.445,10000.0
10,77845.0,10351.543,42.81,15.765,10000.0
10,77846.0,9596.85,3.12,3.495,10000.0
10,77847.0,12342.569,19.941,5.799,10000.0
10,77848.0,7643.331,6.79,5.86,10000.0
10,77849.0,10131.676,4.097,7.73,10000.0
10,77850.0,9932.096,80.849,4.474,10000.0
10,77851.0,9939.794,4.134,1.687,10000.0
10,77852.0,10612.313,83.946,17.087,10000.0
10,77853.0,9446.18,8.415,4.596,10000.0
10,77854.0,10362.11,7.587,2.99,10000.0
10,77855.0,9599.158,11.223,3.897,10000.0
10,77856.0,10675.323,40.948,3.769,10000.0
10,77857.0,9368.602,8.827,8.956,10000.0
10,77858.0,9967.221,7.78,5.667,10000.0
10,77859.0,10063.601,13.935,3.39,10000.0
10,77860.0,9942.239,8.347,5.73,10000.0
10,77861.0,10692.449999999999,5.366,1.636,10000.0
10,77862.0,9465.717,38.278,6.006,10000.0
10,77863.0,9999.117,6.169,1.614,10000.0
10,77864.0,10075.547,63.128,6.872,10000.0
10,77865.0,9937.196,21.767,23.859,10000.0
10,77866.0,10003.929,10.164,3.964,10000.0
10,77867.0,12364.475,11.723,3.571,10000.0
10,77868.0,7496.822,5.337,3.522,10000.0
10,77869.0,11230.495,38.81,3.822,10000.0
10,77870.0,8837.664999999999,28.711,7.251,10000.0
10,77871.0,9962.880000000001,7.388,7.153,10000.0
10,77872.0,10520.104000000001,98.844,10.283,10000.0
10,77873.0,9708.710000000001,6.243,2.542,10000.0
10,77874.0,9810.556999999999,4.868,3.556,10000.0
10,77875.0,9962.935,34.952,19.768,10000.0
10,77876.0,10385.27,6.142,4.058,10000.0
10,77877.0,9668.196,6.317,5.32,10000.0
10,77878.0,9795.704,5.568,3.687,10000.0
10,77879.0,10262.981,35.49,4.146,10000.0
10,77880.0,9757.454,6.119,2.036,10000.0
10,77881.0,10021.392,6.659,3.001,10000.0
10,77882.0,12401.054,14.546,4.352,10000.0
10,77883.0,9121.25,5.565,2.343,10000.0
10,77884.0,8614.791,33.512,17.255,10000.0
10,77885.0,9947.392,53.429,9.878,10000.0
10,77886.0,10039.666,27.515,6.973,10000.0
10,77887.0,10142.3,29.956,21.734,10000.0
10,77888.0,9925.712,20.322,22.778,10000.0
10,77889.0,11875.756,6.273,2.912,10000.0
10,77890.0,8113.08,8.083,5.567,10000.0
10,77891.0,9903.417,7.235,5.337,10000.0
10,77892.0,10015.544,3.802,3.681,10000.0
10,77893.0,9998.913999999999,5.813,14.616,10000.0
10,77894.0,10248.331,29.61,2.585,10000.0
10,77895.0,12118.246,9.425,3.816,10000.0
10,77896.0,7828.336,9.0,6.013,10000.0
10,77897.0,9792.359,7.717,12.865,10000.0
10,77898.0,10506.951000000001,33.345,18.367,10000.0
10,77899.0,9416.927,5.81,3.13,10000.0
10,77900.0,9951.081,5.697,2.805,10000.0
10,77901.0,10028.512,6.3,3.109,10000.0
10,77902.0,10055.308,5.314,2.62,10000.0
10,77903.0,9960.102,7.143,3.854,10000.0
10,77904.0,10296.201,34.948,2.696,10000.0
10,77905.0,10305.167000000001,39.631,24.092,10000.0
10,77906.0,10525.779,7.389,5.441,10000.0
10,77907.0,8869.371,11.888,32.808,10000.0
10,77908.0,10270.88,5.541,13.634,10000.0
10,77909.0,10372.770999999999,7.702,3.38,10000.0
10,77910.0,10505.901,8.374,4.271,10000.0
10,77911.0,8850.948,5.94,3.612,10000.0
10,77912.0,10207.362,11.508,6.821,10000.0
10,77913.0,9786.243,5.752,2.93,10000.0
10,77914.0,9993.077,5.887,5.273,10000.0
10,77915.0,10077.733,8.939,5.792,10000.0
10,77916.0,10000.764000000001,9.421,4.253,10000.0
10,77917.0,9971.479,5.712,4.705,10000.0
10,77918.0,9986.543,6.031,24.195,10000.0
10,77919.0,10180.005000000001,39.419,5.21,10000.0
10,77920.0,9930.344000000001,6.741,16.483,10000.0
10,77921.0,10402.476,5.543,3.412,10000.0
10,77922.0,9485.646,4.506,29.165,10000.0
10,77923.0,10301.246,27.257,4.281,10000.0
10,77924.0,9654.82,4.463,3.79,10000.0
10,77925.0,10915.576,41.717,21.968,10000.0
10,77926.0,9237.417,23.604,18.541,10000.0
10,77927.0,10098.774,20.777,15.644,10000.0
10,77928.0,10387.792,10.523,7.592,10000.0
10,77929.0,9792.155,43.461,3.186,10000.0
10,77930.0,9619.341,6.221,5.534,10000.0
10,77931.0,10302.502999999999,494.223,4.209,10000.0
10,77932.0,10530.217,20.604,72.085,10000.0
10,77933.0,9214.085000000001,15.7,13.439,10000.0
10,77934.0,10624.9,8.014,4.856,10000.0
10,77935.0,12082.126,18.481,7.728,10000.0
10,77936.0,7283.637,58.373,11.691,10000.0
10,77937.0,10156.035,9.388,5.319,10000.0
10,77938.0,10476.375,32.96,12.785,10000.0
10,77939.0,9443.116,9.176,6.313,10000.0
10,77940.0,9841.846,7.064,4.82,10000.0
10,77941.0,10140.587,4.99,2.263,10000.0
10,77942.0,10053.495,5.438,3.816,10000.0
10,77943.0,10258.54,7.755,5.148,10000.0
10,77944.0,10983.202,9.088,3.555,10000.0
10,77945.0,8679.753999999999,32.007,6.901,10000.0
10,77946.0,9899.140000000001,5.744,12.033,10000.0
10,77947.0,10248.884,7.896,3.181,10000.0
10,77948.0,11928.677,46.814,12.1,10000.0
10,77949.0,7940.602999999999,7.71,5.641,10000.0
10,77950.0,10349.849,14.838,4.789,10000.0
10,77951.0,9822.065,45.237,3.284,10000.0
10,77952.0,11012.951,8.226,7.799,10000.0
10,77953.0,8822.224,15.885,7.086,10000.0
10,77954.0,9853.201000000001,4.417,3.583,10000.0
10,77955.0,10441.697,28.774,33.717,10000.0
10,77956.0,10648.128999999999,5.925,3.709,10000.0
10,77957.0,9183.078000000001,39.287,20.974,10000.0
10,77958.0,9944.105,29.501,21.481,10000.0
10,77959.0,10132.5,10.458,4.821,10000.0
10,77960.0,10783.173,11.906,12.797,10000.0
10,77961.0,8868.652,5.666,5.653,10000.0
10,77962.0,10197.471,27.353,4.198,10000.0
10,77963.0,9796.011,6.876,3.183,10000.0
10,77964.0,10018.752,4.155,2.632,10000.0
10,77965.0,10422.403,19.845,19.241,10000.0
10,77966.0,10850.177000000001,5.656,2.418,10000.0
10,77967.0,8729.074999999999,5.618,3.234,10000.0
10,77968.0,10442.465,40.479,20.208,10000.0
10,77969.0,9887.276,5.356,3.74,10000.0
10,77970.0,9723.269999999999,5.609,3.8,10000.0
10,77971.0,9980.404,4.956,4.924,10000.0
10,77972.0,10152.789,21.308,18.956,10000.0
10,77973.0,10054.919,7.579,3.647,10000.0
10,77974.0,10347.781,2142.236,3.381,10000.0
10,77975.0,10278.502999999999,14.797,34.153,10000.0
10,77976.0,9226.23,20.919,14.131,10000.0
10,77977.0,9942.107,8.272,4.335,10000.0
10,77978.0,10008.705,15.11,5.039,10000.0
10,77979.0,10137.469,37.788,4.571,10000.0
10,77980.0,9999.56,24.883,15.958,10000.0
10,77981.0,9850.131,7.839,9.841,10000.0
10,77982.0,10131.777,16.561,8.179,10000.0
10,77983.0,9868.017,9.366,7.313,10000.0
10,77984.0,10008.922,5.149,3.487,10000.0
10,77985.0,10833.434,45.844,14.178,10000.0
10,77986.0,10007.696,6.804,5.144,10000.0
10,77987.0,9137.018,6.068,2.875,10000.0
10,77988.0,9991.217,6.506,3.53,10000.0
10,77989.0,10333.976999999999,33.159,9.285,10000.0
10,77990.0,9743.658000000001,6.173,1.867,10000.0
10,77991.0,9949.698999999999,5.6,3.209,10000.0
10,77992.0,9977.150000000001,10.961,33.239,10000.0
10,77993.0,10066.904,6.222,4.201,10000.0
10,77994.0,9931.417,5.372,2.378,10000.0
10,77995.0,10218.068000000001,39.12,6.44,10000.0
10,77996.0,9750.353,5.098,2.766,10000.0
10,77997.0,10023.411,9.398,3.555,10000.0
10,77998.0,10193.208,39.181,24.773,10000.0
10,77999.0,10856.827,5.391,2.524,10000.0
10,78000.0,11492.115,4.404,3.521,10000.0
10,78001.0,7739.655,37.971,17.4,10000.0
10,78002.0,9877.966,14.624,2.605,10000.0
10,78003.0,9859.087000000001,6.844,6.172,10000.0
10,78004.0,9974.263,5.487,2.947,10000.0
10,78005.0,10355.931,17.732,3.257,10000.0
10,78006.0,9718.493,12.4,5.602,10000.0
10,78007.0,9943.498,13.853,13.314,10000.0
10,78008.0,9964.254,4.417,10.716,10000.0
10,78009.0,10513.479,37.941,21.007,10000.0
10,78010.0,9902.565999999999,10.023,7.648,10000.0
10,78011.0,9801.981,4.719,4.122,10000.0
10,78012.0,9824.607,5.603,3.625,10000.0
10,78013.0,10022.846,7.606,3.621,10000.0
10,78014.0,9990.586,5.134,3.448,10000.0
10,78015.0,10631.143,44.682,17.926,10000.0
10,78016.0,9344.212,3.997,1.789,10000.0
10,78017.0,10031.404,9.028,3.031,10000.0
10,78018.0,9957.353000000001,5.617,4.071,10000.0
10,78019.0,10038.549,7.362,3.798,10000.0
10,78020.0,10198.891,6.568,30.487,10000.0
10,78021.0,10144.985,7.679,4.097,10000.0
10,78022.0,9767.039999999999,24.172,11.017,10000.0
10,78023.0,11629.116,190.611,3.901,10000.0
10,78024.0,8227.217999999999,4.713,4.839,10000.0
10,78025.0,10559.945,28.899,12.634,10000.0
10,78026.0,9612.894,6.359,2.874,10000.0
10,78027.0,10557.679,5.758,2.183,10000.0
10,78028.0,9586.972,30.536,3.761,10000.0
10,78029.0,9720.582,7.109,5.459,10000.0
10,78030.0,10115.338,34.333,10.819,10000.0
10,78031.0,10025.341999999999,6.24,4.267,10000.0
10,78032.0,9820.232,5.278,5.925,10000.0
10,78033.0,10277.476,41.897,3.711,10000.0
10,78034.0,10264.051,40.025,5.262,10000.0
10,78035.0,11390.436,14.105,13.699,10000.0
10,78036.0,10501.139,4.944,1.769,10000.0
10,78037.0,7679.285,6.473,24.933,10000.0
10,78038.0,10031.158,11.158,22.534,10000.0
10,78039.0,10563.569,7.817,3.74,10000.0
10,78040.0,9331.588,15.888,4.899,10000.0
10,78041.0,9953.017,6.783,3.603,10000.0
10,78042.0,10451.726999999999,15.573,12.447,10000.0
10,78043.0,10070.011,9.693,3.069,10000.0
10,78044.0,9479.675,7.832,4.228,10000.0
10,78045.0,10666.511999999999,18.905,4.098,10000.0
10,78046.0,9424.769,7.109,3.869,10000.0
10,78047.0,9850.414999999999,7.594,4.477,10000.0
10,78048.0,10494.985,4.398,1.71,10000.0
10,78049.0,11201.258,4.633,1.915,10000.0
10,78050.0,8720.29,5.783,8.01,10000.0
10,78051.0,9770.502,7.385,5.785,10000.0
10,78052.0,11024.572999999999,20.386,20.439,10000.0
10,78053.0,9087.348,14.2,10.894,10000.0
10,78054.0,10006.911,9.061,3.773,10000.0
10,78055.0,10894.235999999999,6.223,4.078,10000.0
10,78056.0,8866.982,5.85,1.646,10000.0
10,78057.0,10005.357,19.373,12.115,10000.0
10,78058.0,10591.892,35.136,29.952,10000.0
10,78059.0,10543.972,5.983,2.388,10000.0
10,78060.0,8864.622000000001,5.825,3.846,10000.0
10,78061.0,10877.334,7.612,5.029,10000.0
10,78062.0,9110.837,7.009,5.239,10000.0
10,78063.0,10603.882,10.214,9.238,10000.0
10,78064.0,9723.327000000001,6.959,4.461,10000.0
10,78065.0,11638.781,27.049,16.019,10000.0
10,78066.0,9383.117,25.107,3.818,10000.0
10,78067.0,9004.991,7.935,4.823,10000.0
10,78068.0,9592.918000000001,4.15,2.775,10000.0
10,78069.0,10534.867,8.269,4.642,10000.0
10,78070.0,10992.976,5.684,3.86,10000.0
10,78071.0,8879.551,6.286,3.139,10000.0
10,78072.0,9652.045,7.069,5.645,10000.0
10,78073.0,10489.604,109.488,9.03,10000.0
11,78074.0,9662.135,7.003,6.518,10000.0
11,78075.0,10762.617,7.639,905.566,10000.0
11,78076.0,9023.079,5.153,1.659,10000.0
11,78077.0,10060.671,5.219,3.197,10000.0
11,78078.0,9950.897,5.465,2.657,10000.0
11,78079.0,10254.294,36.244,4.497,10000.0
11,78080.0,10026.785,39.611,4.888,10000.0
11,78081.0,9855.206,5.58,2.19,10000.0
11,78082.0,10005.132,8.807,4.606,10000.0
11,78083.0,9993.343,4.775,1.791,10000.0
11,78084.0,13081.593,9.288,5.76,10000.0
11,78085.0,6880.779,74.685,10.141,10000.0
11,78086.0,10352.012,7.035,4.356,10000.0
11,78087.0,10828.117999999999,4.243,1.485,10000.0
11,78088.0,8819.489,7.505,4.924,10000.0
11,78089.0,10012.871,95.187,13.846,10000.0
11,78090.0,10154.415,4.996,3.703,10000.0
11,78091.0,9836.842,8.808,3.408,10000.0
11,78092.0,9920.326000000001,4.183,3.498,10000.0
11,78093.0,10152.894,5.773,5.784,10000.0
11,78094.0,9876.888,6.718,4.114,10000.0
11,78095.0,10028.107,7.405,5.151,10000.0
11,78096.0,10057.77,6.913,2.63,10000.0
11,78097.0,10311.859,39.54,20.406,10000.0
11,78098.0,9653.468,6.075,2.6,10000.0
11,78099.0,9951.501999999999,7.94,2.698,10000.0
11,78100.0,10072.357,7.108,2.938,10000.0
11,78101.0,9901.068000000001,5.59,2.153,10000.0
11,78102.0,10472.011999999999,40.64,3.345,10000.0
11,78103.0,9544.954,6.309,2.124,10000.0
11,78104.0,10054.59,5.796,5.569,10000.0
11,78105.0,10063.401,18.461,7.88,10000.0
11,78106.0,9971.846,11.394,3.185,10000.0
11,78107.0,9973.78,30.188,4.347,10000.0
11,78108.0,9940.447,6.183,3.741,10000.0
11,78109.0,10170.694,8.185,2.719,10000.0
11,78110.0,10727.787,29.377,7.578,10000.0
11,78111.0,9255.972,41.522,3.752,10000.0
11,78112.0,10014.684,8.214,7.938,10000.0
11,78113.0,10035.302,4.701,3.058,10000.0
11,78114.0,10155.091999999999,3.895,2.462,10000.0
11,78115.0,10415.684,29.283,13.524,10000.0
11,78116.0,9333.471,5.677,7.745,10000.0
11,78117.0,10179.949,11.255,12.217,10000.0
11,78118.0,9703.969,5.377,5.291,10000.0
11,78119.0,11231.896,26.352,3.58,10000.0
11,78120.0,8769.957,6.367,3.965,10000.0
11,78121.0,9980.914,5.626,6.919,10000.0
11,78122.0,10273.088,24.808,18.264,10000.0
11,78123.0,11877.548999999999,5.787,22.524,10000.0
11,78124.0,8005.603999999999,6.601,2.378,10000.0
11,78125.0,10091.331,18.261,3.791,10000.0
11,78126.0,9822.562,16.53,5.277,10000.0
11,78127.0,10138.685,10.488,6.721,10000.0
11,78128.0,9871.193000000001,46.715,8.722,10000.0
11,78129.0,10061.193,31.43,5.448,10000.0
11,78130.0,12575.070000000002,9.181,6.114,10000.0
11,78131.0,7354.3769999999995,4.692,2.652,10000.0
11,78132.0,9957.409,7.188,6.943,10000.0
11,78133.0,10388.257,32.843,4.901,10000.0
11,78134.0,9627.322,5.405,3.911,10000.0
11,78135.0,10143.037,12.113,3.809,10000.0
11,78136.0,10973.207,13.354,4.803,10000.0
11,78137.0,9125.323,7.656,5.099,10000.0
11,78138.0,9783.25,7.183,7.674,10000.0
11,78139.0,10506.884,34.629,2.609,10000.0
11,78140.0,9670.333,27.416,15.991,10000.0
11,78141.0,9792.311,37.642,1.611,10000.0
11,78142.0,10072.304,7.504,2.51,10000.0
11,78143.0,10047.435,27.608,14.226,10000.0
11,78144.0,10005.547,43.604,28.157,10000.0
11,78145.0,13821.585000000001,30.592,4.544,10000.0
11,78146.0,6120.938999999999,9.567,6.923,10000.0
11,78147.0,10194.879,8.24,5.897,10000.0
11,78148.0,9917.285,6.265,12.812,10000.0
11,78149.0,9864.816,7.125,5.28,10000.0
11,78150.0,10114.639,11.252,25.909,10000.0
11,78151.0,13288.686,6.182,3.924,10000.0
11,78152.0,6520.74,13.834,5.275,10000.0
11,78153.0,10094.288,7.561,33.636,10000.0
11,78154.0,10385.617999999999,11.799,7.148,10000.0
11,78155.0,9955.301,11.689,9.005,10000.0
11,78156.0,9807.381000000001,20.122,4.542,10000.0
11,78157.0,9830.171,7.082,37.621,10000.0
11,78158.0,9957.789999999999,10.285,35.792,10000.0
11,78159.0,10348.968,14.222,7.891,10000.0
11,78160.0,11537.95,15.916,3.263,10000.0
11,78161.0,8254.702,6.168,21.014,10000.0
11,78162.0,9867.024,5.973,3.757,10000.0
11,78163.0,9985.175000000001,6.246,4.754,10000.0
11,78164.0,11108.826000000001,7.364,5.324,10000.0
11,78165.0,8879.303,5.174,3.563,10000.0
11,78166.0,10035.667,4.736,3.468,10000.0
11,78167.0,12522.685000000001,20.22,4.949,10000.0
11,78168.0,7475.116,5.999,11.018,10000.0
11,78169.0,10162.001,9.01,5.125,10000.0
11,78170.0,10964.734,31.474,2.548,10000.0
11,78171.0,9428.021,7.079,4.908,10000.0
11,78172.0,9406.335000000001,4.052,2.224,10000.0
11,78173.0,10049.268,78.39,14.825,10000.0
11,78174.0,10791.514000000001,34.294,7.708,10000.0
11,78175.0,9619.767,6.936,4.414,10000.0
11,78176.0,9638.143,6.218,3.362,10000.0
11,78177.0,10600.998,13.863,10.606,10000.0
11,78178.0,9569.246,17.086,8.367,10000.0
11,78179.0,9780.706,5.431,3.356,10000.0
11,78180.0,10616.742,29.036,12.362,10000.0
11,78181.0,9439.151,7.765,6.818,10000.0
11,78182.0,9937.547,9.876,3.355,10000.0
11,78183.0,9963.269,8.234,2.699,10000.0
11,78184.0,9993.917,4.362,1.656,10000.0
11,78185.0,10138.49,10.251,3.551,10000.0
11,78186.0,9823.526000000002,5.781,3.769,10000.0
11,78187.0,10530.318000000001,15.459,3.277,10000.0
11,78188.0,10302.64,6.415,4.007,10000.0
11,78189.0,9355.591999999999,32.752,10.454,10000.0
11,78190.0,10020.586,39.271,4.495,10000.0
11,78191.0,10050.289999999999,5.909,3.292,10000.0
11,78192.0,10294.483,6.376,3.549,10000.0
11,78193.0,9474.648000000001,5.546,2.182,10000.0
11,78194.0,10176.736,20.463,27.418,10000.0
11,78195.0,9853.861,9.425,23.357,10000.0
11,78196.0,10060.701,9.319,5.607,10000.0
11,78197.0,10593.114000000001,8.081,5.858,10000.0
11,78198.0,9488.159,6.285,7.178,10000.0
11,78199.0,9861.222,7.909,6.574,10000.0
11,78200.0,10417.374,25.22,8.214,10000.0
11,78201.0,9611.195,5.615,5.452,10000.0
11,78202.0,10037.56,7.559,6.726,10000.0
11,78203.0,9980.094000000001,5.908,4.081,10000.0
11,78204.0,10769.437,6.889,2.629,10000.0
11,78205.0,9161.760999999999,6.146,3.845,10000.0
11,78206.0,9995.456,5.534,2.946,10000.0
11,78207.0,10117.298,9.951,4.665,10000.0
11,78208.0,9954.839,11.78,8.451,10000.0
11,78209.0,9931.334,3.978,3.452,10000.0
11,78210.0,10378.006000000001,34.199,6.961,10000.0
11,78211.0,9767.555,32.635,1.602,10000.0
11,78212.0,10801.52,5.633,3.128,10000.0
11,78213.0,9197.344,6.838,33.242,10000.0
11,78214.0,9887.419,5.002,3.729,10000.0
11,78215.0,9972.912,4.615,3.798,10000.0
11,78216.0,10014.112000000001,5.214,4.755,10000.0
11,78217.0,11339.338,18.791,6.728,10000.0
11,78218.0,8671.27,6.145,10.517,10000.0
11,78219.0,10007.541,8.211,6.652,10000.0
11,78220.0,10325.639,35.97,8.422,10000.0
11,78221.0,9834.037,8.883,6.246,10000.0
11,78222.0,12315.583,7.885,5.682,10000.0
11,78223.0,7794.994000000001,16.566,20.308,10000.0
11,78224.0,9717.470000000001,6.964,3.912,10000.0
11,78225.0,10341.130000000001,6.924,5.566,10000.0
11,78226.0,9678.565,6.614,2.571,10000.0
11,78227.0,11956.767,6.623,4.974,10000.0
11,78228.0,8150.72,14.135,4.494,10000.0
11,78229.0,9899.553,8.308,4.632,10000.0
11,78230.0,10227.268,34.051,5.896,10000.0
11,78231.0,9984.624,43.688,5.917,10000.0
11,78232.0,9789.758000000002,9.3,4.882,10000.0
11,78233.0,10159.33,40.509,6.644,10000.0
11,78234.0,9817.978,7.515,16.255,10000.0
11,78235.0,13484.078,5.65,5.77,10000.0
11,78236.0,6475.231,28.703,2.999,10000.0
11,78237.0,10044.812,4.999,2.388,10000.0
11,78238.0,40602.898,4.782,4.224,10000.0
11,78239.0,9356.39,3.979,1.753,10000.0
11,78240.0,10013.019999999999,5.204,3.819,10000.0
11,78241.0,10001.961,5.007,14.552,10000.0
11,78242.0,10330.255,32.009,19.174,10000.0
11,78243.0,10191.108,7.309,7.442,10000.0
11,78244.0,12592.7,5.153,3.979,10000.0
11,78245.0,7056.233,45.523,3.101,10000.0
11,78246.0,9863.445,5.127,3.358,10000.0
11,78247.0,10109.781,9.254,5.437,10000.0
11,78248.0,9877.651,5.83,15.904,10000.0
11,78249.0,10039.321,4.413,1.573,10000.0
11,78250.0,10068.298999999999,5.088,4.589,10000.0
11,78251.0,9861.553,5.047,1.981,10000.0
11,78252.0,10280.544000000002,18.83,7.019,10000.0
11,78253.0,9949.481,40.22,3.323,10000.0
11,78254.0,10178.068,42.474,7.083,10000.0
11,78255.0,9636.591999999999,8.619,4.706,10000.0
11,78256.0,10099.914,15.841,4.776,10000.0
11,78257.0,9973.363000000001,7.739,2.466,10000.0
11,78258.0,10009.393,6.158,3.371,10000.0
11,78259.0,9939.701000000001,6.877,6.371,10000.0
11,78260.0,9983.291,17.092,8.241,10000.0
11,78261.0,9958.001,6.308,3.059,10000.0
11,78262.0,10617.567,31.681,16.987,10000.0
11,78263.0,9453.714,6.103,3.256,10000.0
11,78264.0,10041.875,28.715,4.382,10000.0
11,78265.0,9966.488000000001,92.023,17.105,10000.0
11,78266.0,10306.137,24.7,20.886,10000.0
11,78267.0,9613.127,6.195,3.308,10000.0
11,78268.0,9977.937,4.192,2.843,10000.0
11,78269.0,9998.24,4.475,2.719,10000.0
11,78270.0,10020.847,5.884,2.862,10000.0
11,78271.0,9994.926,6.366,3.454,10000.0
11,78272.0,10315.137,40.099,8.816,10000.0
11,78273.0,10440.263,4.726,3.436,10000.0
11,78274.0,9462.007,40.111,5.011,10000.0
11,78275.0,10182.819,33.907,4.746,10000.0
11,78276.0,10985.879,46.758,4.426,10000.0
11,78277.0,8922.025,18.867,5.009,10000.0
11,78278.0,9871.085,13.111,6.741,10000.0
11,78279.0,12679.948999999999,16.438,7.282,10000.0
11,78280.0,7401.02,30.506,5.404,10000.0
11,78281.0,9728.865,3.874,1.404,10000.0
11,78282.0,11117.096,215.221,10.371,10000.0
11,78283.0,9811.834,6.308,3.166,10000.0
11,78284.0,9132.42,5.845,1.709,10000.0
11,78285.0,9919.796,11.572,2.694,10000.0
11,78286.0,10282.243999999999,38.843,18.727,10000.0
11,78287.0,9788.562,5.955,30.185,10000.0
11,78288.0,10234.086,41.756,4.136,10000.0
11,78289.0,9761.87,6.143,2.459,10000.0
11,78290.0,9976.106,9.565,6.071,10000.0
11,78291.0,10138.973,19.173,22.017,10000.0
11,78292.0,10333.058,20.774,5.117,10000.0
11,78293.0,9529.266,5.135,3.784,10000.0
11,78294.0,10025.612,6.041,3.379,10000.0
11,78295.0,10025.044,5.769,2.45,10000.0
11,78296.0,10088.698999999999,28.897,4.069,10000.0
11,78297.0,9913.850999999999,3.828,1.281,10000.0
11,78298.0,9946.701000000001,4.779,5.486,10000.0
11,78299.0,10608.567,7.54,4.88,10000.0
11,78300.0,9379.877999999999,6.973,3.099,10000.0
11,78301.0,10068.244,34.864,3.829,10000.0
11,78302.0,10637.695000000002,14.381,3.761,10000.0
11,78303.0,9288.621000000001,5.802,3.334,10000.0
11,78304.0,10537.946,12.738,2.775,10000.0
11,78305.0,9495.805,17.923,35.563,10000.0
11,78306.0,11662.436,4.869,3.333,10000.0
11,78307.0,8332.519,5.547,3.585,10000.0
11,78308.0,10273.062,4.744,2.914,10000.0
11,78309.0,9722.065999999999,7.05,2.848,10000.0
11,78310.0,10227.302000000001,5.909,4.991,10000.0
11,78311.0,9971.786,36.547,4.314,10000.0
11,78312.0,10130.339,39.363,13.401,10000.0
11,78313.0,9681.928,8.147,3.265,10000.0
11,78314.0,10747.802000000001,56.307,11.481,10000.0
11,78315.0,10001.122,26.251,5.083,10000.0
11,78316.0,9439.070000000002,121.62,2.82,10000.0
11,78317.0,9901.922,21.401,20.157,10000.0
11,78318.0,10047.744,28.025,4.22,10000.0
11,78319.0,9960.461000000001,5.948,17.678,10000.0
11,78320.0,10082.693,15.079,3.869,10000.0
11,78321.0,9909.922,4.95,3.816,10000.0
11,78322.0,10300.821,36.852,14.148,10000.0
11,78323.0,10643.907,5.549,5.878,10000.0
11,78324.0,9460.594,34.9,3.242,10000.0
11,78325.0,9618.135999999999,26.916,14.159,10000.0
11,78326.0,10074.402,8.421,4.303,10000.0
11,78327.0,9865.956,9.154,3.293,10000.0
11,78328.0,10055.494999999999,8.122,4.414,10000.0
11,78329.0,10469.921,15.308,3.766,10000.0
11,78330.0,9591.228000000001,9.664,2.708,10000.0
11,78331.0,10010.629,4.809,1.634,10000.0
11,78332.0,10115.242,19.221,23.488,10000.0
11,78333.0,9688.037,4.014,44.911,10000.0
11,78334.0,11053.352,5.86,2.602,10000.0
11,78335.0,9417.313,30.993,8.46,10000.0
11,78336.0,10062.149,5.321,4.201,10000.0
11,78337.0,9655.599,25.369,4.726,10000.0
11,78338.0,10021.169,37.403,2.787,10000.0
11,78339.0,9881.936,7.346,6.253,10000.0
11,78340.0,9988.453,23.581,5.321,10000.0
11,78341.0,9952.208,5.739,3.116,10000.0
11,78342.0,10209.322,29.844,13.879,10000.0
11,78343.0,9746.018,4.658,11.672,10000.0
11,78344.0,12166.575,5.599,2.756,10000.0
11,78345.0,7914.198,28.239,3.61,10000.0
11,78346.0,10047.213,8.55,33.63,10000.0
11,78347.0,10570.957,4.709,4.367,10000.0
11,78348.0,9320.319000000001,6.225,3.065,10000.0
11,78349.0,10918.316,4.402,16.698,10000.0
11,78350.0,9219.131,14.759,38.271,10000.0
11,78351.0,10019.4,4.646,2.608,10000.0
11,78352.0,10982.222,8.223,4.978,10000.0
11,78353.0,9625.422,5.497,2.769,10000.0
11,78354.0,9221.34,7.259,5.126,10000.0
11,78355.0,10012.83,5.659,18.196,10000.0
11,78356.0,10166.204,13.826,4.58,10000.0
11,78357.0,11444.012,29.348,4.172,10000.0
11,78358.0,8375.459,7.071,4.461,10000.0
11,78359.0,10410.259999999998,16.344,4.708,10000.0
11,78360.0,11365.938,5.912,3.744,10000.0
11,78361.0,8650.634,7.362,4.763,10000.0
11,78362.0,9824.087000000001,41.9,19.658,10000.0
11,78363.0,11364.287,25.13,16.995,10000.0
11,78364.0,8488.454,6.568,7.855,10000.0
11,78365.0,10141.762999999999,28.381,16.321,10000.0
11,78366.0,10650.59,8.84,2.936,10000.0
11,78367.0,9108.114000000001,3.7,1.941,10000.0
11,78368.0,10079.412,7.542,5.393,10000.0
11,78369.0,12410.898,5.367,1.999,10000.0
11,78370.0,8589.089,5.668,2.406,10000.0
11,78371.0,8972.825,7.906,5.054,10000.0
11,78372.0,10084.917000000001,13.176,9.404,10000.0
11,78373.0,9998.526,9.438,2.923,10000.0
11,78374.0,9880.981,8.838,4.981,10000.0
11,78375.0,10004.365,8.368,7.726,10000.0
11,78376.0,12028.316,4.765,2.026,10000.0
11,78377.0,7960.825,8.632,62.007,10000.0
11,78378.0,10125.769999999999,8.517,3.804,10000.0
11,78379.0,9877.962000000001,5.474,3.45,10000.0
11,78380.0,10159.654,12.946,4.271,10000.0
11,78381.0,9838.532000000001,5.714,6.435,10000.0
11,78382.0,10300.352,37.245,22.215,10000.0
11,78383.0,9691.894,6.396,2.118,10000.0
11,78384.0,12230.26,8.403,1.455,10000.0
11,78385.0,9296.142,4.91,3.254,10000.0
11,78386.0,8541.188999999998,53.398,17.823,10000.0
11,78387.0,10056.021,19.2,23.283,10000.0
11,78388.0,12952.682,6.021,3.532,10000.0
11,78389.0,6987.336,6.9,6.006,10000.0
11,78390.0,10156.053,16.274,8.76,10000.0
11,78391.0,10127.666000000001,3.339,1.894,10000.0
11,78392.0,9816.346,27.089,5.251,10000.0
11,78393.0,10636.546,16.065,8.626,10000.0
11,78394.0,9336.679,7.961,5.78,10000.0
11,78395.0,10278.025,36.056,2.775,10000.0
11,78396.0,10203.214,9.625,3.427,10000.0
11,78397.0,9322.843,4.883,2.095,10000.0
11,78398.0,10045.930999999999,6.132,2.692,10000.0
11,78399.0,12763.237000000001,37.649,3.192,10000.0
11,78400.0,7754.228999999999,22.669,8.708,10000.0
11,78401.0,10357.363,22.318,2.433,10000.0
11,78402.0,9388.379,1259.755,6.784,10000.0
11,78403.0,11830.851,8.611,2.445,10000.0
11,78404.0,8159.601000000001,41.821,3.974,10000.0
11,78405.0,11813.567000000001,6.089,3.116,10000.0
11,78406.0,7915.889000000001,5.442,27.977,10000.0
11,78407.0,10113.607,7.872,4.008,10000.0
11,78408.0,9890.364,3.825,2.283,10000.0
11,78409.0,10095.679999999998,11.075,4.301,10000.0
11,78410.0,9920.873,7.449,17.998,10000.0
11,78411.0,10065.681999999999,12.643,5.023,10000.0
11,78412.0,10354.252,28.215,11.88,10000.0
11,78413.0,9791.053,8.543,5.282,10000.0
11,78414.0,9819.243,7.206,3.44,10000.0
11,78415.0,9959.816,4.637,8.077,10000.0
11,78416.0,10277.501,18.083,6.125,10000.0
11,78417.0,9781.53,11.113,6.069,10000.0
11,78418.0,10707.733,6.693,2.45,10000.0
11,78419.0,10415.050000000001,18.156,5.263,10000.0
11,78420.0,9248.439,10.433,6.585,10000.0
11,78421.0,12406.752999999999,39.735,11.011,10000.0
11,78422.0,8339.44,14.528,38.499,10000.0
11,78423.0,8983.657000000001,9.588,4.963,10000.0
11,78424.0,9986.259,6.123,5.827,10000.0
11,78425.0,11092.876999999999,28.937,13.185,10000.0
11,78426.0,8766.231,5.678,3.352,10000.0
11,78427.0,10002.815,6.541,5.087,10000.0
11,78428.0,10293.141,33.42,3.777,10000.0
11,78429.0,9812.552,8.141,7.656,10000.0
11,78430.0,9951.842,15.14,6.915,10000.0
11,78431.0,10300.824,6.211,4.144,10000.0
11,78432.0,10031.419,41.872,21.85,10000.0
11,78433.0,10406.073999999999,4.789,2.94,10000.0
11,78434.0,10986.647,5.609,2.761,10000.0
11,78435.0,8260.903,5.917,18.215,10000.0
11,78436.0,11104.421,36.559,5.125,10000.0
11,78437.0,10357.289999999999,12.59,24.016,10000.0
11,78438.0,8497.516,4.824,2.96,10000.0
11,78439.0,11009.604,22.909,5.396,10000.0
11,78440.0,9637.252,6.828,7.776,10000.0
11,78441.0,9732.088,26.989,4.168,10000.0
11,78442.0,9995.833,21.325,4.475,10000.0
11,78443.0,9693.835,5.756,4.755,10000.0
11,78444.0,10355.536,6.416,2.618,10000.0
11,78445.0,9878.69,31.78,9.737,10000.0
11,78446.0,10098.351,5.589,2.778,10000.0
11,78447.0,10013.341,6.461,4.59,10000.0
11,78448.0,9965.140000000001,5.194,2.789,10000.0
11,78449.0,9761.689,5.757,4.965,10000.0
11,78450.0,9992.779,6.844,4.204,10000.0
11,78451.0,9850.965999999999,7.761,5.774,10000.0
11,78452.0,10494.039999999999,31.011,12.315,10000.0
11,78453.0,9647.514,44.671,4.88,10000.0
11,78454.0,10260.224,6.432,3.836,10000.0
11,78455.0,11570.675000000001,7.422,14.118,10000.0
11,78456.0,8479.439,41.733,4.705,10000.0
11,78457.0,10947.018,45.5,4.785,10000.0
11,78458.0,8619.691,8.788,5.128,10000.0
11,78459.0,10729.709,6.246,2.37,10000.0
11,78460.0,9619.007000000001,10.54,6.021,10000.0
11,78461.0,11728.999,7.458,4.806,10000.0
11,78462.0,8302.779999999999,47.586,17.84,10000.0
11,78463.0,9640.936,169.653,3.981,10000.0
11,78464.0,9989.979,6.694,31.836,10000.0
11,78465.0,12533.888,31.558,17.748,10000.0
11,78466.0,10075.904999999999,6.246,3.655,10000.0
11,78467.0,7510.556,38.039,2.746,10000.0
11,78468.0,9851.873000000001,4.727,6.13,10000.0
11,78469.0,10389.555,12.626,3.56,10000.0
11,78470.0,9633.841,16.747,15.511,10000.0
11,78471.0,9978.24,4.978,4.307,10000.0
11,78472.0,10548.453,32.138,2.222,10000.0
11,78473.0,9672.198,5.978,11.161,10000.0
11,78474.0,10404.037,9.06,11.13,10000.0
11,78475.0,12474.322,13.09,10.789,10000.0
11,78476.0,6938.346,6.467,2.966,10000.0
11,78477.0,10013.664999999999,7.455,3.671,10000.0
11,78478.0,9958.992999999999,6.052,2.285,10000.0
11,78479.0,10196.655,6.011,9.766,10000.0
11,78480.0,9770.45,4.818,3.857,10000.0
11,78481.0,10409.294,4.659,2.964,10000.0
11,78482.0,10071.875,26.226,7.021,10000.0
11,78483.0,9572.408,6.08,4.622,10000.0
11,78484.0,10188.501,3.604,2.132,10000.0
11,78485.0,9914.124,8.239,4.604,10000.0
11,78486.0,9878.035,9.36,7.973,10000.0
11,78487.0,10124.876,5.668,4.371,10000.0
11,78488.0,9907.134,6.01,3.668,10000.0
11,78489.0,12324.446,7.027,3.16,10000.0
11,78490.0,7748.3099999999995,5.944,2.497,10000.0
11,78491.0,11116.067000000001,8.058,4.893,10000.0
11,78492.0,9473.708,41.468,15.375,10000.0
11,78493.0,9501.909,7.785,4.439,10000.0
11,78494.0,10035.024,3.836,2.121,10000.0
11,78495.0,10143.804,22.22,9.478,10000.0
11,78496.0,9831.042,20.647,4.803,10000.0
11,78497.0,10348.592,18.278,26.898,10000.0
11,78498.0,9835.932999999999,6.529,4.562,10000.0
11,78499.0,9936.184000000001,11.638,10.016,10000.0
11,78500.0,9747.614,57.158,4.602,10000.0
11,78501.0,9939.719,6.804,3.794,10000.0
11,78502.0,11169.376,1140.686,4.814,10000.0
11,78503.0,9235.608,40.688,4.456,10000.0
11,78504.0,9977.232,21.265,21.551,10000.0
11,78505.0,9686.815,7.175,4.266,10000.0
11,78506.0,10023.555,21.89,3.608,10000.0
11,78507.0,9953.99,5.366,1.952,10000.0
11,78508.0,9972.168,5.908,4.221,10000.0
11,78509.0,10915.142,13.02,2.662,10000.0
11,78510.0,9207.041,17.732,6.524,10000.0
11,78511.0,10178.212000000001,3.51,1.716,10000.0
11,78512.0,10049.694,26.829,23.871,10000.0
11,78513.0,9823.225,44.584,5.163,10000.0
11,78514.0,10093.047,46.925,2.528,10000.0
11,78515.0,10147.085000000001,26.392,15.934,10000.0
11,78516.0,13650.011,4.925,2.924,10000.0
11,78517.0,10659.484,9.522,4.459,10000.0
11,78518.0,5232.1759999999995,6.757,17.159,10000.0
11,78519.0,10014.445,5.803,4.448,10000.0
11,78520.0,10128.865000000002,13.153,12.301,10000.0
11,78521.0,10365.68,7.06,4.349,10000.0
11,78522.0,9920.07,13.692,7.009,10000.0
11,78523.0,9675.52,5.613,1.973,10000.0
11,78524.0,9971.884,6.234,2.986,10000.0
11,78525.0,9937.43,8.248,17.954,10000.0
11,78526.0,10494.766000000001,12.379,24.873,10000.0
11,78527.0,9701.659,8.651,6.563,10000.0
11,78528.0,10225.91,5.649,4.416,10000.0
11,78529.0,11781.725,5.618,3.441,10000.0
11,78530.0,7961.022999999999,12.016,4.709,10000.0
11,78531.0,9838.446,3.734,1.835,10000.0
11,78532.0,12388.611,7.316,9.793,10000.0
11,78533.0,7842.504,44.387,205.331,10000.0
11,78534.0,10019.678,6.047,71.664,10000.0
11,78535.0,9784.976,6.412,16.113,10000.0
11,78536.0,10145.276,45.389,3.219,10000.0
11,78537.0,10019.961000000001,16.431,11.52,10000.0
11,78538.0,9880.744999999999,7.972,5.891,10000.0
11,78539.0,9927.326000000001,8.223,5.152,10000.0
11,78540.0,10194.443,45.74,5.308,10000.0
11,78541.0,9922.57,7.586,4.292,10000.0
11,78542.0,9890.899,7.02,3.047,10000.0
11,78543.0,11574.811000000002,5.3,2.472,10000.0
11,78544.0,9532.86,7.104,7.547,10000.0
11,78545.0,8882.444,7.164,12.113,10000.0
11,78546.0,10171.555,8.559,49.532,10000.0
11,78547.0,10137.786,29.562,12.213,10000.0
11,78548.0,9944.919,48.614,3.227,10000.0
11,78549.0,11359.03,4.533,2.247,10000.0
11,78550.0,8365.011,5.438,2.698,10000.0
11,78551.0,10583.662,21.19,3.488,10000.0
11,78552.0,9430.252,1157.7,6.411,10000.0
11,78553.0,10849.703000000001,5.777,10.016,10000.0
11,78554.0,9232.476,6.247,5.668,10000.0
11,78555.0,10640.108,16.375,7.156,10000.0
11,78556.0,9931.268,22.211,4.194,10000.0
11,78557.0,9544.259,122.597,5.899,10000.0
11,78558.0,9810.097,8.776,4.512,10000.0
11,78559.0,10856.763,42.444,4.874,10000.0
11,78560.0,9161.297,7.622,14.303,10000.0
11,78561.0,9955.179,3.93,2.958,10000.0
11,78562.0,10535.907000000001,5.529,3.311,10000.0
11,78563.0,10154.699,4.184,3.75,10000.0
11,78564.0,9512.89,5.909,7.085,10000.0
11,78565.0,10025.499,17.074,5.135,10000.0
11,78566.0,9800.089,4.512,2.21,10000.0
11,78567.0,11664.284,4.878,5.575,10000.0
11,78568.0,9458.684,12.081,3.954,10000.0
11,78569.0,10258.298,44.986,25.221,10000.0
11,78570.0,8636.91,11.82,5.225,10000.0
11,78571.0,10556.351999999999,5.27,4.396,10000.0
11,78572.0,10534.621,6.872,4.956,10000.0
11,78573.0,8856.059,6.125,4.496,10000.0
11,78574.0,10118.612000000001,5.606,6.427,10000.0
11,78575.0,10319.597,6.326,2.379,10000.0
11,78576.0,9567.173999999999,5.987,13.047,10000.0
11,78577.0,10290.43,31.023,3.578,10000.0
11,78578.0,9787.568,8.552,3.766,10000.0
11,78579.0,9933.645,7.773,3.616,10000.0
11,78580.0,11182.093,30.113,15.227,10000.0
11,78581.0,9921.068,3.803,1.481,10000.0
11,78582.0,9017.310000000001,28.025,5.708,10000.0
11,78583.0,9881.501,4.772,3.951,10000.0
11,78584.0,10524.511,7.308,6.277,10000.0
11,78585.0,9695.372000000001,6.304,3.793,10000.0
11,78586.0,9813.427,6.741,6.074,10000.0
11,78587.0,10116.872000000001,20.22,2.94,10000.0
11,78588.0,9983.792,20.238,20.099,10000.0
11,78589.0,11518.933,5.417,2.837,10000.0
11,78590.0,8432.307999999999,6.801,4.458,10000.0
11,78591.0,10023.028999999999,20.507,4.465,10000.0
11,78592.0,9865.59,4.689,5.334,10000.0
11,78593.0,10262.451000000001,21.131,5.017,10000.0
11,78594.0,10010.464,5.244,2.327,10000.0
11,78595.0,9768.038999999999,6.099,2.174,10000.0
11,78596.0,10101.746,5.77,3.688,10000.0
11,78597.0,10088.39,6.685,5.327,10000.0
11,78598.0,9790.97,7.587,5.339,10000.0
11,78599.0,10012.882000000001,6.64,5.442,10000.0
11,78600.0,10128.277,7.609,4.272,10000.0
11,78601.0,9844.362000000001,5.713,6.156,10000.0
11,78602.0,10007.442000000001,6.464,8.604,10000.0
11,78603.0,10042.676,6.439,3.841,10000.0
11,78604.0,9985.56,5.441,1.307,10000.0
11,78605.0,10005.643,4.143,5.474,10000.0
11,78606.0,10186.436,6.162,3.269,10000.0
11,78607.0,9793.153,6.41,9.199,10000.0
11,78608.0,10024.754,34.309,4.524,10000.0
11,78609.0,10251.377,45.822,5.997,10000.0
11,78610.0,9970.284,43.326,14.265,10000.0
11,78611.0,11450.972,4.621,2.708,10000.0
11,78612.0,8314.86,13.441,7.445,10000.0
11,78613.0,10489.737000000001,11.235,3.668,10000.0
11,78614.0,9787.926000000001,12.745,2.528,10000.0
11,78615.0,9749.206,8.204,8.104,10000.0
11,78616.0,10063.135,6.379,2.611,10000.0
11,78617.0,9968.717,32.789,4.75,10000.0
11,78618.0,9934.807999999999,7.028,1.406,10000.0
11,78619.0,9967.455,5.602,5.029,10000.0
11,78620.0,10088.503,5.792,4.171,10000.0
11,78621.0,10073.798999999999,5.31,4.753,10000.0
11,78622.0,9943.232,5.37,2.628,10000.0
11,78623.0,10256.563999999998,8.376,4.076,10000.0
11,78624.0,9643.476,5.268,3.227,10000.0
11,78625.0,10148.795,7.997,3.985,10000.0
11,78626.0,10003.205,7.316,6.339,10000.0
11,78627.0,9876.789,9.611,5.823,10000.0
11,78628.0,10162.804,17.722,4.25,10000.0
11,78629.0,10154.127,42.626,5.222,10000.0
11,78630.0,9727.555,7.339,31.994,10000.0
11,78631.0,10173.69,22.746,128.556,10000.0
11,78632.0,9981.324999999999,5.419,5.616,10000.0
11,78633.0,10238.964,5.687,3.403,10000.0
11,78634.0,9551.1,5.608,5.352,10000.0
11,78635.0,10084.319,4.564,3.259,10000.0
11,78636.0,9904.206,4.472,3.272,10000.0
11,78637.0,10290.732,51.099,5.554,10000.0
11,78638.0,10446.327,5.945,2.295,10000.0
11,78639.0,10731.286,69.086,4.579,10000.0
11,78640.0,9140.659000000001,6.42,3.362,10000.0
11,78641.0,10378.047,21.409,12.704,10000.0
11,78642.0,10421.876,38.01,4.793,10000.0
11,78643.0,8898.201,18.327,25.337,10000.0
11,78644.0,9841.567000000001,5.977,16.792,10000.0
11,78645.0,10687.15,102.729,24.983,10000.0
11,78646.0,9302.156,13.666,2.734,10000.0
11,78647.0,10085.292,15.352,26.077,10000.0
11,78648.0,9873.148,17.869,17.945,10000.0
11,78649.0,9939.901,7.364,3.592,10000.0
11,78650.0,10000.936,5.543,2.132,10000.0
11,78651.0,10079.202000000001,11.547,5.171,10000.0
11,78652.0,9916.702,5.718,6.778,10000.0
11,78653.0,9982.689,5.029,5.302,10000.0
11,78654.0,10893.268,8.748,2.834,10000.0
11,78655.0,10095.857,7.166,9.513,10000.0
11,78656.0,9013.610999999999,7.002,2.76,10000.0
11,78657.0,10130.635,26.579,5.598,10000.0
11,78658.0,9917.908,48.158,5.573,10000.0
11,78659.0,12456.641,5.329,3.049,10000.0
11,78660.0,7662.125,8.891,5.22,10000.0
11,78661.0,9856.220000000001,4.958,5.016,10000.0
11,78662.0,9975.257,22.784,2.671,10000.0
11,78663.0,10017.27,5.682,3.619,10000.0
11,78664.0,10663.711,4.383,2.198,10000.0
11,78665.0,9405.033,4.229,3.223,10000.0
11,78666.0,9911.348,5.052,4.109,10000.0
11,78667.0,10101.909,8.708,3.927,10000.0
11,78668.0,9913.686,6.02,2.551,10000.0
11,78669.0,10144.927,6.656,5.04,10000.0
11,78670.0,9935.523,13.129,3.789,10000.0
11,78671.0,10029.125,22.105,5.121,10000.0
11,78672.0,10182.739,24.813,11.945,10000.0
11,78673.0,9897.347000000002,30.843,6.309,10000.0
11,78674.0,9829.624,1087.007,7.146,10000.0
11,78675.0,10116.77,28.806,10.498,10000.0
11,78676.0,9933.967999999999,36.136,3.28,10000.0
11,78677.0,9922.886,7.608,6.563,10000.0
11,78678.0,10014.377,8.498,21.48,10000.0
11,78679.0,9979.211,4.411,3.251,10000.0
11,78680.0,10012.65,6.246,3.725,10000.0
11,78681.0,10062.775,3.816,2.092,10000.0
11,78682.0,10078.479,4.428,2.253,10000.0
11,78683.0,10975.619,5.933,4.874,10000.0
11,78684.0,9029.899,7.734,2.372,10000.0
11,78685.0,9930.53,5.708,8.241,10000.0
11,78686.0,9921.749,4.366,1.79,10000.0
11,78687.0,9963.901,3.436,2.626,10000.0
11,78688.0,9990.832999999999,8.559,7.02,10000.0
11,78689.0,10302.831,4.538,2.967,10000.0
11,78690.0,9763.453,4.055,2.315,10000.0
11,78691.0,10132.509,17.175,1.82,10000.0
11,78692.0,9984.138,5.611,10.648,10000.0
11,78693.0,10130.714,26.164,4.65,10000.0
11,78694.0,10327.474999999999,10.979,3.349,10000.0
11,78695.0,9520.436,26.873,5.433,10000.0
11,78696.0,9979.541,16.983,4.287,10000.0
11,78697.0,9930.198,4.163,25.459,10000.0
11,78698.0,9967.922,4.965,11.187,10000.0
11,78699.0,10081.882,5.195,2.83,10000.0
11,78700.0,9930.104000000001,6.338,1.566,10000.0
11,78701.0,10027.698999999999,5.468,3.929,10000.0
11,78702.0,9943.906,4.009,2.188,10000.0
11,78703.0,10780.919,5.323,2.548,10000.0
11,78704.0,9247.299,7.957,6.671,10000.0
11,78705.0,10004.413,8.939,3.093,10000.0
11,78706.0,10753.688,5.106,4.765,10000.0
11,78707.0,9237.278,7.834,5.072,10000.0
11,78708.0,10292.996000000001,19.637,20.574,10000.0
11,78709.0,10020.435,48.845,4.315,10000.0
11,78710.0,9731.496,40.927,2.613,10000.0
11,78711.0,9927.811,4.428,3.623,10000.0
11,78712.0,10306.869,8.828,11.91,10000.0
11,78713.0,9812.427,8.488,5.029,10000.0
11,78714.0,9895.320000000002,4.86,2.945,10000.0
11,78715.0,9956.563999999998,6.425,3.572,10000.0
11,78716.0,10104.418,5.796,3.301,10000.0
11,78717.0,10039.304,5.324,3.364,10000.0
11,78718.0,10137.541,5.708,3.43,10000.0
11,78719.0,10146.423,35.854,3.332,10000.0
11,78720.0,9596.547,4.827,2.686,10000.0
11,78721.0,10024.184000000001,5.062,3.67,10000.0
11,78722.0,10060.337000000001,5.407,3.417,10000.0
11,78723.0,9966.734,5.101,3.249,10000.0
11,78724.0,11039.34,4.554,2.691,10000.0
11,78725.0,8983.461,6.577,5.134,10000.0
11,78726.0,10120.003,37.115,14.635,10000.0
11,78727.0,9822.569,8.941,7.121,10000.0
11,78728.0,10306.836,26.104,14.549,10000.0
11,78729.0,9715.843,6.959,4.214,10000.0
11,78730.0,9975.714,7.115,7.787,10000.0
11,78731.0,10072.274000000001,5.989,6.242,10000.0
11,78732.0,10211.239,12.265,2.388,10000.0
11,78733.0,9745.307,5.366,3.01,10000.0
11,78734.0,9970.402999999998,4.412,2.151,10000.0
11,78735.0,9987.724,4.395,2.468,10000.0
11,78736.0,9998.065,3.296,1.387,10000.0
11,78737.0,10001.41,5.78,2.166,10000.0
11,78738.0,10195.239,4.647,2.819,10000.0
11,78739.0,11679.437000000002,5.33,6.311,10000.0
11,78740.0,8082.275999999999,5.179,2.385,10000.0
11,78741.0,11129.38,12.35,17.966,10000.0
11,78742.0,9062.673999999999,17.094,4.188,10000.0
11,78743.0,9995.521,6.178,3.23,10000.0
11,78744.0,10058.108,38.899,3.48,10000.0
11,78745.0,9978.532,5.464,5.212,10000.0
11,78746.0,10057.687,25.933,4.062,10000.0
11,78747.0,9783.623,7.252,23.843,10000.0
11,78748.0,9995.619,22.888,3.278,10000.0
11,78749.0,10043.145999999999,15.324,4.332,10000.0
11,78750.0,10055.402999999998,7.135,5.237,10000.0
11,78751.0,9934.705,5.787,4.101,10000.0
11,78752.0,9958.938,7.499,12.174,10000.0
11,78753.0,10230.893,10.475,2.387,10000.0
11,78754.0,9763.575,8.522,2.37,10000.0
11,78755.0,10033.738000000001,24.686,5.41,10000.0
11,78756.0,9979.754,4.837,11.927,10000.0
11,78757.0,10009.01,6.828,3.692,10000.0
11,78758.0,9978.206,5.03,3.383,10000.0
11,78759.0,10023.881,5.196,3.302,10000.0
11,78760.0,10001.994,6.027,1.756,10000.0
11,78761.0,10073.779999999999,5.554,3.324,10000.0
11,78762.0,9907.233,5.095,18.413,10000.0
11,78763.0,10018.904,6.833,4.32,10000.0
11,78764.0,10240.276,7.036,4.034,10000.0
11,78765.0,9743.322,3.831,4.177,10000.0
11,78766.0,10001.837,4.373,1.583,10000.0
11,78767.0,10053.385999999999,7.514,14.136,10000.0
11,78768.0,10047.438,5.013,1.984,10000.0
11,78769.0,10193.126,6.259,3.355,10000.0
11,78770.0,9791.182,6.867,5.04,10000.0
11,78771.0,10248.834,6.127,2.802,10000.0
11,78772.0,9825.818,29.715,2.069,10000.0
11,78773.0,9947.238000000001,29.465,4.466,10000.0
11,78774.0,10117.869999999999,30.659,2.555,10000.0
11,78775.0,9841.333,16.12,4.328,10000.0
11,78776.0,9953.172999999999,15.178,4.039,10000.0
11,78777.0,9945.72,7.953,4.791,10000.0
11,78778.0,10216.358,11.859,37.003,10000.0
11,78779.0,9840.373,11.202,3.628,10000.0
11,78780.0,10075.98,6.618,5.162,10000.0
11,78781.0,9906.814,4.626,3.149,10000.0
11,78782.0,9976.337,5.455,4.668,10000.0
11,78783.0,10102.749,5.626,2.108,10000.0
11,78784.0,10005.57,3.904,2.056,10000.0
11,78785.0,9910.444,5.426,3.872,10000.0
11,78786.0,10020.074,5.633,2.067,10000.0
11,78787.0,10026.958,5.123,1.448,10000.0
11,78788.0,10000.425000000001,5.364,2.681,10000.0
11,78789.0,9975.351999999999,4.912,1.557,10000.0
11,78790.0,10232.896999999999,23.948,7.013,10000.0
11,78791.0,9969.479,5.232,4.081,10000.0
11,78792.0,9764.71,9.248,3.023,10000.0
11,78793.0,10130.894,89.467,2.738,10000.0
11,78794.0,9950.819,14.218,2.128,10000.0
11,78795.0,10105.809000000001,29.246,4.689,10000.0
11,78796.0,10007.46,40.177,2.872,10000.0
11,78797.0,9875.957,6.022,6.936,10000.0
11,78798.0,11731.515,44.02,5.482,10000.0
11,78799.0,8277.796,208.658,15.759,10000.0
11,78800.0,9943.329000000002,11.437,6.254,10000.0
11,78801.0,10877.971,11.204,5.85,10000.0
11,78802.0,9149.83,7.011,4.402,10000.0
11,78803.0,9949.394,5.652,9.19,10000.0
11,78804.0,9993.776,5.505,2.792,10000.0
11,78805.0,10058.956,10.783,4.466,10000.0
11,78806.0,10174.108,6.333,4.587,10000.0
11,78807.0,9743.741,6.329,3.193,10000.0
11,78808.0,10508.672,4.961,2.922,10000.0
11,78809.0,9815.8,6.467,4.05,10000.0
11,78810.0,9703.394,4.887,2.5,10000.0
11,78811.0,9990.697,5.565,3.271,10000.0
11,78812.0,9998.369999999999,5.286,1139.941,10000.0
11,78813.0,10015.643,5.613,2.937,10000.0
11,78814.0,9975.358,4.154,4.326,10000.0
11,78815.0,10176.497,7.158,4.291,10000.0
11,78816.0,9858.846,5.831,5.237,10000.0
11,78817.0,10166.738,4.471,1.915,10000.0
11,78818.0,9835.437,4.112,5.184,10000.0
11,78819.0,9943.788999999999,4.806,2.041,10000.0
11,78820.0,10173.207999999999,5.662,2.897,10000.0
11,78821.0,9919.844000000001,6.4,3.004,10000.0
11,78822.0,10115.578,13.172,4.753,10000.0
11,78823.0,10007.28,50.186,14.745,10000.0
11,78824.0,9941.600999999999,7.049,4.189,10000.0
11,78825.0,9868.513,4.036,3.02,10000.0
11,78826.0,10147.037,5.259,2.706,10000.0
11,78827.0,9897.446,6.603,3.517,10000.0
11,78828.0,9959.323,5.844,4.051,10000.0
11,78829.0,10321.035,5.283,3.265,10000.0
11,78830.0,10029.27,8.572,5.211,10000.0
11,78831.0,11199.964999999998,6.216,2.576,10000.0
11,78832.0,8944.093,48.573,2.164,10000.0
11,78833.0,9820.038,40.018,4.901,10000.0
11,78834.0,10907.677,36.339,3.439,10000.0
11,78835.0,8818.474999999999,12.568,3.338,10000.0
11,78836.0,9997.235999999999,8.557,8.186,10000.0
11,78837.0,9996.359999999999,8.015,5.251,10000.0
11,78838.0,9971.917,4.506,2.597,10000.0
11,78839.0,10040.15,5.109,2.806,10000.0
11,78840.0,9982.695,6.277,1.838,10000.0
11,78841.0,9982.332999999999,4.229,2.307,10000.0
11,78842.0,10111.064,7.266,4.238,10000.0
11,78843.0,10154.434000000001,6.006,3.671,10000.0
11,78844.0,9735.402,4.447,3.225,10000.0
11,78845.0,10002.227,4.009,1.437,10000.0
11,78846.0,10218.035,4.911,2.019,10000.0
11,78847.0,9778.435,9.959,3.918,10000.0
11,78848.0,10045.360999999999,15.961,2.326,10000.0
11,78849.0,9950.231,5.215,2.853,10000.0
11,78850.0,10204.904,3.676,2.322,10000.0
11,78851.0,9871.991,3.629,3.04,10000.0
11,78852.0,9907.394,3.799,4.077,10000.0
11,78853.0,10081.245,8.712,6.491,10000.0
11,78854.0,11597.43,8.135,5.887,10000.0
11,78855.0,8774.512999999999,38.034,4.057,10000.0
11,78856.0,9985.02,9.033,33.924,10000.0
11,78857.0,9738.166,8.933,6.707,10000.0
11,78858.0,9903.851999999999,4.655,6.646,10000.0
11,78859.0,10216.124,8.479,4.07,10000.0
11,78860.0,10090.491,11.386,3.327,10000.0
11,78861.0,9666.960000000001,6.379,19.973,10000.0
11,78862.0,10158.505,9.204,3.324,10000.0
11,78863.0,9914.143,32.526,5.333,10000.0
11,78864.0,9950.08,4.641,2.377,10000.0
11,78865.0,10108.507,7.943,5.693,10000.0
11,78866.0,10003.775,8.495,6.123,10000.0
11,78867.0,9963.559000000001,7.376,5.362,10000.0
11,78868.0,9871.472,4.326,1.442,10000.0
11,78869.0,9995.021,6.362,3.389,10000.0
11,78870.0,10013.525000000001,23.898,3.72,10000.0
11,78871.0,10156.867999999999,5.091,3.012,10000.0
11,78872.0,9836.948,5.645,2.412,10000.0
11,78873.0,9997.652,5.187,3.498,10000.0
11,78874.0,10008.535,14.657,3.137,10000.0
11,78875.0,9946.549,4.782,2.338,10000.0
11,78876.0,10054.427,6.081,4.151,10000.0
11,78877.0,10003.823,4.607,2.352,10000.0
11,78878.0,10590.961,4.869,2.1,10000.0
11,78879.0,9395.382000000001,5.73,4.068,10000.0
11,78880.0,9964.651,4.464,2.452,10000.0
11,78881.0,10312.589,5.038,2.417,10000.0
11,78882.0,9730.16,58.845,4.299,10000.0
11,78883.0,10109.084,4.013,1.873,10000.0
11,78884.0,12031.645,6.106,3.643,10000.0
11,78885.0,7845.735,4.363,3.118,10000.0
11,78886.0,10002.211000000001,5.548,2.991,10000.0
11,78887.0,10024.797999999999,5.712,3.34,10000.0
11,78888.0,10559.343,4.647,4.332,10000.0
11,78889.0,9420.042,4.006,2.358,10000.0
11,78890.0,10068.18,10.275,15.55,10000.0
11,78891.0,10155.493999999999,32.477,10.283,10000.0
11,78892.0,9803.449,5.512,2.628,10000.0
11,78893.0,10140.431,43.004,4.011,10000.0
11,78894.0,10971.718,6.067,2.188,10000.0
11,78895.0,8930.606,5.337,19.389,10000.0
11,78896.0,10659.604,33.901,4.849,10000.0
11,78897.0,9274.225,6.876,31.371,10000.0
11,78898.0,9980.714,5.554,5.655,10000.0
11,78899.0,11404.878999999999,35.913,13.859,10000.0
11,78900.0,8639.803,6.025,5.201,10000.0
11,78901.0,9990.765000000001,6.97,3.622,10000.0
11,78902.0,10004.981,6.014,2.994,10000.0
11,78903.0,10032.676000000001,5.522,4.415,10000.0
11,78904.0,9989.636,3.652,2.39,10000.0
11,78905.0,10039.278,3.886,4.041,10000.0
11,78906.0,9917.957,4.686,3.581,10000.0
11,78907.0,10265.487000000001,31.319,3.86,10000.0
11,78908.0,9866.946,11.398,25.039,10000.0
11,78909.0,9953.624,7.204,5.444,10000.0
11,78910.0,9937.378,6.639,2.797,10000.0
11,78911.0,10217.373,6.121,5.621,10000.0
11,78912.0,9793.850999999999,5.353,4.651,10000.0
11,78913.0,9955.759999999998,5.621,4.395,10000.0
11,78914.0,10147.133,7.217,4.181,10000.0
11,78915.0,9982.996,5.192,1.884,10000.0
11,78916.0,9976.066,5.08,1.368,10000.0
11,78917.0,9962.858,4.788,5.265,10000.0
11,78918.0,9962.725,5.054,3.918,10000.0
11,78919.0,9970.784,5.17,2.02,10000.0
11,78920.0,9998.916,5.839,2.442,10000.0
11,78921.0,10156.379,7.983,4.469,10000.0
11,78922.0,9864.185,4.976,1.848,10000.0
11,78923.0,10080.143,11.813,4.087,10000.0
11,78924.0,9901.492,4.849,2.432,10000.0
11,78925.0,10031.408,4.405,3.633,10000.0
11,78926.0,10559.324,7.602,4.206,10000.0
11,78927.0,9913.817000000001,6.231,4.685,10000.0
11,78928.0,9531.786,65.954,37.455,10000.0
11,78929.0,10426.241,30.122,4.969,10000.0
11,78930.0,9554.625,3.827,16.747,10000.0
11,78931.0,10025.685,5.712,8.354,10000.0
11,78932.0,9991.975,6.025,5.929,10000.0
11,78933.0,9996.092,7.867,3.048,10000.0
11,78934.0,10006.159000000001,5.65,5.189,10000.0
11,78935.0,10087.635,5.42,7.208,10000.0
11,78936.0,9871.770999999999,4.097,3.271,10000.0
11,78937.0,10484.266000000001,37.076,24.363,10000.0
11,78938.0,9553.511,7.187,6.515,10000.0
11,78939.0,10125.259,7.837,7.409,10000.0
11,78940.0,9915.39,7.408,5.874,10000.0
11,78941.0,10064.76,5.245,4.557,10000.0
11,78942.0,9859.491999999998,5.175,3.352,10000.0
11,78943.0,10151.824999999999,28.033,4.904,10000.0
11,78944.0,10004.996000000001,6.52,17.405,10000.0
11,78945.0,10059.492999999999,28.658,3.854,10000.0
11,78946.0,9922.342,16.545,2.54,10000.0
11,78947.0,9916.130000000001,12.72,12.757,10000.0
11,78948.0,9980.196,9.847,20.145,10000.0
11,78949.0,9998.625,8.386,4.255,10000.0
11,78950.0,11191.628,6.579,4.796,10000.0
11,78951.0,8811.934000000001,12.195,4.946,10000.0
11,78952.0,10056.136,6.748,3.642,10000.0
11,78953.0,10018.155,9.174,36.507,10000.0
11,78954.0,9945.148,5.814,3.861,10000.0
11,78955.0,9933.234,4.671,3.142,10000.0
11,78956.0,10268.021999999999,53.666,4.568,10000.0
11,78957.0,9710.795,7.804,5.313,10000.0
11,78958.0,10085.05,5.584,4.309,10000.0
11,78959.0,9981.559,5.448,3.735,10000.0
11,78960.0,10028.542,5.569,3.299,10000.0
11,78961.0,9960.797,5.201,2.798,10000.0
11,78962.0,10247.98,34.389,3.047,10000.0
11,78963.0,9745.242,9.098,6.355,10000.0
11,78964.0,10011.852,4.583,2.076,10000.0
11,78965.0,10141.895,1001.655,5.075,10000.0
11,78966.0,9924.728000000001,44.366,76.213,10000.0
11,78967.0,9885.785,4.4,2.227,10000.0
11,78968.0,10888.174,4.628,1.542,10000.0
11,78969.0,9093.777,5.499,3.336,10000.0
11,78970.0,10224.042,4.231,2.49,10000.0
11,78971.0,13157.030999999999,35.078,5.843,10000.0
11,78972.0,6762.3240000000005,7.186,16.625,10000.0
11,78973.0,10456.742999999999,9.879,23.491,10000.0
11,78974.0,9857.08,14.418,2.804,10000.0
11,78975.0,9643.798999999999,5.428,498.724,10000.0
11,78976.0,10053.647,13.916,5.504,10000.0
11,78977.0,9908.887999999999,8.699,4.83,10000.0
11,78978.0,10116.93,5.826,4.922,10000.0
11,78979.0,10004.242,4.169,3.32,10000.0
11,78980.0,10811.034000000001,5.751,2.281,10000.0
11,78981.0,9101.965,4.346,4.776,10000.0
11,78982.0,9955.96,5.912,4.576,10000.0
11,78983.0,10113.878999999999,5.94,2.87,10000.0
11,78984.0,10006.012,4.408,1.899,10000.0
11,78985.0,10016.536,4.268,2.344,10000.0
11,78986.0,9877.175000000001,4.075,2.017,10000.0
11,78987.0,10113.0,53.591,3.418,10000.0
11,78988.0,10081.878,224.812,3.159,10000.0
11,78989.0,9946.755,112.766,13.189,10000.0
11,78990.0,9819.9,5.204,7.773,10000.0
11,78991.0,10078.220000000001,14.318,15.341,10000.0
11,78992.0,10111.867,8.67,2.689,10000.0
11,78993.0,9936.021,6.295,12.476,10000.0
11,78994.0,9970.315,7.131,2.4,10000.0
11,78995.0,10078.577,7.326,6.808,10000.0
11,78996.0,10290.103000000001,3.788,3.439,10000.0
11,78997.0,9604.212000000001,8.804,55.026,10000.0
11,78998.0,10144.699999999999,201.856,4.048,10000.0
11,78999.0,11742.226,30.544,2.918,10000.0
11,79000.0,8186.865,6.316,5.388,10000.0
11,79001.0,9918.466,7.206,4.971,10000.0
11,79002.0,10202.774,15.488,6.414,10000.0
11,79003.0,9924.739,7.789,5.286,10000.0
11,79004.0,9829.52,5.703,2.237,10000.0
11,79005.0,10073.136,7.711,3.672,10000.0
11,79006.0,10291.677000000001,8.021,5.242,10000.0
11,79007.0,9721.811,8.18,5.918,10000.0
11,79008.0,10182.210000000001,8.306,5.521,10000.0
11,79009.0,10009.909000000001,5.351,4.006,10000.0
11,79010.0,9726.248,8.172,6.127,10000.0
11,79011.0,12280.305,8.273,2.068,10000.0
11,79012.0,7805.914,6.324,2.514,10000.0
11,79013.0,9985.554,7.746,3.931,10000.0
11,79014.0,9899.883,3.934,2.441,10000.0
11,79015.0,10056.752,7.235,2.938,10000.0
11,79016.0,10023.496,4.122,1.519,10000.0
11,79017.0,10075.95,41.646,12.012,10000.0
11,79018.0,10235.677,4.259,2.857,10000.0
11,79019.0,10132.610999999999,7.333,6.431,10000.0
11,79020.0,9483.938,5.754,3.537,10000.0
11,79021.0,10110.82,4.348,2.984,10000.0
11,79022.0,10105.477,22.242,3.039,10000.0
11,79023.0,10226.681,8.368,3.88,10000.0
11,79024.0,9581.287,8.572,4.806,10000.0
11,79025.0,9973.732,4.725,3.383,10000.0
11,79026.0,10157.645999999999,7.157,4.086,10000.0
11,79027.0,9925.938,16.802,5.351,10000.0
11,79028.0,10028.876,5.207,3.747,10000.0
11,79029.0,10208.972,5.589,2.215,10000.0
11,79030.0,9694.469000000001,8.332,5.617,10000.0
11,79031.0,10112.461,7.047,4.902,10000.0
11,79032.0,10663.103000000001,7.489,4.399,10000.0
11,79033.0,10254.865,7.008,6.441,10000.0
11,79034.0,10421.48,4.417,3.044,10000.0
11,79035.0,8700.233,30.481,3.503,10000.0
11,79036.0,9973.594000000001,27.929,16.367,10000.0
11,79037.0,9863.090999999999,5.722,4.652,10000.0
11,79038.0,10296.444,6.112,3.198,10000.0
11,79039.0,9710.173,8.908,3.756,10000.0
11,79040.0,10037.33,6.375,2.864,10000.0
11,79041.0,10050.954000000002,4.247,2.209,10000.0
11,79042.0,9919.051,11.517,3.328,10000.0
11,79043.0,9986.72,4.308,1.886,10000.0
11,79044.0,12762.367,4.687,1.832,10000.0
11,79045.0,7567.374,43.414,19.123,10000.0
11,79046.0,10078.578,6.617,5.45,10000.0
11,79047.0,9737.851,38.438,5.155,10000.0
11,79048.0,10978.814,5.271,3.316,10000.0
11,79049.0,8887.863,6.845,8.704,10000.0
11,79050.0,10015.727,7.309,5.531,10000.0
11,79051.0,10042.531,26.445,4.673,10000.0
11,79052.0,9898.573,4.147,3.436,10000.0
11,79053.0,10203.744,6.301,5.025,10000.0
11,79054.0,10234.974,30.317,4.79,10000.0
11,79055.0,9610.005,8.432,4.769,10000.0
11,79056.0,10052.723,4.899,2.965,10000.0
11,79057.0,9916.505000000001,5.315,3.811,10000.0
11,79058.0,10145.921,4.666,3.665,10000.0
11,79059.0,9887.63,4.522,3.919,10000.0
11,79060.0,10108.265,5.19,2.189,10000.0
11,79061.0,10032.704,5.404,2.698,10000.0
11,79062.0,10070.984999999999,39.886,19.564,10000.0
11,79063.0,11284.337,6.772,4.772,10000.0
11,79064.0,9020.596000000001,39.915,70.954,10000.0
11,79065.0,9608.343,7.398,3.604,10000.0
11,79066.0,10268.626,30.883,5.84,10000.0
11,79067.0,9713.510999999999,7.228,27.121,10000.0
11,79068.0,11785.639000000001,7.101,2.646,10000.0
11,79069.0,8118.99,11.425,4.421,10000.0
11,79070.0,10089.949,10.318,3.571,10000.0
11,79071.0,9888.525,4.994,11.698,10000.0
11,79072.0,10212.300000000001,8.163,9.291,10000.0
11,79073.0,9838.534,6.013,3.49,10000.0
11,79074.0,10081.338,8.597,6.254,10000.0
11,79075.0,9864.091,7.032,5.24,10000.0
11,79076.0,10007.997,4.981,20.608,10000.0
11,79077.0,10116.457,8.503,6.953,10000.0
11,79078.0,10086.089,7.303,4.193,10000.0
11,79079.0,9778.577,5.602,3.811,10000.0
11,79080.0,10169.256,36.881,14.615,10000.0
11,79081.0,10217.678,36.06,5.731,10000.0
11,79082.0,9858.199,8.137,3.516,10000.0
11,79083.0,9791.251,7.827,5.319,10000.0
11,79084.0,9954.849,5.54,2.646,10000.0
11,79085.0,10043.942000000001,7.243,5.445,10000.0
11,79086.0,10041.313,4.92,4.54,10000.0
11,79087.0,9950.126,9.095,3.993,10000.0
11,79088.0,10085.264,6.912,40.486,10000.0
11,79089.0,11378.168,6.773,5.145,10000.0
11,79090.0,8613.397,8.354,4.485,10000.0
11,79091.0,9872.415,5.499,3.495,10000.0
11,79092.0,10048.693,7.095,12.167,10000.0
11,79093.0,10208.236,6.962,3.6,10000.0
11,79094.0,9866.966,8.157,4.417,10000.0
11,79095.0,10029.741,7.738,5.057,10000.0
11,79096.0,10116.678,5.839,4.674,10000.0
11,79097.0,9804.328,4.745,2.296,10000.0
11,79098.0,9960.917,7.257,3.875,10000.0
11,79099.0,10514.327000000001,7.527,4.614,10000.0
11,79100.0,9749.0,52.848,4.362,10000.0
11,79101.0,9779.803,7.57,6.292,10000.0
11,79102.0,9997.554,8.674,4.721,10000.0
11,79103.0,10434.728000000001,7.613,4.354,10000.0
11,79104.0,9594.027,7.773,5.883,10000.0
11,79105.0,9919.735,6.131,3.503,10000.0
11,79106.0,10883.726999999999,36.769,3.566,10000.0
11,79107.0,9251.249,12.284,3.119,10000.0
11,79108.0,12001.404999999999,50.259,4.461,10000.0
11,79109.0,9667.535999999998,5.937,1.775,10000.0
11,79110.0,8190.796,4.667,1.828,10000.0
11,79111.0,10071.687,13.441,18.197,10000.0
11,79112.0,9945.074,7.714,6.237,10000.0
11,79113.0,10117.317000000001,7.986,4.921,10000.0
11,79114.0,9886.862,6.563,4.222,10000.0
11,79115.0,10479.537,21.883,2.482,10000.0
11,79116.0,9501.252999999999,7.701,4.106,10000.0
11,79117.0,9946.286,5.503,10.21,10000.0
11,79118.0,10126.853,5.629,2.299,10000.0
11,79119.0,9928.876999999999,4.826,9.333,10000.0
11,79120.0,10091.966,23.584,5.64,10000.0
11,79121.0,9912.826,7.392,3.72,10000.0
11,79122.0,10023.964,5.518,2.723,10000.0
11,79123.0,9984.809000000001,6.465,3.133,10000.0
11,79124.0,12760.358,6.306,3.064,10000.0
11,79125.0,7417.789,20.811,7.834,10000.0
11,79126.0,9890.859,20.533,29.738,10000.0
11,79127.0,10191.401,16.374,2.31,10000.0
11,79128.0,9757.598,6.727,6.032,10000.0
11,79129.0,9999.432,5.344,2.963,10000.0
11,79130.0,10018.007000000001,8.304,2.632,10000.0
11,79131.0,9954.984,4.183,2.783,10000.0
11,79132.0,10095.178,6.215,4.246,10000.0
11,79133.0,10043.704,5.662,2.972,10000.0
11,79134.0,10146.277,1513.755,3.822,10000.0
11,79135.0,9858.159,26.995,8.443,10000.0
11,79136.0,9875.856,5.846,2.31,10000.0
11,79137.0,9987.752,5.289,2.895,10000.0
11,79138.0,10116.469,5.253,2.168,10000.0
11,79139.0,10417.391,6.178,4.317,10000.0
11,79140.0,9480.768,8.204,4.988,10000.0
11,79141.0,12140.244,9.426,4.294,10000.0
11,79142.0,8318.614,4.812,3.428,10000.0
11,79143.0,9585.222,6.994,3.049,10000.0
11,79144.0,9912.093,5.082,3.689,10000.0
11,79145.0,10026.945000000002,5.235,8.646,10000.0
11,79146.0,10027.520999999999,4.774,3.98,10000.0
11,79147.0,10017.358,5.834,4.078,10000.0
11,79148.0,9994.296,4.309,3.55,10000.0
11,79149.0,9949.404999999999,4.986,2.758,10000.0
11,79150.0,10043.744,6.305,4.624,10000.0
11,79151.0,11820.334,44.421,3.415,10000.0
11,79152.0,8506.454,17.992,4.457,10000.0
11,79153.0,9826.518,37.771,3.821,10000.0
11,79154.0,10910.367,11.549,4.176,10000.0
11,79155.0,8917.787999999999,7.5,5.215,10000.0
11,79156.0,10108.097,8.961,4.494,10000.0
11,79157.0,10016.565,8.23,6.281,10000.0
11,79158.0,10010.359999999999,5.142,2.893,10000.0
11,79159.0,10083.723,8.815,5.458,10000.0
11,79160.0,10574.073,7.752,8.922,10000.0
11,79161.0,9601.829,6.393,3.313,10000.0
11,79162.0,9653.582,6.973,6.553,10000.0
11,79163.0,10102.272,24.693,55.501,10000.0
11,79164.0,9866.128,7.589,6.662,10000.0
11,79165.0,10106.488,4.189,4.699,10000.0
11,79166.0,9882.6,5.716,4.815,10000.0
11,79167.0,10091.889,10.128,6.676,10000.0
11,79168.0,10064.655,13.263,4.545,10000.0
11,79169.0,11206.668,4.549,1.896,10000.0
11,79170.0,8697.118,9.048,20.989,10000.0
11,79171.0,10082.597,11.889,14.238,10000.0
11,79172.0,11022.307,15.751,27.302,10000.0
11,79173.0,9270.365,6.16,29.038,10000.0
11,79174.0,9557.874,3.876,44.504,10000.0
11,79175.0,9994.429,3.893,3.377,10000.0
11,79176.0,10138.225,17.852,13.591,10000.0
11,79177.0,9949.811,6.281,3.107,10000.0
11,79178.0,10677.868999999999,6.949,3.424,10000.0
11,79179.0,9366.816,6.766,3.479,10000.0
11,79180.0,10046.3,6.646,5.113,10000.0
11,79181.0,10044.842,15.451,5.951,10000.0
11,79182.0,9800.827,11.808,24.625,10000.0
11,79183.0,10002.818,34.682,6.855,10000.0
11,79184.0,10090.57,7.101,3.625,10000.0
11,79185.0,9877.417,6.14,5.526,10000.0
11,79186.0,10003.539,6.722,5.372,10000.0
11,79187.0,9991.482,3.775,2.17,10000.0
11,79188.0,10017.552000000001,5.405,2.779,10000.0
11,79189.0,10078.03,5.449,5.599,10000.0
11,79190.0,10947.037999999999,3.564,1.386,10000.0
11,79191.0,8933.735,3.728,1.79,10000.0
11,79192.0,10053.85,6.824,4.948,10000.0
11,79193.0,10045.055,6.497,3.28,10000.0
11,79194.0,10032.319,13.522,4.067,10000.0
11,79195.0,9910.836,5.353,2.73,10000.0
11,79196.0,10290.98,44.306,3.4,10000.0
11,79197.0,9883.065999999999,83.588,4.269,10000.0
11,79198.0,10147.345000000001,14.853,2.584,10000.0
11,79199.0,9828.835,8.239,4.12,10000.0
11,79200.0,9961.331,17.576,3.353,10000.0
11,79201.0,12098.997,9.665,4.895,10000.0
11,79202.0,7761.493,8.747,5.292,10000.0
11,79203.0,10052.161,6.607,3.14,10000.0
11,79204.0,10031.216,4.167,1.467,10000.0
11,79205.0,9915.949,4.259,9.232,10000.0
11,79206.0,10222.545,6.603,2.12,10000.0
11,79207.0,10119.345,41.926,19.776,10000.0
11,79208.0,9791.927000000001,13.36,12.8,10000.0
11,79209.0,9965.771,6.264,4.749,10000.0
11,79210.0,9948.769,6.8,6.792,10000.0
11,79211.0,10590.937,5.374,2.4,10000.0
11,79212.0,9435.572,14.477,9.354,10000.0
11,79213.0,10245.314,14.97,3.446,10000.0
11,79214.0,10137.022,7.042,2.888,10000.0
11,79215.0,9554.009,5.166,3.215,10000.0
11,79216.0,9993.877999999999,5.089,3.51,10000.0
11,79217.0,10195.803,6.664,3.537,10000.0
11,79218.0,9920.401,7.684,3.587,10000.0
11,79219.0,10280.42,28.721,6.384,10000.0
11,79220.0,11990.32,6.222,2.977,10000.0
11,79221.0,9772.288,6.759,3.876,10000.0
11,79222.0,7838.189,6.083,2.404,10000.0
11,79223.0,10017.507,4.688,4.504,10000.0
11,79224.0,10150.977,7.307,4.089,10000.0
11,79225.0,9838.667000000001,5.356,4.084,10000.0
11,79226.0,10034.06,7.574,2.501,10000.0
11,79227.0,10016.74,4.978,2.867,10000.0
11,79228.0,10136.355,5.751,3.097,10000.0
11,79229.0,9890.977,20.172,2.861,10000.0
11,79230.0,10327.836,8.506,5.502,10000.0
11,79231.0,10668.443,7.67,4.883,10000.0
11,79232.0,8984.446,16.48,6.175,10000.0
11,79233.0,10290.271999999999,6.945,3.116,10000.0
11,79234.0,9639.07,4.632,2.954,10000.0
11,79235.0,9997.538,4.721,3.411,10000.0
11,79236.0,10849.77,5.262,2.371,10000.0
11,79237.0,9180.895999999999,4.432,2.515,10000.0
11,79238.0,10004.848,4.723,2.691,10000.0
11,79239.0,10315.249,7.118,3.941,10000.0
11,79240.0,9656.478,3.887,2.744,10000.0
11,79241.0,10015.692,6.456,2.737,10000.0
11,79242.0,10863.859,5.986,4.619,10000.0
11,79243.0,9138.958,6.104,3.097,10000.0
11,79244.0,10013.375999999998,6.788,3.344,10000.0
11,79245.0,10023.466,15.32,3.892,10000.0
11,79246.0,10055.496000000001,8.287,4.406,10000.0
11,79247.0,9946.563,9.916,7.403,10000.0
11,79248.0,9971.222,5.02,2.996,10000.0
11,79249.0,10096.481,4.907,4.576,10000.0
11,79250.0,10068.344,6.101,3.965,10000.0
11,79251.0,10062.882,4.433,2.374,10000.0
11,79252.0,9745.507,6.486,4.14,10000.0
11,79253.0,10029.594,5.517,18.032,10000.0
11,79254.0,9961.466,4.219,10.204,10000.0
11,79255.0,10059.155999999999,4.407,2.434,10000.0
11,79256.0,10108.955,23.297,19.562,10000.0
11,79257.0,9950.889,11.895,4.535,10000.0
11,79258.0,9919.839999999998,6.813,7.593,10000.0
11,79259.0,10417.390000000001,6.071,1.427,10000.0
11,79260.0,9761.904,6.853,3.503,10000.0
11,79261.0,9814.519,4.318,2.37,10000.0
11,79262.0,10237.645999999999,7.258,4.67,10000.0
11,79263.0,9874.394999999999,9.528,15.583,10000.0
11,79264.0,10471.332999999999,8.138,5.775,10000.0
11,79265.0,9879.713,8.003,4.83,10000.0
11,79266.0,10234.088,10.796,5.645,10000.0
11,79267.0,9376.946,8.147,4.539,10000.0
11,79268.0,10332.43,5.96,3.686,10000.0
11,79269.0,9619.973,7.667,1.796,10000.0
11,79270.0,9995.344,5.867,3.422,10000.0
11,79271.0,10125.301,6.152,1.747,10000.0
11,79272.0,9852.860999999999,7.961,5.334,10000.0
11,79273.0,9996.153,5.604,6.54,10000.0
11,79274.0,10278.995,9.724,4.27,10000.0
11,79275.0,10096.960000000001,4.885,2.461,10000.0
11,79276.0,9652.556,5.041,2.481,10000.0
11,79277.0,9961.001,3.541,1.59,10000.0
11,79278.0,10027.014000000001,6.201,3.062,10000.0
11,79279.0,9969.469,7.545,4.832,10000.0
11,79280.0,9990.192000000001,4.569,4.377,10000.0
11,79281.0,10008.85,4.423,2.968,10000.0
11,79282.0,9974.739,5.218,2.508,10000.0
11,79283.0,10047.247000000001,4.689,3.715,10000.0
11,79284.0,10698.862,5.698,3.152,10000.0
11,79285.0,9316.349999999999,3.765,1.473,10000.0
11,79286.0,10062.725999999999,13.254,15.733,10000.0
11,79287.0,9973.621000000001,9.771,4.623,10000.0
11,79288.0,10050.932,5.221,4.151,10000.0
11,79289.0,10037.168000000001,8.024,5.448,10000.0
11,79290.0,9812.546,7.759,3.041,10000.0
11,79291.0,10042.523,6.269,3.78,10000.0
11,79292.0,9995.794,4.972,3.318,10000.0
11,79293.0,10039.233999999999,5.074,4.01,10000.0
11,79294.0,9954.81,6.281,2.825,10000.0
11,79295.0,10214.190999999999,8.065,5.184,10000.0
11,79296.0,9772.4,3.786,2.414,10000.0
11,79297.0,10498.766,5.795,4.507,10000.0
11,79298.0,9494.242,5.997,2.889,10000.0
11,79299.0,10234.843,33.134,3.332,10000.0
11,79300.0,10843.917,6.076,3.696,10000.0
11,79301.0,8961.722,14.637,11.842,10000.0
11,79302.0,9999.734999999999,4.363,2.21,10000.0
11,79303.0,10056.331,157.366,3.401,10000.0
11,79304.0,10029.651,11.287,5.733,10000.0
11,79305.0,9921.342999999999,6.538,2.726,10000.0
11,79306.0,9917.862,5.119,3.196,10000.0
11,79307.0,10012.429,4.796,2.828,10000.0
11,79308.0,10035.841,4.288,1.587,10000.0
11,79309.0,10031.613,4.103,10.349,10000.0
11,79310.0,9996.785,6.485,6.515,10000.0
11,79311.0,9977.342,6.314,3.695,10000.0
11,79312.0,9977.839,4.204,2.472,10000.0
11,79313.0,10168.796,30.76,2.798,10000.0
11,79314.0,11408.481,6.507,3.39,10000.0
11,79315.0,8576.096,19.282,27.377,10000.0
11,79316.0,10630.028999999999,7.853,4.902,10000.0
11,79317.0,9202.829,4.798,4.941,10000.0
11,79318.0,10042.690999999999,7.874,10.452,10000.0
11,79319.0,10327.597000000002,6.981,3.706,10000.0
11,79320.0,9671.904999999999,8.701,10.843,10000.0
11,79321.0,10019.225,4.385,2.548,10000.0
11,79322.0,10125.153,9.263,4.217,10000.0
11,79323.0,10025.705,11.05,2.284,10000.0
11,79324.0,10328.657,6.326,3.024,10000.0
11,79325.0,9497.886,6.984,2.963,10000.0
11,79326.0,11277.521999999999,5.694,3.454,10000.0
11,79327.0,8737.98,6.712,5.178,10000.0
11,79328.0,10228.243,5.28,2.87,10000.0
11,79329.0,9967.89,6.2,2.891,10000.0
11,79330.0,9760.873,3.541,3.978,10000.0
11,79331.0,10002.018999999998,4.217,2.63,10000.0
11,79332.0,10110.189,4.849,2.562,10000.0
11,79333.0,9887.353,4.433,2.143,10000.0
11,79334.0,11073.007,5.296,3.153,10000.0
11,79335.0,9048.418000000001,5.06,2.579,10000.0
11,79336.0,10811.336,34.412,5.005,10000.0
11,79337.0,9132.006,7.398,3.948,10000.0
11,79338.0,10100.612000000001,7.088,2.758,10000.0
11,79339.0,10025.62,5.891,2.917,10000.0
11,79340.0,9995.945,12.909,1.912,10000.0
11,79341.0,9853.172,4.382,3.49,10000.0
11,79342.0,10362.289999999999,5.892,3.04,10000.0
11,79343.0,9605.756,4.157,2.47,10000.0
11,79344.0,10030.48,6.619,2.511,10000.0
11,79345.0,9988.026,5.527,2.116,10000.0
11,79346.0,9981.6,5.277,2.638,10000.0
11,79347.0,9996.487000000001,4.521,2.732,10000.0
11,79348.0,9986.859,5.618,3.764,10000.0
11,79349.0,10083.347,6.373,4.82,10000.0
11,79350.0,9958.944000000001,4.578,2.779,10000.0
12,79351.0,9979.703,3.872,1.77,10000.0
12,79352.0,10067.609999999999,4.344,2.272,10000.0
12,79353.0,9921.552,3.846,2.677,10000.0
12,79354.0,9958.056999999999,4.375,2.622,10000.0
12,79355.0,10125.536,6.145,4.941,10000.0
12,79356.0,9934.566,5.038,2.224,10000.0
12,79357.0,10126.057,4.375,3.619,10000.0
12,79358.0,10643.364000000001,75.362,1.958,10000.0
12,79359.0,9261.689,4.192,3.308,10000.0
12,79360.0,9995.731000000002,5.84,6.295,10000.0
12,79361.0,10295.705,39.639,4.853,10000.0
12,79362.0,9925.352,30.027,3.972,10000.0
12,79363.0,10219.755000000001,44.866,3.585,10000.0
12,79364.0,9652.498000000001,39.368,4.371,10000.0
12,79365.0,9928.801,13.503,12.278,10000.0
12,79366.0,9973.556999999999,6.887,4.839,10000.0
12,79367.0,10117.537,6.024,4.832,10000.0
12,79368.0,9875.511999999999,11.083,3.853,10000.0
12,79369.0,9969.230000000001,5.517,12.413,10000.0
12,79370.0,10074.046,5.283,3.307,10000.0
12,79371.0,12164.803,14.269,5.356,10000.0
12,79372.0,7866.117,5.043,3.644,10000.0
12,79373.0,9893.941,4.746,2.163,10000.0
12,79374.0,10090.511999999999,6.028,1.877,10000.0
12,79375.0,10063.713,6.795,2.169,10000.0
12,79376.0,9933.319,5.809,2.783,10000.0
12,79377.0,10185.661,6.914,5.352,10000.0
12,79378.0,9798.077000000001,5.454,2.602,10000.0
12,79379.0,10190.163,7.454,3.978,10000.0
12,79380.0,10110.652,219.994,2.538,10000.0
12,79381.0,9786.868,4.915,4.065,10000.0
12,79382.0,10392.894,6.85,3.436,10000.0
12,79383.0,9452.58,5.999,3.091,10000.0
12,79384.0,10432.327,6.231,3.555,10000.0
12,79385.0,9522.04,6.988,5.018,10000.0
12,79386.0,11240.785999999998,5.242,3.032,10000.0
12,79387.0,8909.988000000001,12.859,21.973,10000.0
12,79388.0,9942.456,5.185,2.112,10000.0
12,79389.0,10037.703,4.864,2.574,10000.0
12,79390.0,9908.297999999999,6.17,2.448,10000.0
12,79391.0,10084.3,4.826,2.987,10000.0
12,79392.0,9946.784,6.642,4.019,10000.0
12,79393.0,11239.981,10.064,3.729,10000.0
12,79394.0,8774.355,5.824,3.28,10000.0
12,79395.0,10011.095,5.602,4.701,10000.0
12,79396.0,12099.442000000001,4.345,2.341,10000.0
12,79397.0,8028.946,39.412,5.557,10000.0
12,79398.0,10001.715,6.55,3.587,10000.0
12,79399.0,9906.662,4.22,2.203,10000.0
12,79400.0,10181.136,38.538,15.023,10000.0
12,79401.0,9838.965,17.839,20.882,10000.0
12,79402.0,10163.079,44.073,2.711,10000.0
12,79403.0,10160.875,39.917,4.277,10000.0
12,79404.0,9599.585000000001,5.533,3.141,10000.0
12,79405.0,10127.44,14.052,7.595,10000.0
12,79406.0,9878.460000000001,6.439,1.871,10000.0
12,79407.0,10002.367999999999,5.805,4.507,10000.0
12,79408.0,10028.016000000001,6.866,3.951,10000.0
12,79409.0,9917.286,5.132,2.488,10000.0
12,79410.0,9992.824,4.066,2.083,10000.0
12,79411.0,10144.686,6.902,5.007,10000.0
12,79412.0,9974.836000000001,6.167,2.284,10000.0
12,79413.0,10003.845000000001,4.836,2.536,10000.0
12,79414.0,9981.035,4.131,2.201,10000.0
12,79415.0,9926.723,4.003,2.63,10000.0
12,79416.0,9981.342,4.082,3.179,10000.0
12,79417.0,10471.814,37.23,9.956,10000.0
12,79418.0,9719.055,19.081,4.725,10000.0
12,79419.0,10020.727,6.752,3.092,10000.0
12,79420.0,9947.43,30.137,7.434,10000.0
12,79421.0,9918.171999999999,3.425,2.798,10000.0
12,79422.0,9972.416,6.523,5.438,10000.0
12,79423.0,9947.78,4.121,2.044,10000.0
12,79424.0,10095.333,6.613,2.856,10000.0
12,79425.0,10222.84,5.671,3.307,10000.0
12,79426.0,9699.804,6.93,3.799,10000.0
12,79427.0,9986.443,5.634,3.809,10000.0
12,79428.0,10016.856,5.776,3.822,10000.0
12,79429.0,10174.912,43.205,2.694,10000.0
12,79430.0,9951.164,8.88,7.728,10000.0
12,79431.0,10956.015,37.427,4.241,10000.0
12,79432.0,9102.198,5.191,3.738,10000.0
12,79433.0,10966.312,9.845,3.267,10000.0
12,79434.0,8938.511,70.485,3.513,10000.0
12,79435.0,9945.014000000001,5.746,6.465,10000.0
12,79436.0,10043.472,5.608,2.88,10000.0
12,79437.0,9993.766,5.065,2.199,10000.0
12,79438.0,10383.352,4.971,3.342,10000.0
12,79439.0,9569.412,4.59,2.041,10000.0
12,79440.0,9960.841999999999,4.004,2.346,10000.0
12,79441.0,10851.998,5.071,1.865,10000.0
12,79442.0,9209.148000000001,5.498,4.529,10000.0
12,79443.0,9936.369,3.968,1.877,10000.0
12,79444.0,10283.035,5.112,3.002,10000.0
12,79445.0,9750.648000000001,4.964,3.2,10000.0
12,79446.0,10036.148,4.554,3.218,10000.0
12,79447.0,10142.574,38.359,3.254,10000.0
12,79448.0,9833.577,6.242,1.976,10000.0
12,79449.0,10093.815,4.423,1.874,10000.0
12,79450.0,9972.229000000001,7.493,6.371,10000.0
12,79451.0,10198.528,6.651,17.745,10000.0
12,79452.0,9886.206999999999,30.104,2.664,10000.0
12,79453.0,9906.592,10.148,2.28,10000.0
12,79454.0,10084.973,20.057,26.098,10000.0
12,79455.0,9831.029,8.951,3.77,10000.0
12,79456.0,10057.699999999999,11.65,2.518,10000.0
12,79457.0,9957.093,4.8,4.174,10000.0
12,79458.0,9998.865,5.183,3.01,10000.0
12,79459.0,9965.393,4.805,3.332,10000.0
12,79460.0,10878.203,6.259,1.762,10000.0
12,79461.0,9218.296,4.955,17.048,10000.0
12,79462.0,9922.669,5.888,2.216,10000.0
12,79463.0,9984.681,6.217,4.229,10000.0
12,79464.0,10024.52,5.944,2.378,10000.0
12,79465.0,11193.336,7.049,3.363,10000.0
12,79466.0,11302.768,5.756,3.758,10000.0
12,79467.0,7498.922,6.169,3.487,10000.0
12,79468.0,10059.071,5.658,3.509,10000.0
12,79469.0,9952.873,9.091,6.838,10000.0
12,79470.0,9993.068000000001,5.266,5.344,10000.0
12,79471.0,12767.947,5.265,3.991,10000.0
12,79472.0,7461.464,14.059,5.116,10000.0
12,79473.0,10026.441,7.241,2.936,10000.0
12,79474.0,9817.332999999999,13.273,4.778,10000.0
12,79475.0,10381.932,9.654,6.725,10000.0
12,79476.0,9542.785,4.865,2.613,10000.0
12,79477.0,10081.152,6.947,2.801,10000.0
12,79478.0,10104.277,5.104,3.377,10000.0
12,79479.0,9806.787,4.653,5.341,10000.0
12,79480.0,10011.261,5.141,3.191,10000.0
12,79481.0,9976.119,4.932,3.474,10000.0
12,79482.0,10105.162,6.788,3.425,10000.0
12,79483.0,9850.286999999998,3.913,1.654,10000.0
12,79484.0,10091.130000000001,4.706,2.042,10000.0
12,79485.0,9956.8,5.69,1.601,10000.0
12,79486.0,11169.118,6.045,2.666,10000.0
12,79487.0,9044.885,223.159,4.455,10000.0
12,79488.0,10059.197,36.758,17.291,10000.0
12,79489.0,33789.576,32.695,9.675,10000.0
12,79490.0,8172.8679999999995,40.679,6.171,10000.0
12,79491.0,10758.645,6.297,4.01,10000.0
12,79492.0,7148.865,9.158,8.388,10000.0
12,79493.0,9995.181,6.26,4.634,10000.0
12,79494.0,9863.5,4.497,2.676,10000.0
12,79495.0,10199.958,52.693,3.341,10000.0
12,79496.0,9889.339,5.61,2.77,10000.0
12,79497.0,9919.543,7.346,5.78,10000.0
12,79498.0,12086.154999999999,6.122,2.959,10000.0
12,79499.0,8061.33,38.043,22.561,10000.0
12,79500.0,9998.265,8.78,3.62,10000.0
12,79501.0,9986.583,9.332,5.76,10000.0
12,79502.0,9987.239,5.796,3.617,10000.0
12,79503.0,9867.487,6.052,5.888,10000.0
12,79504.0,9997.92,5.756,5.42,10000.0
12,79505.0,10091.007000000001,4.65,7.369,10000.0
12,79506.0,9913.742999999999,4.391,9.301,10000.0
12,79507.0,10070.594000000001,5.417,86.158,10000.0
12,79508.0,9953.795,5.285,3.088,10000.0
12,79509.0,10658.113000000001,6.497,4.235,10000.0
12,79510.0,9453.625,6.695,4.925,10000.0
12,79511.0,9884.483,6.363,4.364,10000.0
12,79512.0,10131.832,5.205,2.066,10000.0
12,79513.0,10071.94,6.811,4.906,10000.0
12,79514.0,9786.154999999999,5.635,4.704,10000.0
12,79515.0,10018.802,4.903,4.657,10000.0
12,79516.0,10085.75,5.432,5.712,10000.0
12,79517.0,9977.791,7.401,5.503,10000.0
12,79518.0,9970.524,41.77,5.231,10000.0
12,79519.0,11040.479000000001,6.604,5.306,10000.0
12,79520.0,8974.082,14.695,34.806,10000.0
12,79521.0,10031.662,8.587,7.072,10000.0
12,79522.0,9989.598,29.452,5.396,10000.0
12,79523.0,10096.892,19.543,6.13,10000.0
12,79524.0,9911.349,5.283,119.299,10000.0
12,79525.0,10014.827000000001,15.283,5.306,10000.0
12,79526.0,10633.843,6.455,3.541,10000.0
12,79527.0,9256.07,5.755,4.445,10000.0
12,79528.0,10424.728,5.103,3.46,10000.0
12,79529.0,10391.368999999999,7.969,4.954,10000.0
12,79530.0,10325.69,8.638,5.528,10000.0
12,79531.0,9506.442000000001,40.997,7.159,10000.0
12,79532.0,9370.261,7.784,4.166,10000.0
12,79533.0,10096.476,9.634,6.867,10000.0
12,79534.0,10062.34,5.709,5.15,10000.0
12,79535.0,9970.698,6.955,6.889,10000.0
12,79536.0,10131.127999999999,7.985,5.425,10000.0
12,79537.0,9965.935000000001,34.691,2.014,10000.0
12,79538.0,9865.625,6.85,4.333,10000.0
12,79539.0,9934.147,8.613,4.421,10000.0
12,79540.0,10116.5,32.391,4.823,10000.0
12,79541.0,10068.898,26.588,7.485,10000.0
12,79542.0,9802.578,7.517,7.971,10000.0
12,79543.0,10023.591,5.97,20.992,10000.0
12,79544.0,10092.458,11.549,3.458,10000.0
12,79545.0,10268.647,12.704,5.866,10000.0
12,79546.0,10314.627,5.551,4.29,10000.0
12,79547.0,10436.854000000001,7.852,1.84,10000.0
12,79548.0,8949.149,51.19,3.214,10000.0
12,79549.0,9929.418000000001,5.0,2.758,10000.0
12,79550.0,10236.394,29.945,4.488,10000.0
12,79551.0,10786.327,20.649,7.307,10000.0
12,79552.0,9185.047999999999,19.628,30.82,10000.0
12,79553.0,9766.36,5.467,5.525,10000.0
12,79554.0,10017.632,7.004,3.634,10000.0
12,79555.0,10130.484,8.211,5.143,10000.0
12,79556.0,9861.596,6.838,4.319,10000.0
12,79557.0,9972.157000000001,5.711,2.428,10000.0
12,79558.0,10233.499,26.482,2.887,10000.0
12,79559.0,9910.607,6.238,3.243,10000.0
12,79560.0,9969.090999999999,6.828,3.108,10000.0
12,79561.0,10074.694,52.078,2.929,10000.0
12,79562.0,9983.017,7.632,17.632,10000.0
12,79563.0,10565.731,4.168,20.399,10000.0
12,79564.0,9345.753999999999,66.334,4.986,10000.0
12,79565.0,10029.276,4.5,2.885,10000.0
12,79566.0,9883.373000000001,7.981,8.614,10000.0
12,79567.0,10021.943,4.995,3.215,10000.0
12,79568.0,9976.862,5.211,2.152,10000.0
12,79569.0,10004.891,6.979,5.973,10000.0
12,79570.0,10199.864,34.86,2.904,10000.0
12,79571.0,9980.561000000002,43.34,5.452,10000.0
12,79572.0,9921.967,5.16,6.556,10000.0
12,79573.0,9957.059000000001,7.247,3.672,10000.0
12,79574.0,9968.567,7.909,3.13,10000.0
12,79575.0,9974.158,6.093,23.325,10000.0
12,79576.0,10181.349,52.44,2.162,10000.0
12,79577.0,9879.594000000001,5.481,9.036,10000.0
12,79578.0,9926.875,5.476,17.668,10000.0
12,79579.0,10053.972,4.929,3.329,10000.0
12,79580.0,9957.984,7.557,5.923,10000.0
12,79581.0,10448.881,8.585,5.887,10000.0
12,79582.0,9595.426000000001,7.987,4.688,10000.0
12,79583.0,9948.848999999998,4.122,1.773,10000.0
12,79584.0,10171.334,33.375,7.395,10000.0
12,79585.0,9960.923999999999,9.407,8.707,10000.0
12,79586.0,9878.289999999999,6.176,2.166,10000.0
12,79587.0,9980.262999999999,6.794,4.029,10000.0
12,79588.0,10164.418,93.544,4.439,10000.0
12,79589.0,9879.161,7.62,4.326,10000.0
12,79590.0,9942.998,4.122,4.249,10000.0
12,79591.0,10065.023,6.66,3.029,10000.0
12,79592.0,10009.176,5.028,2.411,10000.0
12,79593.0,9904.626,7.644,4.66,10000.0
12,79594.0,10163.735,9.553,15.795,10000.0
12,79595.0,9875.195,5.698,6.668,10000.0
12,79596.0,10038.646,6.525,4.235,10000.0
12,79597.0,10089.077,8.094,6.763,10000.0
12,79598.0,9933.322,4.869,2.024,10000.0
12,79599.0,9930.595000000001,4.509,4.186,10000.0
12,79600.0,10001.678,5.601,2.64,10000.0
12,79601.0,10312.313,97.6,2.519,10000.0
12,79602.0,10931.018,7.385,4.922,10000.0
12,79603.0,9002.476,18.93,3.809,10000.0
12,79604.0,9866.710000000001,5.242,2.12,10000.0
12,79605.0,9930.471,6.089,40.626,10000.0
12,79606.0,10028.832999999999,11.003,4.554,10000.0
12,79607.0,10180.025,12.301,11.645,10000.0
12,79608.0,9957.237000000001,15.497,17.442,10000.0
12,79609.0,10083.854,5.447,1.432,10000.0
12,79610.0,10030.251,10.013,5.196,10000.0
12,79611.0,9801.562,7.146,5.979,10000.0
12,79612.0,9975.815,59.918,3.467,10000.0
12,79613.0,9903.775,4.458,2.218,10000.0
12,79614.0,10075.436,10.554,3.879,10000.0
12,79615.0,10461.023,7.709,3.105,10000.0
12,79616.0,9662.081,1248.516,10.396,10000.0
12,79617.0,9796.091999999999,7.327,4.56,10000.0
12,79618.0,11114.993999999999,5.209,3.041,10000.0
12,79619.0,8898.929999999998,9.252,9.683,10000.0
12,79620.0,10368.809,42.439,23.73,10000.0
12,79621.0,9690.008,16.85,2.348,10000.0
12,79622.0,10204.190999999999,17.223,6.337,10000.0
12,79623.0,9727.679,8.562,2.562,10000.0
12,79624.0,10046.866,7.782,6.571,10000.0
12,79625.0,10133.05,17.779,6.833,10000.0
12,79626.0,9926.785,5.685,2.514,10000.0
12,79627.0,9929.809,7.027,3.449,10000.0
12,79628.0,9957.896,5.487,2.827,10000.0
12,79629.0,10049.098,5.126,6.518,10000.0
12,79630.0,9966.398,3.682,2.209,10000.0
12,79631.0,10227.902,5.182,2.939,10000.0
12,79632.0,9782.506,6.176,5.168,10000.0
12,79633.0,9991.321,5.139,2.048,10000.0
12,79634.0,10018.76,5.596,3.086,10000.0
12,79635.0,10186.141,9.006,2.052,10000.0
12,79636.0,9814.737000000001,5.431,2.715,10000.0
12,79637.0,9981.815,4.263,2.151,10000.0
12,79638.0,9999.107,5.292,3.567,10000.0
12,79639.0,10024.422,4.566,4.537,10000.0
12,79640.0,9956.322,4.973,3.221,10000.0
12,79641.0,11302.31,6.624,3.368,10000.0
12,79642.0,8783.129,3.57,3.018,10000.0
12,79643.0,10124.922999999999,38.243,4.437,10000.0
12,79644.0,10938.803,6.79,4.954,10000.0
12,79645.0,8912.751999999999,19.138,19.682,10000.0
12,79646.0,10231.684,39.445,16.524,10000.0
12,79647.0,10960.780999999999,46.536,6.035,10000.0
12,79648.0,8773.236,487.091,2.968,10000.0
12,79649.0,10434.901,6.981,2.455,10000.0
12,79650.0,10149.008,12.207,4.851,10000.0
12,79651.0,9510.057,4.578,2.279,10000.0
12,79652.0,9933.39,8.881,5.62,10000.0
12,79653.0,10157.662,7.516,13.769,10000.0
12,79654.0,10386.14,6.444,6.346,10000.0
12,79655.0,9512.163,6.663,6.886,10000.0
12,79656.0,9905.011999999999,5.997,4.776,10000.0
12,79657.0,10036.629,5.93,5.114,10000.0
12,79658.0,9953.203000000001,3.815,4.266,10000.0
12,79659.0,10357.619,9.754,2.915,10000.0
12,79660.0,9650.925,5.187,2.933,10000.0
12,79661.0,9997.403,4.745,4.548,10000.0
12,79662.0,10013.466,4.713,2.774,10000.0
12,79663.0,10007.667,6.327,16.096,10000.0
12,79664.0,9976.066,5.067,3.431,10000.0
12,79665.0,10357.504,25.622,28.515,10000.0
12,79666.0,10563.695,4.534,1.318,10000.0
12,79667.0,9183.794,7.214,3.733,10000.0
12,79668.0,10288.933,6.711,5.003,10000.0
12,79669.0,9694.245,46.755,4.62,10000.0
12,79670.0,9945.01,16.143,32.268,10000.0
12,79671.0,10248.621,12.409,4.779,10000.0
12,79672.0,9903.694,9.253,17.185,10000.0
12,79673.0,10313.863,4.512,1.664,10000.0
12,79674.0,9492.702000000001,3.931,2.021,10000.0
12,79675.0,10122.37,4.754,2.726,10000.0
12,79676.0,9890.612,3.958,1.752,10000.0
12,79677.0,10009.983,6.237,3.527,10000.0
12,79678.0,9971.522,3.721,2.759,10000.0
12,79679.0,10156.704000000002,5.266,2.092,10000.0
12,79680.0,9900.65,6.674,10.001,10000.0
12,79681.0,10130.494999999999,4.76,3.464,10000.0
12,79682.0,9951.939,6.25,3.517,10000.0
12,79683.0,11164.678000000002,4.594,2.448,10000.0
12,79684.0,9943.151000000002,7.295,4.447,10000.0
12,79685.0,9101.857,6.467,5.242,10000.0
12,79686.0,9779.681,5.514,4.518,10000.0
12,79687.0,9918.384,8.555,4.688,10000.0
12,79688.0,10146.608999999999,7.26,6.252,10000.0
12,79689.0,9815.446,5.84,12.277,10000.0
12,79690.0,10047.376,5.249,3.688,10000.0
12,79691.0,10088.639,5.126,3.001,10000.0
12,79692.0,10870.982,7.271,3.215,10000.0
12,79693.0,10278.777,4.941,6.509,10000.0
12,79694.0,9871.401,7.287,3.938,10000.0
12,79695.0,9015.386,43.051,3.889,10000.0
12,79696.0,9892.710000000001,8.121,5.976,10000.0
12,79697.0,10350.828,52.958,4.114,10000.0
12,79698.0,10085.812,36.431,14.679,10000.0
12,79699.0,9785.220000000001,35.731,2.712,10000.0
12,79700.0,9865.793,6.285,2.551,10000.0
12,79701.0,9936.867,5.238,4.575,10000.0
12,79702.0,9996.597,416.642,4.753,10000.0
12,79703.0,10028.98,5.72,20.215,10000.0
12,79704.0,9914.472,7.181,5.545,10000.0
12,79705.0,12034.996,7.278,3.104,10000.0
12,79706.0,7940.763,5.027,2.49,10000.0
12,79707.0,10197.876999999999,36.167,13.499,10000.0
12,79708.0,10295.548999999999,14.299,2.604,10000.0
12,79709.0,9580.542,6.046,3.27,10000.0
12,79710.0,9983.014000000001,6.473,4.347,10000.0
12,79711.0,10009.957,15.118,2.375,10000.0
12,79712.0,10173.476,13.93,3.288,10000.0
12,79713.0,9787.697999999999,12.509,4.144,10000.0
12,79714.0,10030.471,9.214,5.987,10000.0
12,79715.0,10021.685000000001,5.953,3.059,10000.0
12,79716.0,10254.710000000001,6.008,3.056,10000.0
12,79717.0,9733.386,6.373,1.835,10000.0
12,79718.0,9962.072,6.841,4.632,10000.0
12,79719.0,9984.082,4.184,2.164,10000.0
12,79720.0,10016.096,6.077,3.979,10000.0
12,79721.0,10735.715,7.648,6.506,10000.0
12,79722.0,9254.912,4.469,2.39,10000.0
12,79723.0,9992.938999999998,4.735,1.903,10000.0
12,79724.0,10025.378,4.82,3.723,10000.0
12,79725.0,10339.131,5.088,2.866,10000.0
12,79726.0,9796.365,5.693,3.699,10000.0
12,79727.0,9806.925,5.984,4.78,10000.0
12,79728.0,10031.188,5.926,2.911,10000.0
